#NettingSet,AssetClass,HedgingSet,AddOn,NPV,IndependentAmountHeld,InitialMargin,VariationMargin,ThresholdAmount,MinimumTransferAmount,RC,Multiplier,PFE,EAD,RW,CC
All,All,All,,77711.108545,,,,,,,,,,,1719864.855298
CPTY_A,All,All,1150763.788096,77711.108545,0.000000,0.000000,0.000000,0.000000,0.000000,77711.108545,1.000000,1150763.788096,1719864.855298,1.000000,1719864.855298
CPTY_A,IR,All,1150763.788096,77711.108545,,,,,,,,,,,
CPTY_A,IR,EUR,605326.833240,-363.321687,,,,,,,,,,,
CPTY_A,IR,USD,545436.954856,78074.430232,,,,,,,,,,,
