#TradeId,Factor,Up/Down,Base NPV,ShiftSize_1,ShiftSize_2,Scenario NPV,Difference
Trade1,DiscountCurve/USD/3/2026-04,Up,-1072413.27,0.000100,#N/A,-1072411.03,2.24
Trade1,DiscountCurve/USD/4/2026-05,Up,-1072413.27,0.000100,#N/A,-1072403.28,9.99
Trade1,DiscountCurve/USD/6/2026-07,Up,-1072413.27,0.000100,#N/A,-1072406.97,6.29
Trade1,DiscountCurve/USD/7/2026-08,Up,-1072413.27,0.000100,#N/A,-1072390.98,22.29
Trade1,IndexCurve/USD-SOFR/0/1D,Up,-1072413.27,0.000100,#N/A,-1072440.67,-27.40
Trade1,IndexCurve/USD-SOFR/3/2026-04,Up,-1072413.27,0.000100,#N/A,-1072409.98,3.28
Trade1,IndexCurve/USD-SOFR/4/2026-05,Up,-1072413.27,0.000100,#N/A,-1072398.56,14.71
Trade1,IndexCurve/USD-SOFR/6/2026-07,Up,-1072413.27,0.000100,#N/A,-1071329.24,1084.03
Trade1,IndexCurve/USD-SOFR/7/2026-08,Up,-1072413.27,0.000100,#N/A,-1068574.43,3838.83
