PrincipalComponent,v_0,v_1,kappa_0,kappa_1
0,-0.588532683439193,0.509142101871443,1.185750418100081,0.018952355318211
1,3.815901091628230,-3.212698456644633,0.088303115013055,0.044840216283311
