PrincipalComponent,v_0,v_1,kappa_0,kappa_1
0,-1.420583940272324,0.497231217371345,4.999988991191790,0.030518781407245
1,-3.471382561295197,4.002516729809783,0.035026772752432,0.072320887260362
