PrincipalComponent,v_0,v_1,kappa_0,kappa_1
0,0.411973990715314,-0.698491441219914,0.009713413447651,5.000000000000000
1,-3.888586906048517,4.528778892607551,0.064472436948031,0.111778556601269
