2022-01-31,BASIS_SWAP/BASIS_SPREAD/3M/6M/EUR/10Y,0.0003576000
2022-01-31,BASIS_SWAP/BASIS_SPREAD/3M/6M/EUR/12Y,0.0002791000
2022-01-31,BASIS_SWAP/BASIS_SPREAD/3M/6M/EUR/15Y,0.0001606000
2022-01-31,BASIS_SWAP/BASIS_SPREAD/3M/6M/EUR/20Y,0.0000315000
2022-01-31,BASIS_SWAP/BASIS_SPREAD/3M/6M/EUR/25Y,-0.0000668000
2022-01-31,BASIS_SWAP/BASIS_SPREAD/3M/6M/EUR/2Y,0.0003165000
2022-01-31,BASIS_SWAP/BASIS_SPREAD/3M/6M/EUR/30Y,-0.0001419000
2022-01-31,BASIS_SWAP/BASIS_SPREAD/3M/6M/EUR/3Y,0.0003752000
2022-01-31,BASIS_SWAP/BASIS_SPREAD/3M/6M/EUR/4Y,0.0004349000
2022-01-31,BASIS_SWAP/BASIS_SPREAD/3M/6M/EUR/5Y,0.0004646000
2022-01-31,BASIS_SWAP/BASIS_SPREAD/3M/6M/EUR/6Y,0.0004746000
2022-01-31,BASIS_SWAP/BASIS_SPREAD/3M/6M/EUR/7Y,0.0004648000
2022-01-31,BASIS_SWAP/BASIS_SPREAD/3M/6M/EUR/8Y,0.0004319000
2022-01-31,BASIS_SWAP/BASIS_SPREAD/3M/6M/EUR/9Y,0.0004031000
2022-01-31,CC_BASIS_SWAP/BASIS_SPREAD/USD/1D/EUR/1D/10Y,-0.0020562500
2022-01-31,CC_BASIS_SWAP/BASIS_SPREAD/USD/1D/EUR/1D/12Y,-0.0020687500
2022-01-31,CC_BASIS_SWAP/BASIS_SPREAD/USD/1D/EUR/1D/15Y,-0.0020031500
2022-01-31,CC_BASIS_SWAP/BASIS_SPREAD/USD/1D/EUR/1D/20Y,-0.0018375000
2022-01-31,CC_BASIS_SWAP/BASIS_SPREAD/USD/1D/EUR/1D/25Y,-0.0016406500
2022-01-31,CC_BASIS_SWAP/BASIS_SPREAD/USD/1D/EUR/1D/2Y,-0.0019625000
2022-01-31,CC_BASIS_SWAP/BASIS_SPREAD/USD/1D/EUR/1D/30Y,-0.0014594000
2022-01-31,CC_BASIS_SWAP/BASIS_SPREAD/USD/1D/EUR/1D/3Y,-0.0019656500
2022-01-31,CC_BASIS_SWAP/BASIS_SPREAD/USD/1D/EUR/1D/40Y,-0.0009625000
2022-01-31,CC_BASIS_SWAP/BASIS_SPREAD/USD/1D/EUR/1D/4Y,-0.0019781500
2022-01-31,CC_BASIS_SWAP/BASIS_SPREAD/USD/1D/EUR/1D/50Y,-0.0005062500
2022-01-31,CC_BASIS_SWAP/BASIS_SPREAD/USD/1D/EUR/1D/5Y,-0.0019906500
2022-01-31,CC_BASIS_SWAP/BASIS_SPREAD/USD/1D/EUR/1D/6Y,-0.0020000000
2022-01-31,CC_BASIS_SWAP/BASIS_SPREAD/USD/1D/EUR/1D/7Y,-0.0020031500
2022-01-31,CC_BASIS_SWAP/BASIS_SPREAD/USD/1D/EUR/1D/8Y,-0.0020219000
2022-01-31,CC_BASIS_SWAP/BASIS_SPREAD/USD/1D/EUR/1D/9Y,-0.0020312500
2022-01-31,CC_BASIS_SWAP/BASIS_SPREAD/USD/3M/GBP/3M/10Y,-0.0000470000
2022-01-31,CC_BASIS_SWAP/BASIS_SPREAD/USD/3M/GBP/3M/12Y,0.0000161000
2022-01-31,CC_BASIS_SWAP/BASIS_SPREAD/USD/3M/GBP/3M/15Y,0.0000088000
2022-01-31,CC_BASIS_SWAP/BASIS_SPREAD/USD/3M/GBP/3M/20Y,-0.0000147000
2022-01-31,CC_BASIS_SWAP/BASIS_SPREAD/USD/3M/GBP/3M/2Y,-0.0009173000
2022-01-31,CC_BASIS_SWAP/BASIS_SPREAD/USD/3M/GBP/3M/30Y,0.0003529000
2022-01-31,CC_BASIS_SWAP/BASIS_SPREAD/USD/3M/GBP/3M/3Y,-0.0006797000
2022-01-31,CC_BASIS_SWAP/BASIS_SPREAD/USD/3M/GBP/3M/4Y,-0.0005657000
2022-01-31,CC_BASIS_SWAP/BASIS_SPREAD/USD/3M/GBP/3M/5Y,-0.0004772000
2022-01-31,CC_BASIS_SWAP/BASIS_SPREAD/USD/3M/GBP/3M/6Y,-0.0003863000
2022-01-31,CC_BASIS_SWAP/BASIS_SPREAD/USD/3M/GBP/3M/7Y,-0.0002898000
2022-01-31,CC_BASIS_SWAP/BASIS_SPREAD/USD/3M/GBP/3M/8Y,-0.0001955000
2022-01-31,CC_BASIS_SWAP/BASIS_SPREAD/USD/3M/GBP/3M/9Y,-0.0001122000
2022-01-31,CORRELATION/RATE/FX-GENERIC-GBP-USD/FX-GENERIC-EUR-USD/1Y/ATM,0.6331165000
2022-01-31,FRA/RATE/EUR/12M/3M,-0.0009000000
2022-01-31,FRA/RATE/EUR/12M/6M,0.0004000000
2022-01-31,FRA/RATE/EUR/15M/3M,0.0008700000
2022-01-31,FRA/RATE/EUR/18M/3M,0.0020500000
2022-01-31,FRA/RATE/EUR/1M/3M,-0.0054000000
2022-01-31,FRA/RATE/EUR/1M/6M,-0.0048500000
2022-01-31,FRA/RATE/EUR/2M/3M,-0.0051330000
2022-01-31,FRA/RATE/EUR/2M/6M,-0.0044600000
2022-01-31,FRA/RATE/EUR/3M/3M,-0.0048830000
2022-01-31,FRA/RATE/EUR/3M/6M,-0.0041500000
2022-01-31,FRA/RATE/EUR/4M/3M,-0.0046130000
2022-01-31,FRA/RATE/EUR/4M/6M,-0.0037500000
2022-01-31,FRA/RATE/EUR/5M/3M,-0.0042600000
2022-01-31,FRA/RATE/EUR/5M/6M,-0.0033200000
2022-01-31,FRA/RATE/EUR/6M/3M,-0.0038900000
2022-01-31,FRA/RATE/EUR/6M/6M,-0.0028700000
2022-01-31,FRA/RATE/EUR/7M/3M,-0.0035000000
2022-01-31,FRA/RATE/EUR/8M/3M,-0.0031000000
2022-01-31,FRA/RATE/EUR/9M/3M,-0.0026000000
2022-01-31,FRA/RATE/EUR/9M/6M,-0.0014000000
2022-01-31,FRA/RATE/USD/1M/3M,0.0046290000
2022-01-31,FRA/RATE/USD/2M/3M,0.0061400000
2022-01-31,FRA/RATE/USD/3M/3M,0.0073700000
2022-01-31,FRA/RATE/USD/4M/3M,0.0088100000
2022-01-31,FRA/RATE/USD/5M/3M,0.0097530000
2022-01-31,FRA/RATE/USD/6M/3M,0.0106090000
2022-01-31,FRA/RATE/USD/7M/3M,0.0116730000
2022-01-31,FRA/RATE/USD/8M/3M,0.0126400000
2022-01-31,FRA/RATE/USD/9M/3M,0.0134400000
2022-01-31,FX/RATE/EUR/USD,1.1235000000
2022-01-31,FX/RATE/GBP/USD,1.3448500000
2022-01-31,FXFWD/RATE/EUR/USD/10M,125.0800000000
2022-01-31,FXFWD/RATE/EUR/USD/11M,145.9450000000
2022-01-31,FXFWD/RATE/EUR/USD/15M,213.1100000000
2022-01-31,FXFWD/RATE/EUR/USD/18M,260.2150000000
2022-01-31,FXFWD/RATE/EUR/USD/1M,6.2700000000
2022-01-31,FXFWD/RATE/EUR/USD/1W,1.5600000000
2022-01-31,FXFWD/RATE/EUR/USD/1Y,163.1500000000
2022-01-31,FXFWD/RATE/EUR/USD/21M,315.3300000000
2022-01-31,FXFWD/RATE/EUR/USD/2M,16.0400000000
2022-01-31,FXFWD/RATE/EUR/USD/2W,3.1000000000
2022-01-31,FXFWD/RATE/EUR/USD/3M,25.1400000000
2022-01-31,FXFWD/RATE/EUR/USD/3W,4.6700000000
2022-01-31,FXFWD/RATE/EUR/USD/4M,37.0100000000
2022-01-31,FXFWD/RATE/EUR/USD/5M,50.9800000000
2022-01-31,FXFWD/RATE/EUR/USD/6M,63.5750000000
2022-01-31,FXFWD/RATE/EUR/USD/7M,78.4750000000
2022-01-31,FXFWD/RATE/EUR/USD/8M,93.2450000000
2022-01-31,FXFWD/RATE/EUR/USD/9M,109.5200000000
2022-01-31,FXFWD/RATE/EUR/USD/ON,0.2300000000
2022-01-31,FXFWD/RATE/EUR/USD/SN,0.2200000000
2022-01-31,FXFWD/RATE/EUR/USD/TN,0.2200000000
2022-01-31,FXFWD/RATE/GBP/USD/10M,-19.2150000000
2022-01-31,FXFWD/RATE/GBP/USD/11M,-17.2350000000
2022-01-31,FXFWD/RATE/GBP/USD/15M,-20.7400000000
2022-01-31,FXFWD/RATE/GBP/USD/18M,-19.6350000000
2022-01-31,FXFWD/RATE/GBP/USD/1M,-2.5100000000
2022-01-31,FXFWD/RATE/GBP/USD/1W,-0.5950000000
2022-01-31,FXFWD/RATE/GBP/USD/1Y,-18.2750000000
2022-01-31,FXFWD/RATE/GBP/USD/21M,-8.5000000000
2022-01-31,FXFWD/RATE/GBP/USD/2M,-4.6800000000
2022-01-31,FXFWD/RATE/GBP/USD/2W,-1.2350000000
2022-01-31,FXFWD/RATE/GBP/USD/3M,-6.3850000000
2022-01-31,FXFWD/RATE/GBP/USD/3W,-1.8800000000
2022-01-31,FXFWD/RATE/GBP/USD/4M,-8.6750000000
2022-01-31,FXFWD/RATE/GBP/USD/5M,-10.2550000000
2022-01-31,FXFWD/RATE/GBP/USD/6M,-11.8500000000
2022-01-31,FXFWD/RATE/GBP/USD/7M,-14.4950000000
2022-01-31,FXFWD/RATE/GBP/USD/8M,-16.3650000000
2022-01-31,FXFWD/RATE/GBP/USD/9M,-17.8400000000
2022-01-31,FXFWD/RATE/GBP/USD/ON,0.0950000000
2022-01-31,FXFWD/RATE/GBP/USD/SN,-0.0150000000
2022-01-31,FXFWD/RATE/GBP/USD/TN,-0.0070000000
2022-01-31,FX_OPTION/RATE_LNVOL/EUR/USD/10Y/10BF,0.0152500000
2022-01-31,FX_OPTION/RATE_LNVOL/EUR/USD/10Y/10RR,-0.0027100000
2022-01-31,FX_OPTION/RATE_LNVOL/EUR/USD/10Y/25BF,0.0040500000
2022-01-31,FX_OPTION/RATE_LNVOL/EUR/USD/10Y/25RR,-0.0018100000
2022-01-31,FX_OPTION/RATE_LNVOL/EUR/USD/10Y/ATM,0.0774800000
2022-01-31,FX_OPTION/RATE_LNVOL/EUR/USD/1D/10BF,0.0042500000
2022-01-31,FX_OPTION/RATE_LNVOL/EUR/USD/1D/10RR,-0.0074800000
2022-01-31,FX_OPTION/RATE_LNVOL/EUR/USD/1D/25BF,0.0011600000
2022-01-31,FX_OPTION/RATE_LNVOL/EUR/USD/1D/25RR,-0.0038600000
2022-01-31,FX_OPTION/RATE_LNVOL/EUR/USD/1D/ATM,0.0754000000
2022-01-31,FX_OPTION/RATE_LNVOL/EUR/USD/1M/10BF,0.0047100000
2022-01-31,FX_OPTION/RATE_LNVOL/EUR/USD/1M/10RR,-0.0064700000
2022-01-31,FX_OPTION/RATE_LNVOL/EUR/USD/1M/25BF,0.0012800000
2022-01-31,FX_OPTION/RATE_LNVOL/EUR/USD/1M/25RR,-0.0033200000
2022-01-31,FX_OPTION/RATE_LNVOL/EUR/USD/1M/ATM,0.0602000000
2022-01-31,FX_OPTION/RATE_LNVOL/EUR/USD/1W/10BF,0.0042800000
2022-01-31,FX_OPTION/RATE_LNVOL/EUR/USD/1W/10RR,-0.0072500000
2022-01-31,FX_OPTION/RATE_LNVOL/EUR/USD/1W/25BF,0.0011700000
2022-01-31,FX_OPTION/RATE_LNVOL/EUR/USD/1W/25RR,-0.0037300000
2022-01-31,FX_OPTION/RATE_LNVOL/EUR/USD/1W/ATM,0.0659000000
2022-01-31,FX_OPTION/RATE_LNVOL/EUR/USD/1Y/10BF,0.0112000000
2022-01-31,FX_OPTION/RATE_LNVOL/EUR/USD/1Y/10RR,-0.0094700000
2022-01-31,FX_OPTION/RATE_LNVOL/EUR/USD/1Y/25BF,0.0030100000
2022-01-31,FX_OPTION/RATE_LNVOL/EUR/USD/1Y/25RR,-0.0047800000
2022-01-31,FX_OPTION/RATE_LNVOL/EUR/USD/1Y/ATM,0.0614000000
2022-01-31,FX_OPTION/RATE_LNVOL/EUR/USD/2M/10BF,0.0053500000
2022-01-31,FX_OPTION/RATE_LNVOL/EUR/USD/2M/10RR,-0.0069000000
2022-01-31,FX_OPTION/RATE_LNVOL/EUR/USD/2M/25BF,0.0014600000
2022-01-31,FX_OPTION/RATE_LNVOL/EUR/USD/2M/25RR,-0.0035300000
2022-01-31,FX_OPTION/RATE_LNVOL/EUR/USD/2M/ATM,0.0604000000
2022-01-31,FX_OPTION/RATE_LNVOL/EUR/USD/2Y/10BF,0.0118800000
2022-01-31,FX_OPTION/RATE_LNVOL/EUR/USD/2Y/10RR,-0.0073800000
2022-01-31,FX_OPTION/RATE_LNVOL/EUR/USD/2Y/25BF,0.0031700000
2022-01-31,FX_OPTION/RATE_LNVOL/EUR/USD/2Y/25RR,-0.0037800000
2022-01-31,FX_OPTION/RATE_LNVOL/EUR/USD/2Y/ATM,0.0651300000
2022-01-31,FX_OPTION/RATE_LNVOL/EUR/USD/3M/10BF,0.0065100000
2022-01-31,FX_OPTION/RATE_LNVOL/EUR/USD/3M/10RR,-0.0090700000
2022-01-31,FX_OPTION/RATE_LNVOL/EUR/USD/3M/25BF,0.0017700000
2022-01-31,FX_OPTION/RATE_LNVOL/EUR/USD/3M/25RR,-0.0046200000
2022-01-31,FX_OPTION/RATE_LNVOL/EUR/USD/3M/ATM,0.0609000000
2022-01-31,FX_OPTION/RATE_LNVOL/EUR/USD/3Y/10BF,0.0126800000
2022-01-31,FX_OPTION/RATE_LNVOL/EUR/USD/3Y/10RR,-0.0052800000
2022-01-31,FX_OPTION/RATE_LNVOL/EUR/USD/3Y/25BF,0.0033800000
2022-01-31,FX_OPTION/RATE_LNVOL/EUR/USD/3Y/25RR,-0.0027900000
2022-01-31,FX_OPTION/RATE_LNVOL/EUR/USD/3Y/ATM,0.0676400000
2022-01-31,FX_OPTION/RATE_LNVOL/EUR/USD/5Y/10BF,0.0142200000
2022-01-31,FX_OPTION/RATE_LNVOL/EUR/USD/5Y/10RR,-0.0032700000
2022-01-31,FX_OPTION/RATE_LNVOL/EUR/USD/5Y/25BF,0.0037900000
2022-01-31,FX_OPTION/RATE_LNVOL/EUR/USD/5Y/25RR,-0.0019000000
2022-01-31,FX_OPTION/RATE_LNVOL/EUR/USD/5Y/ATM,0.0738600000
2022-01-31,FX_OPTION/RATE_LNVOL/EUR/USD/6M/10BF,0.0089600000
2022-01-31,FX_OPTION/RATE_LNVOL/EUR/USD/6M/10RR,-0.0094300000
2022-01-31,FX_OPTION/RATE_LNVOL/EUR/USD/6M/25BF,0.0024200000
2022-01-31,FX_OPTION/RATE_LNVOL/EUR/USD/6M/25RR,-0.0047700000
2022-01-31,FX_OPTION/RATE_LNVOL/EUR/USD/6M/ATM,0.0613000000
2022-01-31,FX_OPTION/RATE_LNVOL/EUR/USD/7Y/10BF,0.0170000000
2022-01-31,FX_OPTION/RATE_LNVOL/EUR/USD/7Y/10RR,-0.0030000000
2022-01-31,FX_OPTION/RATE_LNVOL/EUR/USD/7Y/25BF,0.0047500000
2022-01-31,FX_OPTION/RATE_LNVOL/EUR/USD/7Y/25RR,-0.0017500000
2022-01-31,FX_OPTION/RATE_LNVOL/EUR/USD/7Y/ATM,0.0755000000
2022-01-31,FX_OPTION/RATE_LNVOL/EUR/USD/9M/10BF,0.0104000000
2022-01-31,FX_OPTION/RATE_LNVOL/EUR/USD/9M/10RR,-0.0095000000
2022-01-31,FX_OPTION/RATE_LNVOL/EUR/USD/9M/25BF,0.0028000000
2022-01-31,FX_OPTION/RATE_LNVOL/EUR/USD/9M/25RR,-0.0047900000
2022-01-31,FX_OPTION/RATE_LNVOL/EUR/USD/9M/ATM,0.0613000000
2022-01-31,FX_OPTION/RATE_LNVOL/GBP/USD/10Y/10BF,0.0131100000
2022-01-31,FX_OPTION/RATE_LNVOL/GBP/USD/10Y/10RR,-0.0285000000
2022-01-31,FX_OPTION/RATE_LNVOL/GBP/USD/10Y/25BF,0.0035400000
2022-01-31,FX_OPTION/RATE_LNVOL/GBP/USD/10Y/25RR,-0.0146900000
2022-01-31,FX_OPTION/RATE_LNVOL/GBP/USD/10Y/ATM,0.1001400000
2022-01-31,FX_OPTION/RATE_LNVOL/GBP/USD/18M/ATM,0.0778000000
2022-01-31,FX_OPTION/RATE_LNVOL/GBP/USD/1D/10BF,0.0059000000
2022-01-31,FX_OPTION/RATE_LNVOL/GBP/USD/1D/10RR,-0.0120500000
2022-01-31,FX_OPTION/RATE_LNVOL/GBP/USD/1D/25BF,0.0016100000
2022-01-31,FX_OPTION/RATE_LNVOL/GBP/USD/1D/25RR,-0.0061800000
2022-01-31,FX_OPTION/RATE_LNVOL/GBP/USD/1D/ATM,0.0797000000
2022-01-31,FX_OPTION/RATE_LNVOL/GBP/USD/1M/10BF,0.0062100000
2022-01-31,FX_OPTION/RATE_LNVOL/GBP/USD/1M/10RR,-0.0141000000
2022-01-31,FX_OPTION/RATE_LNVOL/GBP/USD/1M/25BF,0.0016800000
2022-01-31,FX_OPTION/RATE_LNVOL/GBP/USD/1M/25RR,-0.0071800000
2022-01-31,FX_OPTION/RATE_LNVOL/GBP/USD/1M/ATM,0.0650000000
2022-01-31,FX_OPTION/RATE_LNVOL/GBP/USD/1W/10BF,0.0059000000
2022-01-31,FX_OPTION/RATE_LNVOL/GBP/USD/1W/10RR,-0.0128900000
2022-01-31,FX_OPTION/RATE_LNVOL/GBP/USD/1W/25BF,0.0016100000
2022-01-31,FX_OPTION/RATE_LNVOL/GBP/USD/1W/25RR,-0.0065800000
2022-01-31,FX_OPTION/RATE_LNVOL/GBP/USD/1W/ATM,0.0690000000
2022-01-31,FX_OPTION/RATE_LNVOL/GBP/USD/1Y/10BF,0.0148800000
2022-01-31,FX_OPTION/RATE_LNVOL/GBP/USD/1Y/10RR,-0.0243500000
2022-01-31,FX_OPTION/RATE_LNVOL/GBP/USD/1Y/25BF,0.0039000000
2022-01-31,FX_OPTION/RATE_LNVOL/GBP/USD/1Y/25RR,-0.0120300000
2022-01-31,FX_OPTION/RATE_LNVOL/GBP/USD/1Y/ATM,0.0743000000
2022-01-31,FX_OPTION/RATE_LNVOL/GBP/USD/2M/10BF,0.0070000000
2022-01-31,FX_OPTION/RATE_LNVOL/GBP/USD/2M/10RR,-0.0163000000
2022-01-31,FX_OPTION/RATE_LNVOL/GBP/USD/2M/25BF,0.0019000000
2022-01-31,FX_OPTION/RATE_LNVOL/GBP/USD/2M/25RR,-0.0082800000
2022-01-31,FX_OPTION/RATE_LNVOL/GBP/USD/2M/ATM,0.0665000000
2022-01-31,FX_OPTION/RATE_LNVOL/GBP/USD/2W/ATM,0.0645900000
2022-01-31,FX_OPTION/RATE_LNVOL/GBP/USD/2Y/10BF,0.0163900000
2022-01-31,FX_OPTION/RATE_LNVOL/GBP/USD/2Y/10RR,-0.0254000000
2022-01-31,FX_OPTION/RATE_LNVOL/GBP/USD/2Y/25BF,0.0043600000
2022-01-31,FX_OPTION/RATE_LNVOL/GBP/USD/2Y/25RR,-0.0127100000
2022-01-31,FX_OPTION/RATE_LNVOL/GBP/USD/2Y/ATM,0.0787500000
2022-01-31,FX_OPTION/RATE_LNVOL/GBP/USD/3M/10BF,0.0083200000
2022-01-31,FX_OPTION/RATE_LNVOL/GBP/USD/3M/10RR,-0.0176800000
2022-01-31,FX_OPTION/RATE_LNVOL/GBP/USD/3M/25BF,0.0022400000
2022-01-31,FX_OPTION/RATE_LNVOL/GBP/USD/3M/25RR,-0.0089300000
2022-01-31,FX_OPTION/RATE_LNVOL/GBP/USD/3M/ATM,0.0683000000
2022-01-31,FX_OPTION/RATE_LNVOL/GBP/USD/3W/ATM,0.0636200000
2022-01-31,FX_OPTION/RATE_LNVOL/GBP/USD/3Y/10BF,0.0163900000
2022-01-31,FX_OPTION/RATE_LNVOL/GBP/USD/3Y/10RR,-0.0264600000
2022-01-31,FX_OPTION/RATE_LNVOL/GBP/USD/3Y/25BF,0.0043700000
2022-01-31,FX_OPTION/RATE_LNVOL/GBP/USD/3Y/25RR,-0.0133400000
2022-01-31,FX_OPTION/RATE_LNVOL/GBP/USD/3Y/ATM,0.0842100000
2022-01-31,FX_OPTION/RATE_LNVOL/GBP/USD/4M/ATM,0.0692900000
2022-01-31,FX_OPTION/RATE_LNVOL/GBP/USD/4Y/ATM,0.0902500000
2022-01-31,FX_OPTION/RATE_LNVOL/GBP/USD/5M/ATM,0.0703600000
2022-01-31,FX_OPTION/RATE_LNVOL/GBP/USD/5Y/10BF,0.0147600000
2022-01-31,FX_OPTION/RATE_LNVOL/GBP/USD/5Y/10RR,-0.0288000000
2022-01-31,FX_OPTION/RATE_LNVOL/GBP/USD/5Y/25BF,0.0039700000
2022-01-31,FX_OPTION/RATE_LNVOL/GBP/USD/5Y/25RR,-0.0147000000
2022-01-31,FX_OPTION/RATE_LNVOL/GBP/USD/5Y/ATM,0.0957300000
2022-01-31,FX_OPTION/RATE_LNVOL/GBP/USD/6M/10BF,0.0114500000
2022-01-31,FX_OPTION/RATE_LNVOL/GBP/USD/6M/10RR,-0.0207700000
2022-01-31,FX_OPTION/RATE_LNVOL/GBP/USD/6M/25BF,0.0030500000
2022-01-31,FX_OPTION/RATE_LNVOL/GBP/USD/6M/25RR,-0.0103700000
2022-01-31,FX_OPTION/RATE_LNVOL/GBP/USD/6M/ATM,0.0705000000
2022-01-31,FX_OPTION/RATE_LNVOL/GBP/USD/6W/ATM,0.0657800000
2022-01-31,FX_OPTION/RATE_LNVOL/GBP/USD/6Y/ATM,0.0972700000
2022-01-31,FX_OPTION/RATE_LNVOL/GBP/USD/7Y/ATM,0.0993000000
2022-01-31,FX_OPTION/RATE_LNVOL/GBP/USD/8Y/ATM,0.1014800000
2022-01-31,FX_OPTION/RATE_LNVOL/GBP/USD/9M/10BF,0.0134000000
2022-01-31,FX_OPTION/RATE_LNVOL/GBP/USD/9M/10RR,-0.0226200000
2022-01-31,FX_OPTION/RATE_LNVOL/GBP/USD/9M/25BF,0.0035400000
2022-01-31,FX_OPTION/RATE_LNVOL/GBP/USD/9M/25RR,-0.0112200000
2022-01-31,FX_OPTION/RATE_LNVOL/GBP/USD/9M/ATM,0.0720000000
2022-01-31,FX_OPTION/RATE_LNVOL/GBP/USD/9Y/ATM,0.1030800000
2022-01-31,IR_SWAP/RATE/EUR/2D/6M/10Y,0.0046000000
2022-01-31,IR_SWAP/RATE/EUR/2D/6M/12Y,0.0053000000
2022-01-31,IR_SWAP/RATE/EUR/2D/6M/15Y,0.0059900000
2022-01-31,IR_SWAP/RATE/EUR/2D/6M/20Y,0.0061400000
2022-01-31,IR_SWAP/RATE/EUR/2D/6M/25Y,0.0057450000
2022-01-31,IR_SWAP/RATE/EUR/2D/6M/2Y,-0.0011500000
2022-01-31,IR_SWAP/RATE/EUR/2D/6M/30Y,0.0050600000
2022-01-31,IR_SWAP/RATE/EUR/2D/6M/3Y,0.0006800000
2022-01-31,IR_SWAP/RATE/EUR/2D/6M/40Y,0.0040340000
2022-01-31,IR_SWAP/RATE/EUR/2D/6M/4Y,0.0017000000
2022-01-31,IR_SWAP/RATE/EUR/2D/6M/50Y,0.0032940000
2022-01-31,IR_SWAP/RATE/EUR/2D/6M/5Y,0.0023400000
2022-01-31,IR_SWAP/RATE/EUR/2D/6M/6Y,0.0028200000
2022-01-31,IR_SWAP/RATE/EUR/2D/6M/7Y,0.0032700000
2022-01-31,IR_SWAP/RATE/EUR/2D/6M/8Y,0.0037400000
2022-01-31,IR_SWAP/RATE/EUR/2D/6M/9Y,0.0041900000
2022-01-31,IR_SWAP/RATE/EUR/ESTER/2D/1D/10M,-0.0050960000
2022-01-31,IR_SWAP/RATE/EUR/ESTER/2D/1D/10Y,0.0026490000
2022-01-31,IR_SWAP/RATE/EUR/ESTER/2D/1D/11M,-0.0049440000
2022-01-31,IR_SWAP/RATE/EUR/ESTER/2D/1D/11Y,0.0030700000
2022-01-31,IR_SWAP/RATE/EUR/ESTER/2D/1D/12Y,0.0034560000
2022-01-31,IR_SWAP/RATE/EUR/ESTER/2D/1D/15M,-0.0041990000
2022-01-31,IR_SWAP/RATE/EUR/ESTER/2D/1D/15Y,0.0043130000
2022-01-31,IR_SWAP/RATE/EUR/ESTER/2D/1D/18M,-0.0035670000
2022-01-31,IR_SWAP/RATE/EUR/ESTER/2D/1D/1M,-0.0057520000
2022-01-31,IR_SWAP/RATE/EUR/ESTER/2D/1D/1W,-0.0057600000
2022-01-31,IR_SWAP/RATE/EUR/ESTER/2D/1D/1Y,-0.0047550000
2022-01-31,IR_SWAP/RATE/EUR/ESTER/2D/1D/20Y,0.0047070000
2022-01-31,IR_SWAP/RATE/EUR/ESTER/2D/1D/21M,-0.0029650000
2022-01-31,IR_SWAP/RATE/EUR/ESTER/2D/1D/25Y,0.0044910000
2022-01-31,IR_SWAP/RATE/EUR/ESTER/2D/1D/2M,-0.0057430000
2022-01-31,IR_SWAP/RATE/EUR/ESTER/2D/1D/2W,-0.0057550000
2022-01-31,IR_SWAP/RATE/EUR/ESTER/2D/1D/2Y,-0.0024020000
2022-01-31,IR_SWAP/RATE/EUR/ESTER/2D/1D/30Y,0.0040430000
2022-01-31,IR_SWAP/RATE/EUR/ESTER/2D/1D/3M,-0.0057220000
2022-01-31,IR_SWAP/RATE/EUR/ESTER/2D/1D/3W,-0.0057530000
2022-01-31,IR_SWAP/RATE/EUR/ESTER/2D/1D/3Y,-0.0008090000
2022-01-31,IR_SWAP/RATE/EUR/ESTER/2D/1D/40Y,0.0031950000
2022-01-31,IR_SWAP/RATE/EUR/ESTER/2D/1D/4M,-0.0056930000
2022-01-31,IR_SWAP/RATE/EUR/ESTER/2D/1D/4Y,0.0000320000
2022-01-31,IR_SWAP/RATE/EUR/ESTER/2D/1D/50Y,0.0025960000
2022-01-31,IR_SWAP/RATE/EUR/ESTER/2D/1D/5M,-0.0056280000
2022-01-31,IR_SWAP/RATE/EUR/ESTER/2D/1D/5Y,0.0005210000
2022-01-31,IR_SWAP/RATE/EUR/ESTER/2D/1D/60Y,0.0021780000
2022-01-31,IR_SWAP/RATE/EUR/ESTER/2D/1D/6M,-0.0055540000
2022-01-31,IR_SWAP/RATE/EUR/ESTER/2D/1D/6Y,0.0009040000
2022-01-31,IR_SWAP/RATE/EUR/ESTER/2D/1D/7M,-0.0054640000
2022-01-31,IR_SWAP/RATE/EUR/ESTER/2D/1D/7Y,0.0013020000
2022-01-31,IR_SWAP/RATE/EUR/ESTER/2D/1D/8M,-0.0053470000
2022-01-31,IR_SWAP/RATE/EUR/ESTER/2D/1D/8Y,0.0017500000
2022-01-31,IR_SWAP/RATE/EUR/ESTER/2D/1D/9M,-0.0052300000
2022-01-31,IR_SWAP/RATE/EUR/ESTER/2D/1D/9Y,0.0022090000
2022-01-31,IR_SWAP/RATE/GBP/2D/1D/10M,0.0095300000
2022-01-31,IR_SWAP/RATE/GBP/2D/1D/10Y,0.0122800000
2022-01-31,IR_SWAP/RATE/GBP/2D/1D/11M,0.0099600000
2022-01-31,IR_SWAP/RATE/GBP/2D/1D/12Y,0.0121300000
2022-01-31,IR_SWAP/RATE/GBP/2D/1D/15M,0.0113400000
2022-01-31,IR_SWAP/RATE/GBP/2D/1D/15Y,0.0118600000
2022-01-31,IR_SWAP/RATE/GBP/2D/1D/18M,0.0121500000
2022-01-31,IR_SWAP/RATE/GBP/2D/1D/1M,0.0041300000
2022-01-31,IR_SWAP/RATE/GBP/2D/1D/1W,0.0033500000
2022-01-31,IR_SWAP/RATE/GBP/2D/1D/1Y,0.0103600000
2022-01-31,IR_SWAP/RATE/GBP/2D/1D/20Y,0.0114200000
2022-01-31,IR_SWAP/RATE/GBP/2D/1D/21M,0.0127600000
2022-01-31,IR_SWAP/RATE/GBP/2D/1D/25Y,0.0110200000
2022-01-31,IR_SWAP/RATE/GBP/2D/1D/2M,0.0047200000
2022-01-31,IR_SWAP/RATE/GBP/2D/1D/2W,0.0038700000
2022-01-31,IR_SWAP/RATE/GBP/2D/1D/2Y,0.0132400000
2022-01-31,IR_SWAP/RATE/GBP/2D/1D/30Y,0.0106700000
2022-01-31,IR_SWAP/RATE/GBP/2D/1D/3M,0.0052300000
2022-01-31,IR_SWAP/RATE/GBP/2D/1D/3Y,0.0138100000
2022-01-31,IR_SWAP/RATE/GBP/2D/1D/40Y,0.0098000000
2022-01-31,IR_SWAP/RATE/GBP/2D/1D/4M,0.0060000000
2022-01-31,IR_SWAP/RATE/GBP/2D/1D/4Y,0.0136200000
2022-01-31,IR_SWAP/RATE/GBP/2D/1D/50Y,0.0089500000
2022-01-31,IR_SWAP/RATE/GBP/2D/1D/5M,0.0066600000
2022-01-31,IR_SWAP/RATE/GBP/2D/1D/5Y,0.0133000000
2022-01-31,IR_SWAP/RATE/GBP/2D/1D/60Y,0.0083300000
2022-01-31,IR_SWAP/RATE/GBP/2D/1D/6M,0.0072400000
2022-01-31,IR_SWAP/RATE/GBP/2D/1D/6Y,0.0129900000
2022-01-31,IR_SWAP/RATE/GBP/2D/1D/7M,0.0079600000
2022-01-31,IR_SWAP/RATE/GBP/2D/1D/7Y,0.0127100000
2022-01-31,IR_SWAP/RATE/GBP/2D/1D/8M,0.0085400000
2022-01-31,IR_SWAP/RATE/GBP/2D/1D/8Y,0.0125100000
2022-01-31,IR_SWAP/RATE/GBP/2D/1D/9M,0.0090400000
2022-01-31,IR_SWAP/RATE/GBP/2D/1D/9Y,0.0123700000
2022-01-31,IR_SWAP/RATE/USD/2D/3M/10Y,0.0185400000
2022-01-31,IR_SWAP/RATE/USD/2D/3M/12Y,0.0190100000
2022-01-31,IR_SWAP/RATE/USD/2D/3M/15Y,0.0194900000
2022-01-31,IR_SWAP/RATE/USD/2D/3M/20Y,0.0197560000
2022-01-31,IR_SWAP/RATE/USD/2D/3M/25Y,0.0196200000
2022-01-31,IR_SWAP/RATE/USD/2D/3M/2Y,0.0131900000
2022-01-31,IR_SWAP/RATE/USD/2D/3M/30Y,0.0193800000
2022-01-31,IR_SWAP/RATE/USD/2D/3M/3Y,0.0152400000
2022-01-31,IR_SWAP/RATE/USD/2D/3M/40Y,0.0183000000
2022-01-31,IR_SWAP/RATE/USD/2D/3M/4Y,0.0162100000
2022-01-31,IR_SWAP/RATE/USD/2D/3M/50Y,0.0170700000
2022-01-31,IR_SWAP/RATE/USD/2D/3M/5Y,0.0167950000
2022-01-31,IR_SWAP/RATE/USD/2D/3M/6Y,0.0173300000
2022-01-31,IR_SWAP/RATE/USD/2D/3M/7Y,0.0177200000
2022-01-31,IR_SWAP/RATE/USD/2D/3M/8Y,0.0180200000
2022-01-31,IR_SWAP/RATE/USD/2D/3M/9Y,0.0182400000
2022-01-31,IR_SWAP/RATE/USD/SOFR/0D/1D/10M,0.0064600000
2022-01-31,IR_SWAP/RATE/USD/SOFR/0D/1D/10Y,0.0160400000
2022-01-31,IR_SWAP/RATE/USD/SOFR/0D/1D/11M,0.0069400000
2022-01-31,IR_SWAP/RATE/USD/SOFR/0D/1D/12Y,0.0163800000
2022-01-31,IR_SWAP/RATE/USD/SOFR/0D/1D/15Y,0.0168600000
2022-01-31,IR_SWAP/RATE/USD/SOFR/0D/1D/1M,0.0004800000
2022-01-31,IR_SWAP/RATE/USD/SOFR/0D/1D/1Y,0.0074600000
2022-01-31,IR_SWAP/RATE/USD/SOFR/0D/1D/20Y,0.0170700000
2022-01-31,IR_SWAP/RATE/USD/SOFR/0D/1D/25Y,0.0168800000
2022-01-31,IR_SWAP/RATE/USD/SOFR/0D/1D/2M,0.0013400000
2022-01-31,IR_SWAP/RATE/USD/SOFR/0D/1D/2W,0.0004600000
2022-01-31,IR_SWAP/RATE/USD/SOFR/0D/1D/2Y,0.0114400000
2022-01-31,IR_SWAP/RATE/USD/SOFR/0D/1D/30Y,0.0165900000
2022-01-31,IR_SWAP/RATE/USD/SOFR/0D/1D/3M,0.0019900000
2022-01-31,IR_SWAP/RATE/USD/SOFR/0D/1D/3W,0.0004800000
2022-01-31,IR_SWAP/RATE/USD/SOFR/0D/1D/3Y,0.0131500000
2022-01-31,IR_SWAP/RATE/USD/SOFR/0D/1D/4M,0.0028900000
2022-01-31,IR_SWAP/RATE/USD/SOFR/0D/1D/4Y,0.0140200000
2022-01-31,IR_SWAP/RATE/USD/SOFR/0D/1D/5M,0.0036400000
2022-01-31,IR_SWAP/RATE/USD/SOFR/0D/1D/5Y,0.0145000000
2022-01-31,IR_SWAP/RATE/USD/SOFR/0D/1D/6M,0.0042600000
2022-01-31,IR_SWAP/RATE/USD/SOFR/0D/1D/6Y,0.0149800000
2022-01-31,IR_SWAP/RATE/USD/SOFR/0D/1D/7M,0.0048300000
2022-01-31,IR_SWAP/RATE/USD/SOFR/0D/1D/7Y,0.0153500000
2022-01-31,IR_SWAP/RATE/USD/SOFR/0D/1D/8M,0.0054500000
2022-01-31,IR_SWAP/RATE/USD/SOFR/0D/1D/8Y,0.0155500000
2022-01-31,IR_SWAP/RATE/USD/SOFR/0D/1D/9M,0.0060000000
2022-01-31,IR_SWAP/RATE/USD/SOFR/0D/1D/9Y,0.0157405000
2022-01-31,MM/RATE/EUR/2D/3M,-0.0055200000
2022-01-31,MM/RATE/EUR/2D/6M,-0.0051400000
2022-01-31,MM/RATE/EUR/ESTER/0D/1D,-0.0057900000
2022-01-31,MM/RATE/GBP/0D/1D,0.0019570000
2022-01-31,MM/RATE/USD/2D/3M,0.0030886000
2022-01-31,MM/RATE/USD/SOFR/0D/1D,0.0005000000
2022-01-31,SWAPTION/RATE_NVOL/EUR/10Y/10Y/ATM,0.0060670000
2022-01-31,SWAPTION/RATE_NVOL/EUR/10Y/10Y/Smile/-0.0025,0.0059090000
2022-01-31,SWAPTION/RATE_NVOL/EUR/10Y/10Y/Smile/-0.005,0.0057440000
2022-01-31,SWAPTION/RATE_NVOL/EUR/10Y/10Y/Smile/-0.01,0.0053850000
2022-01-31,SWAPTION/RATE_NVOL/EUR/10Y/10Y/Smile/-0.015,0.0049740000
2022-01-31,SWAPTION/RATE_NVOL/EUR/10Y/10Y/Smile/-0.02,0.0044730000
2022-01-31,SWAPTION/RATE_NVOL/EUR/10Y/10Y/Smile/0.0025,0.0062180000
2022-01-31,SWAPTION/RATE_NVOL/EUR/10Y/10Y/Smile/0.005,0.0063640000
2022-01-31,SWAPTION/RATE_NVOL/EUR/10Y/10Y/Smile/0.01,0.0066410000
2022-01-31,SWAPTION/RATE_NVOL/EUR/10Y/10Y/Smile/0.015,0.0069030000
2022-01-31,SWAPTION/RATE_NVOL/EUR/10Y/10Y/Smile/0.02,0.0071510000
2022-01-31,SWAPTION/RATE_NVOL/EUR/10Y/15Y/ATM,0.0058200000
2022-01-31,SWAPTION/RATE_NVOL/EUR/10Y/15Y/Smile/-0.0025,0.0056610000
2022-01-31,SWAPTION/RATE_NVOL/EUR/10Y/15Y/Smile/-0.005,0.0054940000
2022-01-31,SWAPTION/RATE_NVOL/EUR/10Y/15Y/Smile/-0.01,0.0051300000
2022-01-31,SWAPTION/RATE_NVOL/EUR/10Y/15Y/Smile/-0.015,0.0047080000
2022-01-31,SWAPTION/RATE_NVOL/EUR/10Y/15Y/Smile/-0.02,0.0041780000
2022-01-31,SWAPTION/RATE_NVOL/EUR/10Y/15Y/Smile/0.0025,0.0059720000
2022-01-31,SWAPTION/RATE_NVOL/EUR/10Y/15Y/Smile/0.005,0.0061180000
2022-01-31,SWAPTION/RATE_NVOL/EUR/10Y/15Y/Smile/0.01,0.0063960000
2022-01-31,SWAPTION/RATE_NVOL/EUR/10Y/15Y/Smile/0.015,0.0066570000
2022-01-31,SWAPTION/RATE_NVOL/EUR/10Y/15Y/Smile/0.02,0.0069040000
2022-01-31,SWAPTION/RATE_NVOL/EUR/10Y/1Y/ATM,0.0065690000
2022-01-31,SWAPTION/RATE_NVOL/EUR/10Y/1Y/Smile/-0.0025,0.0064110000
2022-01-31,SWAPTION/RATE_NVOL/EUR/10Y/1Y/Smile/-0.005,0.0062450000
2022-01-31,SWAPTION/RATE_NVOL/EUR/10Y/1Y/Smile/-0.01,0.0058860000
2022-01-31,SWAPTION/RATE_NVOL/EUR/10Y/1Y/Smile/-0.015,0.0054750000
2022-01-31,SWAPTION/RATE_NVOL/EUR/10Y/1Y/Smile/-0.02,0.0049800000
2022-01-31,SWAPTION/RATE_NVOL/EUR/10Y/1Y/Smile/0.0025,0.0067210000
2022-01-31,SWAPTION/RATE_NVOL/EUR/10Y/1Y/Smile/0.005,0.0068670000
2022-01-31,SWAPTION/RATE_NVOL/EUR/10Y/1Y/Smile/0.01,0.0071450000
2022-01-31,SWAPTION/RATE_NVOL/EUR/10Y/1Y/Smile/0.015,0.0074060000
2022-01-31,SWAPTION/RATE_NVOL/EUR/10Y/1Y/Smile/0.02,0.0076530000
2022-01-31,SWAPTION/RATE_NVOL/EUR/10Y/20Y/ATM,0.0056430000
2022-01-31,SWAPTION/RATE_NVOL/EUR/10Y/20Y/Smile/-0.0025,0.0055720000
2022-01-31,SWAPTION/RATE_NVOL/EUR/10Y/20Y/Smile/-0.005,0.0055240000
2022-01-31,SWAPTION/RATE_NVOL/EUR/10Y/20Y/Smile/-0.01,0.0054760000
2022-01-31,SWAPTION/RATE_NVOL/EUR/10Y/20Y/Smile/-0.015,0.0054440000
2022-01-31,SWAPTION/RATE_NVOL/EUR/10Y/20Y/Smile/-0.02,0.0053270000
2022-01-31,SWAPTION/RATE_NVOL/EUR/10Y/20Y/Smile/0.0025,0.0057390000
2022-01-31,SWAPTION/RATE_NVOL/EUR/10Y/20Y/Smile/0.005,0.0058610000
2022-01-31,SWAPTION/RATE_NVOL/EUR/10Y/20Y/Smile/0.01,0.0061770000
2022-01-31,SWAPTION/RATE_NVOL/EUR/10Y/20Y/Smile/0.015,0.0065690000
2022-01-31,SWAPTION/RATE_NVOL/EUR/10Y/20Y/Smile/0.02,0.0070120000
2022-01-31,SWAPTION/RATE_NVOL/EUR/10Y/25Y/ATM,0.0055020000
2022-01-31,SWAPTION/RATE_NVOL/EUR/10Y/25Y/Smile/-0.0025,0.0054300000
2022-01-31,SWAPTION/RATE_NVOL/EUR/10Y/25Y/Smile/-0.005,0.0053810000
2022-01-31,SWAPTION/RATE_NVOL/EUR/10Y/25Y/Smile/-0.01,0.0053330000
2022-01-31,SWAPTION/RATE_NVOL/EUR/10Y/25Y/Smile/-0.015,0.0053030000
2022-01-31,SWAPTION/RATE_NVOL/EUR/10Y/25Y/Smile/-0.02,0.0051920000
2022-01-31,SWAPTION/RATE_NVOL/EUR/10Y/25Y/Smile/0.0025,0.0055990000
2022-01-31,SWAPTION/RATE_NVOL/EUR/10Y/25Y/Smile/0.005,0.0057220000
2022-01-31,SWAPTION/RATE_NVOL/EUR/10Y/25Y/Smile/0.01,0.0060380000
2022-01-31,SWAPTION/RATE_NVOL/EUR/10Y/25Y/Smile/0.015,0.0064280000
2022-01-31,SWAPTION/RATE_NVOL/EUR/10Y/25Y/Smile/0.02,0.0068680000
2022-01-31,SWAPTION/RATE_NVOL/EUR/10Y/2Y/ATM,0.0065760000
2022-01-31,SWAPTION/RATE_NVOL/EUR/10Y/2Y/Smile/-0.0025,0.0065020000
2022-01-31,SWAPTION/RATE_NVOL/EUR/10Y/2Y/Smile/-0.005,0.0064500000
2022-01-31,SWAPTION/RATE_NVOL/EUR/10Y/2Y/Smile/-0.01,0.0063970000
2022-01-31,SWAPTION/RATE_NVOL/EUR/10Y/2Y/Smile/-0.015,0.0063770000
2022-01-31,SWAPTION/RATE_NVOL/EUR/10Y/2Y/Smile/-0.02,0.0063260000
2022-01-31,SWAPTION/RATE_NVOL/EUR/10Y/2Y/Smile/0.0025,0.0066740000
2022-01-31,SWAPTION/RATE_NVOL/EUR/10Y/2Y/Smile/0.005,0.0067970000
2022-01-31,SWAPTION/RATE_NVOL/EUR/10Y/2Y/Smile/0.01,0.0071120000
2022-01-31,SWAPTION/RATE_NVOL/EUR/10Y/2Y/Smile/0.015,0.0075020000
2022-01-31,SWAPTION/RATE_NVOL/EUR/10Y/2Y/Smile/0.02,0.0079480000
2022-01-31,SWAPTION/RATE_NVOL/EUR/10Y/30Y/ATM,0.0053710000
2022-01-31,SWAPTION/RATE_NVOL/EUR/10Y/30Y/Smile/-0.0025,0.0052980000
2022-01-31,SWAPTION/RATE_NVOL/EUR/10Y/30Y/Smile/-0.005,0.0052490000
2022-01-31,SWAPTION/RATE_NVOL/EUR/10Y/30Y/Smile/-0.01,0.0052010000
2022-01-31,SWAPTION/RATE_NVOL/EUR/10Y/30Y/Smile/-0.015,0.0051720000
2022-01-31,SWAPTION/RATE_NVOL/EUR/10Y/30Y/Smile/-0.02,0.0050670000
2022-01-31,SWAPTION/RATE_NVOL/EUR/10Y/30Y/Smile/0.0025,0.0054690000
2022-01-31,SWAPTION/RATE_NVOL/EUR/10Y/30Y/Smile/0.005,0.0055930000
2022-01-31,SWAPTION/RATE_NVOL/EUR/10Y/30Y/Smile/0.01,0.0059090000
2022-01-31,SWAPTION/RATE_NVOL/EUR/10Y/30Y/Smile/0.015,0.0062980000
2022-01-31,SWAPTION/RATE_NVOL/EUR/10Y/30Y/Smile/0.02,0.0067340000
2022-01-31,SWAPTION/RATE_NVOL/EUR/10Y/3Y/ATM,0.0065010000
2022-01-31,SWAPTION/RATE_NVOL/EUR/10Y/3Y/Smile/-0.0025,0.0064260000
2022-01-31,SWAPTION/RATE_NVOL/EUR/10Y/3Y/Smile/-0.005,0.0063730000
2022-01-31,SWAPTION/RATE_NVOL/EUR/10Y/3Y/Smile/-0.01,0.0063210000
2022-01-31,SWAPTION/RATE_NVOL/EUR/10Y/3Y/Smile/-0.015,0.0063020000
2022-01-31,SWAPTION/RATE_NVOL/EUR/10Y/3Y/Smile/-0.02,0.0062550000
2022-01-31,SWAPTION/RATE_NVOL/EUR/10Y/3Y/Smile/0.0025,0.0066000000
2022-01-31,SWAPTION/RATE_NVOL/EUR/10Y/3Y/Smile/0.005,0.0067230000
2022-01-31,SWAPTION/RATE_NVOL/EUR/10Y/3Y/Smile/0.01,0.0070380000
2022-01-31,SWAPTION/RATE_NVOL/EUR/10Y/3Y/Smile/0.015,0.0074270000
2022-01-31,SWAPTION/RATE_NVOL/EUR/10Y/3Y/Smile/0.02,0.0078700000
2022-01-31,SWAPTION/RATE_NVOL/EUR/10Y/4Y/ATM,0.0064200000
2022-01-31,SWAPTION/RATE_NVOL/EUR/10Y/4Y/Smile/-0.0025,0.0063450000
2022-01-31,SWAPTION/RATE_NVOL/EUR/10Y/4Y/Smile/-0.005,0.0062930000
2022-01-31,SWAPTION/RATE_NVOL/EUR/10Y/4Y/Smile/-0.01,0.0062400000
2022-01-31,SWAPTION/RATE_NVOL/EUR/10Y/4Y/Smile/-0.015,0.0062220000
2022-01-31,SWAPTION/RATE_NVOL/EUR/10Y/4Y/Smile/-0.02,0.0061770000
2022-01-31,SWAPTION/RATE_NVOL/EUR/10Y/4Y/Smile/0.0025,0.0065200000
2022-01-31,SWAPTION/RATE_NVOL/EUR/10Y/4Y/Smile/0.005,0.0066430000
2022-01-31,SWAPTION/RATE_NVOL/EUR/10Y/4Y/Smile/0.01,0.0069580000
2022-01-31,SWAPTION/RATE_NVOL/EUR/10Y/4Y/Smile/0.015,0.0073470000
2022-01-31,SWAPTION/RATE_NVOL/EUR/10Y/4Y/Smile/0.02,0.0077890000
2022-01-31,SWAPTION/RATE_NVOL/EUR/10Y/5Y/ATM,0.0063280000
2022-01-31,SWAPTION/RATE_NVOL/EUR/10Y/5Y/Smile/-0.0025,0.0062530000
2022-01-31,SWAPTION/RATE_NVOL/EUR/10Y/5Y/Smile/-0.005,0.0062000000
2022-01-31,SWAPTION/RATE_NVOL/EUR/10Y/5Y/Smile/-0.01,0.0061470000
2022-01-31,SWAPTION/RATE_NVOL/EUR/10Y/5Y/Smile/-0.015,0.0061300000
2022-01-31,SWAPTION/RATE_NVOL/EUR/10Y/5Y/Smile/-0.02,0.0060860000
2022-01-31,SWAPTION/RATE_NVOL/EUR/10Y/5Y/Smile/0.0025,0.0064280000
2022-01-31,SWAPTION/RATE_NVOL/EUR/10Y/5Y/Smile/0.005,0.0065520000
2022-01-31,SWAPTION/RATE_NVOL/EUR/10Y/5Y/Smile/0.01,0.0068670000
2022-01-31,SWAPTION/RATE_NVOL/EUR/10Y/5Y/Smile/0.015,0.0072550000
2022-01-31,SWAPTION/RATE_NVOL/EUR/10Y/5Y/Smile/0.02,0.0076950000
2022-01-31,SWAPTION/RATE_NVOL/EUR/10Y/6Y/ATM,0.0062700000
2022-01-31,SWAPTION/RATE_NVOL/EUR/10Y/6Y/Smile/-0.0025,0.0061130000
2022-01-31,SWAPTION/RATE_NVOL/EUR/10Y/6Y/Smile/-0.005,0.0059480000
2022-01-31,SWAPTION/RATE_NVOL/EUR/10Y/6Y/Smile/-0.01,0.0055930000
2022-01-31,SWAPTION/RATE_NVOL/EUR/10Y/6Y/Smile/-0.015,0.0051880000
2022-01-31,SWAPTION/RATE_NVOL/EUR/10Y/6Y/Smile/-0.02,0.0047020000
2022-01-31,SWAPTION/RATE_NVOL/EUR/10Y/6Y/Smile/0.0025,0.0064210000
2022-01-31,SWAPTION/RATE_NVOL/EUR/10Y/6Y/Smile/0.005,0.0065670000
2022-01-31,SWAPTION/RATE_NVOL/EUR/10Y/6Y/Smile/0.01,0.0068440000
2022-01-31,SWAPTION/RATE_NVOL/EUR/10Y/6Y/Smile/0.015,0.0071060000
2022-01-31,SWAPTION/RATE_NVOL/EUR/10Y/6Y/Smile/0.02,0.0073540000
2022-01-31,SWAPTION/RATE_NVOL/EUR/10Y/7Y/ATM,0.0062130000
2022-01-31,SWAPTION/RATE_NVOL/EUR/10Y/7Y/Smile/-0.0025,0.0060560000
2022-01-31,SWAPTION/RATE_NVOL/EUR/10Y/7Y/Smile/-0.005,0.0058910000
2022-01-31,SWAPTION/RATE_NVOL/EUR/10Y/7Y/Smile/-0.01,0.0055360000
2022-01-31,SWAPTION/RATE_NVOL/EUR/10Y/7Y/Smile/-0.015,0.0051300000
2022-01-31,SWAPTION/RATE_NVOL/EUR/10Y/7Y/Smile/-0.02,0.0046410000
2022-01-31,SWAPTION/RATE_NVOL/EUR/10Y/7Y/Smile/0.0025,0.0063640000
2022-01-31,SWAPTION/RATE_NVOL/EUR/10Y/7Y/Smile/0.005,0.0065100000
2022-01-31,SWAPTION/RATE_NVOL/EUR/10Y/7Y/Smile/0.01,0.0067870000
2022-01-31,SWAPTION/RATE_NVOL/EUR/10Y/7Y/Smile/0.015,0.0070490000
2022-01-31,SWAPTION/RATE_NVOL/EUR/10Y/7Y/Smile/0.02,0.0072970000
2022-01-31,SWAPTION/RATE_NVOL/EUR/10Y/8Y/ATM,0.0061530000
2022-01-31,SWAPTION/RATE_NVOL/EUR/10Y/8Y/Smile/-0.0025,0.0060780000
2022-01-31,SWAPTION/RATE_NVOL/EUR/10Y/8Y/Smile/-0.005,0.0060260000
2022-01-31,SWAPTION/RATE_NVOL/EUR/10Y/8Y/Smile/-0.01,0.0059740000
2022-01-31,SWAPTION/RATE_NVOL/EUR/10Y/8Y/Smile/-0.015,0.0059540000
2022-01-31,SWAPTION/RATE_NVOL/EUR/10Y/8Y/Smile/-0.02,0.0059040000
2022-01-31,SWAPTION/RATE_NVOL/EUR/10Y/8Y/Smile/0.0025,0.0062530000
2022-01-31,SWAPTION/RATE_NVOL/EUR/10Y/8Y/Smile/0.005,0.0063770000
2022-01-31,SWAPTION/RATE_NVOL/EUR/10Y/8Y/Smile/0.01,0.0066920000
2022-01-31,SWAPTION/RATE_NVOL/EUR/10Y/8Y/Smile/0.015,0.0070800000
2022-01-31,SWAPTION/RATE_NVOL/EUR/10Y/8Y/Smile/0.02,0.0075190000
2022-01-31,SWAPTION/RATE_NVOL/EUR/10Y/9Y/ATM,0.0061020000
2022-01-31,SWAPTION/RATE_NVOL/EUR/10Y/9Y/Smile/-0.0025,0.0060270000
2022-01-31,SWAPTION/RATE_NVOL/EUR/10Y/9Y/Smile/-0.005,0.0059750000
2022-01-31,SWAPTION/RATE_NVOL/EUR/10Y/9Y/Smile/-0.01,0.0059230000
2022-01-31,SWAPTION/RATE_NVOL/EUR/10Y/9Y/Smile/-0.015,0.0059030000
2022-01-31,SWAPTION/RATE_NVOL/EUR/10Y/9Y/Smile/-0.02,0.0058490000
2022-01-31,SWAPTION/RATE_NVOL/EUR/10Y/9Y/Smile/0.0025,0.0062010000
2022-01-31,SWAPTION/RATE_NVOL/EUR/10Y/9Y/Smile/0.005,0.0063250000
2022-01-31,SWAPTION/RATE_NVOL/EUR/10Y/9Y/Smile/0.01,0.0066400000
2022-01-31,SWAPTION/RATE_NVOL/EUR/10Y/9Y/Smile/0.015,0.0070280000
2022-01-31,SWAPTION/RATE_NVOL/EUR/10Y/9Y/Smile/0.02,0.0074680000
2022-01-31,SWAPTION/RATE_NVOL/EUR/15Y/10Y/ATM,0.0058540000
2022-01-31,SWAPTION/RATE_NVOL/EUR/15Y/10Y/Smile/-0.0025,0.0058280000
2022-01-31,SWAPTION/RATE_NVOL/EUR/15Y/10Y/Smile/-0.005,0.0058100000
2022-01-31,SWAPTION/RATE_NVOL/EUR/15Y/10Y/Smile/-0.01,0.0057810000
2022-01-31,SWAPTION/RATE_NVOL/EUR/15Y/10Y/Smile/-0.015,0.0057100000
2022-01-31,SWAPTION/RATE_NVOL/EUR/15Y/10Y/Smile/-0.02,0.0054760000
2022-01-31,SWAPTION/RATE_NVOL/EUR/15Y/10Y/Smile/0.0025,0.0058940000
2022-01-31,SWAPTION/RATE_NVOL/EUR/15Y/10Y/Smile/0.005,0.0059510000
2022-01-31,SWAPTION/RATE_NVOL/EUR/15Y/10Y/Smile/0.01,0.0061200000
2022-01-31,SWAPTION/RATE_NVOL/EUR/15Y/10Y/Smile/0.015,0.0063630000
2022-01-31,SWAPTION/RATE_NVOL/EUR/15Y/10Y/Smile/0.02,0.0066680000
2022-01-31,SWAPTION/RATE_NVOL/EUR/15Y/15Y/ATM,0.0055380000
2022-01-31,SWAPTION/RATE_NVOL/EUR/15Y/15Y/Smile/-0.0025,0.0055140000
2022-01-31,SWAPTION/RATE_NVOL/EUR/15Y/15Y/Smile/-0.005,0.0055000000
2022-01-31,SWAPTION/RATE_NVOL/EUR/15Y/15Y/Smile/-0.01,0.0054730000
2022-01-31,SWAPTION/RATE_NVOL/EUR/15Y/15Y/Smile/-0.015,0.0053940000
2022-01-31,SWAPTION/RATE_NVOL/EUR/15Y/15Y/Smile/-0.02,0.0051060000
2022-01-31,SWAPTION/RATE_NVOL/EUR/15Y/15Y/Smile/0.0025,0.0055760000
2022-01-31,SWAPTION/RATE_NVOL/EUR/15Y/15Y/Smile/0.005,0.0056320000
2022-01-31,SWAPTION/RATE_NVOL/EUR/15Y/15Y/Smile/0.01,0.0058010000
2022-01-31,SWAPTION/RATE_NVOL/EUR/15Y/15Y/Smile/0.015,0.0060470000
2022-01-31,SWAPTION/RATE_NVOL/EUR/15Y/15Y/Smile/0.02,0.0063560000
2022-01-31,SWAPTION/RATE_NVOL/EUR/15Y/1Y/ATM,0.0062140000
2022-01-31,SWAPTION/RATE_NVOL/EUR/15Y/1Y/Smile/-0.0025,0.0061800000
2022-01-31,SWAPTION/RATE_NVOL/EUR/15Y/1Y/Smile/-0.005,0.0061560000
2022-01-31,SWAPTION/RATE_NVOL/EUR/15Y/1Y/Smile/-0.01,0.0061200000
2022-01-31,SWAPTION/RATE_NVOL/EUR/15Y/1Y/Smile/-0.015,0.0060700000
2022-01-31,SWAPTION/RATE_NVOL/EUR/15Y/1Y/Smile/-0.02,0.0059390000
2022-01-31,SWAPTION/RATE_NVOL/EUR/15Y/1Y/Smile/0.0025,0.0062610000
2022-01-31,SWAPTION/RATE_NVOL/EUR/15Y/1Y/Smile/0.005,0.0063210000
2022-01-31,SWAPTION/RATE_NVOL/EUR/15Y/1Y/Smile/0.01,0.0064900000
2022-01-31,SWAPTION/RATE_NVOL/EUR/15Y/1Y/Smile/0.015,0.0067220000
2022-01-31,SWAPTION/RATE_NVOL/EUR/15Y/1Y/Smile/0.02,0.0070090000
2022-01-31,SWAPTION/RATE_NVOL/EUR/15Y/20Y/ATM,0.0052730000
2022-01-31,SWAPTION/RATE_NVOL/EUR/15Y/20Y/Smile/-0.0025,0.0052460000
2022-01-31,SWAPTION/RATE_NVOL/EUR/15Y/20Y/Smile/-0.005,0.0052280000
2022-01-31,SWAPTION/RATE_NVOL/EUR/15Y/20Y/Smile/-0.01,0.0051990000
2022-01-31,SWAPTION/RATE_NVOL/EUR/15Y/20Y/Smile/-0.015,0.0051290000
2022-01-31,SWAPTION/RATE_NVOL/EUR/15Y/20Y/Smile/-0.02,0.0048870000
2022-01-31,SWAPTION/RATE_NVOL/EUR/15Y/20Y/Smile/0.0025,0.0053140000
2022-01-31,SWAPTION/RATE_NVOL/EUR/15Y/20Y/Smile/0.005,0.0053720000
2022-01-31,SWAPTION/RATE_NVOL/EUR/15Y/20Y/Smile/0.01,0.0055410000
2022-01-31,SWAPTION/RATE_NVOL/EUR/15Y/20Y/Smile/0.015,0.0057810000
2022-01-31,SWAPTION/RATE_NVOL/EUR/15Y/20Y/Smile/0.02,0.0060790000
2022-01-31,SWAPTION/RATE_NVOL/EUR/15Y/25Y/ATM,0.0051110000
2022-01-31,SWAPTION/RATE_NVOL/EUR/15Y/25Y/Smile/-0.0025,0.0050810000
2022-01-31,SWAPTION/RATE_NVOL/EUR/15Y/25Y/Smile/-0.005,0.0050620000
2022-01-31,SWAPTION/RATE_NVOL/EUR/15Y/25Y/Smile/-0.01,0.0050310000
2022-01-31,SWAPTION/RATE_NVOL/EUR/15Y/25Y/Smile/-0.015,0.0049660000
2022-01-31,SWAPTION/RATE_NVOL/EUR/15Y/25Y/Smile/-0.02,0.0047490000
2022-01-31,SWAPTION/RATE_NVOL/EUR/15Y/25Y/Smile/0.0025,0.0051540000
2022-01-31,SWAPTION/RATE_NVOL/EUR/15Y/25Y/Smile/0.005,0.0052130000
2022-01-31,SWAPTION/RATE_NVOL/EUR/15Y/25Y/Smile/0.01,0.0053830000
2022-01-31,SWAPTION/RATE_NVOL/EUR/15Y/25Y/Smile/0.015,0.0056190000
2022-01-31,SWAPTION/RATE_NVOL/EUR/15Y/25Y/Smile/0.02,0.0059100000
2022-01-31,SWAPTION/RATE_NVOL/EUR/15Y/2Y/ATM,0.0061980000
2022-01-31,SWAPTION/RATE_NVOL/EUR/15Y/2Y/Smile/-0.0025,0.0061660000
2022-01-31,SWAPTION/RATE_NVOL/EUR/15Y/2Y/Smile/-0.005,0.0061430000
2022-01-31,SWAPTION/RATE_NVOL/EUR/15Y/2Y/Smile/-0.01,0.0061090000
2022-01-31,SWAPTION/RATE_NVOL/EUR/15Y/2Y/Smile/-0.015,0.0060530000
2022-01-31,SWAPTION/RATE_NVOL/EUR/15Y/2Y/Smile/-0.02,0.0059030000
2022-01-31,SWAPTION/RATE_NVOL/EUR/15Y/2Y/Smile/0.0025,0.0062430000
2022-01-31,SWAPTION/RATE_NVOL/EUR/15Y/2Y/Smile/0.005,0.0063020000
2022-01-31,SWAPTION/RATE_NVOL/EUR/15Y/2Y/Smile/0.01,0.0064710000
2022-01-31,SWAPTION/RATE_NVOL/EUR/15Y/2Y/Smile/0.015,0.0067060000
2022-01-31,SWAPTION/RATE_NVOL/EUR/15Y/2Y/Smile/0.02,0.0069970000
2022-01-31,SWAPTION/RATE_NVOL/EUR/15Y/30Y/ATM,0.0049390000
2022-01-31,SWAPTION/RATE_NVOL/EUR/15Y/30Y/Smile/-0.0025,0.0049080000
2022-01-31,SWAPTION/RATE_NVOL/EUR/15Y/30Y/Smile/-0.005,0.0048860000
2022-01-31,SWAPTION/RATE_NVOL/EUR/15Y/30Y/Smile/-0.01,0.0048550000
2022-01-31,SWAPTION/RATE_NVOL/EUR/15Y/30Y/Smile/-0.015,0.0047940000
2022-01-31,SWAPTION/RATE_NVOL/EUR/15Y/30Y/Smile/-0.02,0.0045970000
2022-01-31,SWAPTION/RATE_NVOL/EUR/15Y/30Y/Smile/0.0025,0.0049830000
2022-01-31,SWAPTION/RATE_NVOL/EUR/15Y/30Y/Smile/0.005,0.0050430000
2022-01-31,SWAPTION/RATE_NVOL/EUR/15Y/30Y/Smile/0.01,0.0052130000
2022-01-31,SWAPTION/RATE_NVOL/EUR/15Y/30Y/Smile/0.015,0.0054470000
2022-01-31,SWAPTION/RATE_NVOL/EUR/15Y/30Y/Smile/0.02,0.0057320000
2022-01-31,SWAPTION/RATE_NVOL/EUR/15Y/3Y/ATM,0.0061510000
2022-01-31,SWAPTION/RATE_NVOL/EUR/15Y/3Y/Smile/-0.0025,0.0061190000
2022-01-31,SWAPTION/RATE_NVOL/EUR/15Y/3Y/Smile/-0.005,0.0060970000
2022-01-31,SWAPTION/RATE_NVOL/EUR/15Y/3Y/Smile/-0.01,0.0060630000
2022-01-31,SWAPTION/RATE_NVOL/EUR/15Y/3Y/Smile/-0.015,0.0060060000
2022-01-31,SWAPTION/RATE_NVOL/EUR/15Y/3Y/Smile/-0.02,0.0058480000
2022-01-31,SWAPTION/RATE_NVOL/EUR/15Y/3Y/Smile/0.0025,0.0061950000
2022-01-31,SWAPTION/RATE_NVOL/EUR/15Y/3Y/Smile/0.005,0.0062540000
2022-01-31,SWAPTION/RATE_NVOL/EUR/15Y/3Y/Smile/0.01,0.0064230000
2022-01-31,SWAPTION/RATE_NVOL/EUR/15Y/3Y/Smile/0.015,0.0066590000
2022-01-31,SWAPTION/RATE_NVOL/EUR/15Y/3Y/Smile/0.02,0.0069520000
2022-01-31,SWAPTION/RATE_NVOL/EUR/15Y/4Y/ATM,0.0061030000
2022-01-31,SWAPTION/RATE_NVOL/EUR/15Y/4Y/Smile/-0.0025,0.0060720000
2022-01-31,SWAPTION/RATE_NVOL/EUR/15Y/4Y/Smile/-0.005,0.0060500000
2022-01-31,SWAPTION/RATE_NVOL/EUR/15Y/4Y/Smile/-0.01,0.0060170000
2022-01-31,SWAPTION/RATE_NVOL/EUR/15Y/4Y/Smile/-0.015,0.0059580000
2022-01-31,SWAPTION/RATE_NVOL/EUR/15Y/4Y/Smile/-0.02,0.0057910000
2022-01-31,SWAPTION/RATE_NVOL/EUR/15Y/4Y/Smile/0.0025,0.0061470000
2022-01-31,SWAPTION/RATE_NVOL/EUR/15Y/4Y/Smile/0.005,0.0062060000
2022-01-31,SWAPTION/RATE_NVOL/EUR/15Y/4Y/Smile/0.01,0.0063750000
2022-01-31,SWAPTION/RATE_NVOL/EUR/15Y/4Y/Smile/0.015,0.0066110000
2022-01-31,SWAPTION/RATE_NVOL/EUR/15Y/4Y/Smile/0.02,0.0069050000
2022-01-31,SWAPTION/RATE_NVOL/EUR/15Y/5Y/ATM,0.0060370000
2022-01-31,SWAPTION/RATE_NVOL/EUR/15Y/5Y/Smile/-0.0025,0.0060060000
2022-01-31,SWAPTION/RATE_NVOL/EUR/15Y/5Y/Smile/-0.005,0.0059850000
2022-01-31,SWAPTION/RATE_NVOL/EUR/15Y/5Y/Smile/-0.01,0.0059530000
2022-01-31,SWAPTION/RATE_NVOL/EUR/15Y/5Y/Smile/-0.015,0.0058920000
2022-01-31,SWAPTION/RATE_NVOL/EUR/15Y/5Y/Smile/-0.02,0.0057170000
2022-01-31,SWAPTION/RATE_NVOL/EUR/15Y/5Y/Smile/0.0025,0.0060800000
2022-01-31,SWAPTION/RATE_NVOL/EUR/15Y/5Y/Smile/0.005,0.0061390000
2022-01-31,SWAPTION/RATE_NVOL/EUR/15Y/5Y/Smile/0.01,0.0063080000
2022-01-31,SWAPTION/RATE_NVOL/EUR/15Y/5Y/Smile/0.015,0.0065450000
2022-01-31,SWAPTION/RATE_NVOL/EUR/15Y/5Y/Smile/0.02,0.0068400000
2022-01-31,SWAPTION/RATE_NVOL/EUR/15Y/6Y/ATM,0.0060010000
2022-01-31,SWAPTION/RATE_NVOL/EUR/15Y/6Y/Smile/-0.0025,0.0059710000
2022-01-31,SWAPTION/RATE_NVOL/EUR/15Y/6Y/Smile/-0.005,0.0059510000
2022-01-31,SWAPTION/RATE_NVOL/EUR/15Y/6Y/Smile/-0.01,0.0059190000
2022-01-31,SWAPTION/RATE_NVOL/EUR/15Y/6Y/Smile/-0.015,0.0058570000
2022-01-31,SWAPTION/RATE_NVOL/EUR/15Y/6Y/Smile/-0.02,0.0056710000
2022-01-31,SWAPTION/RATE_NVOL/EUR/15Y/6Y/Smile/0.0025,0.0060440000
2022-01-31,SWAPTION/RATE_NVOL/EUR/15Y/6Y/Smile/0.005,0.0061020000
2022-01-31,SWAPTION/RATE_NVOL/EUR/15Y/6Y/Smile/0.01,0.0062710000
2022-01-31,SWAPTION/RATE_NVOL/EUR/15Y/6Y/Smile/0.015,0.0065090000
2022-01-31,SWAPTION/RATE_NVOL/EUR/15Y/6Y/Smile/0.02,0.0068070000
2022-01-31,SWAPTION/RATE_NVOL/EUR/15Y/7Y/ATM,0.0059600000
2022-01-31,SWAPTION/RATE_NVOL/EUR/15Y/7Y/Smile/-0.0025,0.0059310000
2022-01-31,SWAPTION/RATE_NVOL/EUR/15Y/7Y/Smile/-0.005,0.0059110000
2022-01-31,SWAPTION/RATE_NVOL/EUR/15Y/7Y/Smile/-0.01,0.0058800000
2022-01-31,SWAPTION/RATE_NVOL/EUR/15Y/7Y/Smile/-0.015,0.0058150000
2022-01-31,SWAPTION/RATE_NVOL/EUR/15Y/7Y/Smile/-0.02,0.0056190000
2022-01-31,SWAPTION/RATE_NVOL/EUR/15Y/7Y/Smile/0.0025,0.0060020000
2022-01-31,SWAPTION/RATE_NVOL/EUR/15Y/7Y/Smile/0.005,0.0060600000
2022-01-31,SWAPTION/RATE_NVOL/EUR/15Y/7Y/Smile/0.01,0.0062290000
2022-01-31,SWAPTION/RATE_NVOL/EUR/15Y/7Y/Smile/0.015,0.0064680000
2022-01-31,SWAPTION/RATE_NVOL/EUR/15Y/7Y/Smile/0.02,0.0067670000
2022-01-31,SWAPTION/RATE_NVOL/EUR/15Y/8Y/ATM,0.0059030000
2022-01-31,SWAPTION/RATE_NVOL/EUR/15Y/8Y/Smile/-0.0025,0.0058740000
2022-01-31,SWAPTION/RATE_NVOL/EUR/15Y/8Y/Smile/-0.005,0.0058550000
2022-01-31,SWAPTION/RATE_NVOL/EUR/15Y/8Y/Smile/-0.01,0.0058240000
2022-01-31,SWAPTION/RATE_NVOL/EUR/15Y/8Y/Smile/-0.015,0.0057580000
2022-01-31,SWAPTION/RATE_NVOL/EUR/15Y/8Y/Smile/-0.02,0.0055520000
2022-01-31,SWAPTION/RATE_NVOL/EUR/15Y/8Y/Smile/0.0025,0.0059440000
2022-01-31,SWAPTION/RATE_NVOL/EUR/15Y/8Y/Smile/0.005,0.0060020000
2022-01-31,SWAPTION/RATE_NVOL/EUR/15Y/8Y/Smile/0.01,0.0061710000
2022-01-31,SWAPTION/RATE_NVOL/EUR/15Y/8Y/Smile/0.015,0.0064110000
2022-01-31,SWAPTION/RATE_NVOL/EUR/15Y/8Y/Smile/0.02,0.0067110000
2022-01-31,SWAPTION/RATE_NVOL/EUR/15Y/9Y/ATM,0.0058800000
2022-01-31,SWAPTION/RATE_NVOL/EUR/15Y/9Y/Smile/-0.0025,0.0058520000
2022-01-31,SWAPTION/RATE_NVOL/EUR/15Y/9Y/Smile/-0.005,0.0058340000
2022-01-31,SWAPTION/RATE_NVOL/EUR/15Y/9Y/Smile/-0.01,0.0058040000
2022-01-31,SWAPTION/RATE_NVOL/EUR/15Y/9Y/Smile/-0.015,0.0057350000
2022-01-31,SWAPTION/RATE_NVOL/EUR/15Y/9Y/Smile/-0.02,0.0055150000
2022-01-31,SWAPTION/RATE_NVOL/EUR/15Y/9Y/Smile/0.0025,0.0059210000
2022-01-31,SWAPTION/RATE_NVOL/EUR/15Y/9Y/Smile/0.005,0.0059780000
2022-01-31,SWAPTION/RATE_NVOL/EUR/15Y/9Y/Smile/0.01,0.0061470000
2022-01-31,SWAPTION/RATE_NVOL/EUR/15Y/9Y/Smile/0.015,0.0063880000
2022-01-31,SWAPTION/RATE_NVOL/EUR/15Y/9Y/Smile/0.02,0.0066910000
2022-01-31,SWAPTION/RATE_NVOL/EUR/1M/10Y/ATM,0.0059210000
2022-01-31,SWAPTION/RATE_NVOL/EUR/1M/15Y/ATM,0.0061320000
2022-01-31,SWAPTION/RATE_NVOL/EUR/1M/1Y/ATM,0.0036500000
2022-01-31,SWAPTION/RATE_NVOL/EUR/1M/20Y/ATM,0.0063890000
2022-01-31,SWAPTION/RATE_NVOL/EUR/1M/25Y/ATM,0.0063860000
2022-01-31,SWAPTION/RATE_NVOL/EUR/1M/2Y/ATM,0.0048700000
2022-01-31,SWAPTION/RATE_NVOL/EUR/1M/30Y/ATM,0.0063850000
2022-01-31,SWAPTION/RATE_NVOL/EUR/1M/3Y/ATM,0.0057200000
2022-01-31,SWAPTION/RATE_NVOL/EUR/1M/4Y/ATM,0.0061900000
2022-01-31,SWAPTION/RATE_NVOL/EUR/1M/5Y/ATM,0.0063900000
2022-01-31,SWAPTION/RATE_NVOL/EUR/1M/6Y/ATM,0.0063200000
2022-01-31,SWAPTION/RATE_NVOL/EUR/1M/7Y/ATM,0.0062500000
2022-01-31,SWAPTION/RATE_NVOL/EUR/1M/8Y/ATM,0.0061390000
2022-01-31,SWAPTION/RATE_NVOL/EUR/1M/9Y/ATM,0.0060230000
2022-01-31,SWAPTION/RATE_NVOL/EUR/1Y/10Y/ATM,0.0064600000
2022-01-31,SWAPTION/RATE_NVOL/EUR/1Y/10Y/Smile/-0.0025,0.0061850000
2022-01-31,SWAPTION/RATE_NVOL/EUR/1Y/10Y/Smile/-0.005,0.0060770000
2022-01-31,SWAPTION/RATE_NVOL/EUR/1Y/10Y/Smile/-0.01,0.0062660000
2022-01-31,SWAPTION/RATE_NVOL/EUR/1Y/10Y/Smile/-0.015,0.0067040000
2022-01-31,SWAPTION/RATE_NVOL/EUR/1Y/10Y/Smile/-0.02,0.0071380000
2022-01-31,SWAPTION/RATE_NVOL/EUR/1Y/10Y/Smile/0.0025,0.0068760000
2022-01-31,SWAPTION/RATE_NVOL/EUR/1Y/10Y/Smile/0.005,0.0073870000
2022-01-31,SWAPTION/RATE_NVOL/EUR/1Y/10Y/Smile/0.01,0.0085500000
2022-01-31,SWAPTION/RATE_NVOL/EUR/1Y/10Y/Smile/0.015,0.0097790000
2022-01-31,SWAPTION/RATE_NVOL/EUR/1Y/10Y/Smile/0.02,0.0110160000
2022-01-31,SWAPTION/RATE_NVOL/EUR/1Y/15Y/ATM,0.0065410000
2022-01-31,SWAPTION/RATE_NVOL/EUR/1Y/15Y/Smile/-0.0025,0.0062630000
2022-01-31,SWAPTION/RATE_NVOL/EUR/1Y/15Y/Smile/-0.005,0.0061510000
2022-01-31,SWAPTION/RATE_NVOL/EUR/1Y/15Y/Smile/-0.01,0.0063360000
2022-01-31,SWAPTION/RATE_NVOL/EUR/1Y/15Y/Smile/-0.015,0.0067800000
2022-01-31,SWAPTION/RATE_NVOL/EUR/1Y/15Y/Smile/-0.02,0.0072380000
2022-01-31,SWAPTION/RATE_NVOL/EUR/1Y/15Y/Smile/0.0025,0.0069570000
2022-01-31,SWAPTION/RATE_NVOL/EUR/1Y/15Y/Smile/0.005,0.0074690000
2022-01-31,SWAPTION/RATE_NVOL/EUR/1Y/15Y/Smile/0.01,0.0086320000
2022-01-31,SWAPTION/RATE_NVOL/EUR/1Y/15Y/Smile/0.015,0.0098610000
2022-01-31,SWAPTION/RATE_NVOL/EUR/1Y/15Y/Smile/0.02,0.0110980000
2022-01-31,SWAPTION/RATE_NVOL/EUR/1Y/1Y/ATM,0.0065900000
2022-01-31,SWAPTION/RATE_NVOL/EUR/1Y/1Y/Smile/-0.0025,0.0063570000
2022-01-31,SWAPTION/RATE_NVOL/EUR/1Y/1Y/Smile/-0.005,0.0062910000
2022-01-31,SWAPTION/RATE_NVOL/EUR/1Y/1Y/Smile/-0.01,0.0065090000
2022-01-31,SWAPTION/RATE_NVOL/EUR/1Y/1Y/Smile/-0.015,0.0068750000
2022-01-31,SWAPTION/RATE_NVOL/EUR/1Y/1Y/Smile/-0.02,0.0069480000
2022-01-31,SWAPTION/RATE_NVOL/EUR/1Y/1Y/Smile/0.0025,0.0069700000
2022-01-31,SWAPTION/RATE_NVOL/EUR/1Y/1Y/Smile/0.005,0.0074630000
2022-01-31,SWAPTION/RATE_NVOL/EUR/1Y/1Y/Smile/0.01,0.0086250000
2022-01-31,SWAPTION/RATE_NVOL/EUR/1Y/1Y/Smile/0.015,0.0098750000
2022-01-31,SWAPTION/RATE_NVOL/EUR/1Y/1Y/Smile/0.02,0.0111430000
2022-01-31,SWAPTION/RATE_NVOL/EUR/1Y/20Y/ATM,0.0065220000
2022-01-31,SWAPTION/RATE_NVOL/EUR/1Y/20Y/Smile/-0.0025,0.0062450000
2022-01-31,SWAPTION/RATE_NVOL/EUR/1Y/20Y/Smile/-0.005,0.0061340000
2022-01-31,SWAPTION/RATE_NVOL/EUR/1Y/20Y/Smile/-0.01,0.0063190000
2022-01-31,SWAPTION/RATE_NVOL/EUR/1Y/20Y/Smile/-0.015,0.0067620000
2022-01-31,SWAPTION/RATE_NVOL/EUR/1Y/20Y/Smile/-0.02,0.0072160000
2022-01-31,SWAPTION/RATE_NVOL/EUR/1Y/20Y/Smile/0.0025,0.0069390000
2022-01-31,SWAPTION/RATE_NVOL/EUR/1Y/20Y/Smile/0.005,0.0074500000
2022-01-31,SWAPTION/RATE_NVOL/EUR/1Y/20Y/Smile/0.01,0.0086130000
2022-01-31,SWAPTION/RATE_NVOL/EUR/1Y/20Y/Smile/0.015,0.0098420000
2022-01-31,SWAPTION/RATE_NVOL/EUR/1Y/20Y/Smile/0.02,0.0110790000
2022-01-31,SWAPTION/RATE_NVOL/EUR/1Y/25Y/ATM,0.0064970000
2022-01-31,SWAPTION/RATE_NVOL/EUR/1Y/25Y/Smile/-0.0025,0.0062220000
2022-01-31,SWAPTION/RATE_NVOL/EUR/1Y/25Y/Smile/-0.005,0.0061140000
2022-01-31,SWAPTION/RATE_NVOL/EUR/1Y/25Y/Smile/-0.01,0.0063020000
2022-01-31,SWAPTION/RATE_NVOL/EUR/1Y/25Y/Smile/-0.015,0.0067390000
2022-01-31,SWAPTION/RATE_NVOL/EUR/1Y/25Y/Smile/-0.02,0.0071760000
2022-01-31,SWAPTION/RATE_NVOL/EUR/1Y/25Y/Smile/0.0025,0.0069120000
2022-01-31,SWAPTION/RATE_NVOL/EUR/1Y/25Y/Smile/0.005,0.0074220000
2022-01-31,SWAPTION/RATE_NVOL/EUR/1Y/25Y/Smile/0.01,0.0085860000
2022-01-31,SWAPTION/RATE_NVOL/EUR/1Y/25Y/Smile/0.015,0.0098150000
2022-01-31,SWAPTION/RATE_NVOL/EUR/1Y/25Y/Smile/0.02,0.0110530000
2022-01-31,SWAPTION/RATE_NVOL/EUR/1Y/2Y/ATM,0.0068300000
2022-01-31,SWAPTION/RATE_NVOL/EUR/1Y/2Y/Smile/-0.0025,0.0065860000
2022-01-31,SWAPTION/RATE_NVOL/EUR/1Y/2Y/Smile/-0.005,0.0065000000
2022-01-31,SWAPTION/RATE_NVOL/EUR/1Y/2Y/Smile/-0.01,0.0066930000
2022-01-31,SWAPTION/RATE_NVOL/EUR/1Y/2Y/Smile/-0.015,0.0070820000
2022-01-31,SWAPTION/RATE_NVOL/EUR/1Y/2Y/Smile/-0.02,0.0073560000
2022-01-31,SWAPTION/RATE_NVOL/EUR/1Y/2Y/Smile/0.0025,0.0072240000
2022-01-31,SWAPTION/RATE_NVOL/EUR/1Y/2Y/Smile/0.005,0.0077190000
2022-01-31,SWAPTION/RATE_NVOL/EUR/1Y/2Y/Smile/0.01,0.0088790000
2022-01-31,SWAPTION/RATE_NVOL/EUR/1Y/2Y/Smile/0.015,0.0101260000
2022-01-31,SWAPTION/RATE_NVOL/EUR/1Y/2Y/Smile/0.02,0.0113910000
2022-01-31,SWAPTION/RATE_NVOL/EUR/1Y/30Y/ATM,0.0065010000
2022-01-31,SWAPTION/RATE_NVOL/EUR/1Y/30Y/Smile/-0.0025,0.0062290000
2022-01-31,SWAPTION/RATE_NVOL/EUR/1Y/30Y/Smile/-0.005,0.0061240000
2022-01-31,SWAPTION/RATE_NVOL/EUR/1Y/30Y/Smile/-0.01,0.0063140000
2022-01-31,SWAPTION/RATE_NVOL/EUR/1Y/30Y/Smile/-0.015,0.0067450000
2022-01-31,SWAPTION/RATE_NVOL/EUR/1Y/30Y/Smile/-0.02,0.0071620000
2022-01-31,SWAPTION/RATE_NVOL/EUR/1Y/30Y/Smile/0.0025,0.0069130000
2022-01-31,SWAPTION/RATE_NVOL/EUR/1Y/30Y/Smile/0.005,0.0074220000
2022-01-31,SWAPTION/RATE_NVOL/EUR/1Y/30Y/Smile/0.01,0.0085850000
2022-01-31,SWAPTION/RATE_NVOL/EUR/1Y/30Y/Smile/0.015,0.0098170000
2022-01-31,SWAPTION/RATE_NVOL/EUR/1Y/30Y/Smile/0.02,0.0110560000
2022-01-31,SWAPTION/RATE_NVOL/EUR/1Y/3Y/ATM,0.0068600000
2022-01-31,SWAPTION/RATE_NVOL/EUR/1Y/3Y/Smile/-0.0025,0.0066060000
2022-01-31,SWAPTION/RATE_NVOL/EUR/1Y/3Y/Smile/-0.005,0.0065160000
2022-01-31,SWAPTION/RATE_NVOL/EUR/1Y/3Y/Smile/-0.01,0.0067060000
2022-01-31,SWAPTION/RATE_NVOL/EUR/1Y/3Y/Smile/-0.015,0.0071030000
2022-01-31,SWAPTION/RATE_NVOL/EUR/1Y/3Y/Smile/-0.02,0.0074180000
2022-01-31,SWAPTION/RATE_NVOL/EUR/1Y/3Y/Smile/0.0025,0.0072510000
2022-01-31,SWAPTION/RATE_NVOL/EUR/1Y/3Y/Smile/0.005,0.0077480000
2022-01-31,SWAPTION/RATE_NVOL/EUR/1Y/3Y/Smile/0.01,0.0089070000
2022-01-31,SWAPTION/RATE_NVOL/EUR/1Y/3Y/Smile/0.015,0.0101530000
2022-01-31,SWAPTION/RATE_NVOL/EUR/1Y/3Y/Smile/0.02,0.0114160000
2022-01-31,SWAPTION/RATE_NVOL/EUR/1Y/4Y/ATM,0.0068100000
2022-01-31,SWAPTION/RATE_NVOL/EUR/1Y/4Y/Smile/-0.0025,0.0065580000
2022-01-31,SWAPTION/RATE_NVOL/EUR/1Y/4Y/Smile/-0.005,0.0064650000
2022-01-31,SWAPTION/RATE_NVOL/EUR/1Y/4Y/Smile/-0.01,0.0066540000
2022-01-31,SWAPTION/RATE_NVOL/EUR/1Y/4Y/Smile/-0.015,0.0070570000
2022-01-31,SWAPTION/RATE_NVOL/EUR/1Y/4Y/Smile/-0.02,0.0073940000
2022-01-31,SWAPTION/RATE_NVOL/EUR/1Y/4Y/Smile/0.0025,0.0072090000
2022-01-31,SWAPTION/RATE_NVOL/EUR/1Y/4Y/Smile/0.005,0.0077080000
2022-01-31,SWAPTION/RATE_NVOL/EUR/1Y/4Y/Smile/0.01,0.0088680000
2022-01-31,SWAPTION/RATE_NVOL/EUR/1Y/4Y/Smile/0.015,0.0101110000
2022-01-31,SWAPTION/RATE_NVOL/EUR/1Y/4Y/Smile/0.02,0.0113710000
2022-01-31,SWAPTION/RATE_NVOL/EUR/1Y/5Y/ATM,0.0068200000
2022-01-31,SWAPTION/RATE_NVOL/EUR/1Y/5Y/Smile/-0.0025,0.0065660000
2022-01-31,SWAPTION/RATE_NVOL/EUR/1Y/5Y/Smile/-0.005,0.0064710000
2022-01-31,SWAPTION/RATE_NVOL/EUR/1Y/5Y/Smile/-0.01,0.0066580000
2022-01-31,SWAPTION/RATE_NVOL/EUR/1Y/5Y/Smile/-0.015,0.0070650000
2022-01-31,SWAPTION/RATE_NVOL/EUR/1Y/5Y/Smile/-0.02,0.0074170000
2022-01-31,SWAPTION/RATE_NVOL/EUR/1Y/5Y/Smile/0.0025,0.0072200000
2022-01-31,SWAPTION/RATE_NVOL/EUR/1Y/5Y/Smile/0.005,0.0077190000
2022-01-31,SWAPTION/RATE_NVOL/EUR/1Y/5Y/Smile/0.01,0.0088790000
2022-01-31,SWAPTION/RATE_NVOL/EUR/1Y/5Y/Smile/0.015,0.0101220000
2022-01-31,SWAPTION/RATE_NVOL/EUR/1Y/5Y/Smile/0.02,0.0113800000
2022-01-31,SWAPTION/RATE_NVOL/EUR/1Y/6Y/ATM,0.0068000000
2022-01-31,SWAPTION/RATE_NVOL/EUR/1Y/6Y/Smile/-0.0025,0.0065440000
2022-01-31,SWAPTION/RATE_NVOL/EUR/1Y/6Y/Smile/-0.005,0.0064470000
2022-01-31,SWAPTION/RATE_NVOL/EUR/1Y/6Y/Smile/-0.01,0.0066340000
2022-01-31,SWAPTION/RATE_NVOL/EUR/1Y/6Y/Smile/-0.015,0.0070460000
2022-01-31,SWAPTION/RATE_NVOL/EUR/1Y/6Y/Smile/-0.02,0.0074130000
2022-01-31,SWAPTION/RATE_NVOL/EUR/1Y/6Y/Smile/0.0025,0.0072030000
2022-01-31,SWAPTION/RATE_NVOL/EUR/1Y/6Y/Smile/0.005,0.0077040000
2022-01-31,SWAPTION/RATE_NVOL/EUR/1Y/6Y/Smile/0.01,0.0088640000
2022-01-31,SWAPTION/RATE_NVOL/EUR/1Y/6Y/Smile/0.015,0.0101050000
2022-01-31,SWAPTION/RATE_NVOL/EUR/1Y/6Y/Smile/0.02,0.0113620000
2022-01-31,SWAPTION/RATE_NVOL/EUR/1Y/7Y/ATM,0.0067400000
2022-01-31,SWAPTION/RATE_NVOL/EUR/1Y/7Y/Smile/-0.0025,0.0064740000
2022-01-31,SWAPTION/RATE_NVOL/EUR/1Y/7Y/Smile/-0.005,0.0063740000
2022-01-31,SWAPTION/RATE_NVOL/EUR/1Y/7Y/Smile/-0.01,0.0065600000
2022-01-31,SWAPTION/RATE_NVOL/EUR/1Y/7Y/Smile/-0.015,0.0069780000
2022-01-31,SWAPTION/RATE_NVOL/EUR/1Y/7Y/Smile/-0.02,0.0073650000
2022-01-31,SWAPTION/RATE_NVOL/EUR/1Y/7Y/Smile/0.0025,0.0071400000
2022-01-31,SWAPTION/RATE_NVOL/EUR/1Y/7Y/Smile/0.005,0.0076430000
2022-01-31,SWAPTION/RATE_NVOL/EUR/1Y/7Y/Smile/0.01,0.0088040000
2022-01-31,SWAPTION/RATE_NVOL/EUR/1Y/7Y/Smile/0.015,0.0100420000
2022-01-31,SWAPTION/RATE_NVOL/EUR/1Y/7Y/Smile/0.02,0.0112940000
2022-01-31,SWAPTION/RATE_NVOL/EUR/1Y/8Y/ATM,0.0066450000
2022-01-31,SWAPTION/RATE_NVOL/EUR/1Y/8Y/Smile/-0.0025,0.0063790000
2022-01-31,SWAPTION/RATE_NVOL/EUR/1Y/8Y/Smile/-0.005,0.0062750000
2022-01-31,SWAPTION/RATE_NVOL/EUR/1Y/8Y/Smile/-0.01,0.0064630000
2022-01-31,SWAPTION/RATE_NVOL/EUR/1Y/8Y/Smile/-0.015,0.0068880000
2022-01-31,SWAPTION/RATE_NVOL/EUR/1Y/8Y/Smile/-0.02,0.0072930000
2022-01-31,SWAPTION/RATE_NVOL/EUR/1Y/8Y/Smile/0.0025,0.0070530000
2022-01-31,SWAPTION/RATE_NVOL/EUR/1Y/8Y/Smile/0.005,0.0075590000
2022-01-31,SWAPTION/RATE_NVOL/EUR/1Y/8Y/Smile/0.01,0.0087210000
2022-01-31,SWAPTION/RATE_NVOL/EUR/1Y/8Y/Smile/0.015,0.0099560000
2022-01-31,SWAPTION/RATE_NVOL/EUR/1Y/8Y/Smile/0.02,0.0112030000
2022-01-31,SWAPTION/RATE_NVOL/EUR/1Y/9Y/ATM,0.0065530000
2022-01-31,SWAPTION/RATE_NVOL/EUR/1Y/9Y/Smile/-0.0025,0.0062830000
2022-01-31,SWAPTION/RATE_NVOL/EUR/1Y/9Y/Smile/-0.005,0.0061770000
2022-01-31,SWAPTION/RATE_NVOL/EUR/1Y/9Y/Smile/-0.01,0.0063650000
2022-01-31,SWAPTION/RATE_NVOL/EUR/1Y/9Y/Smile/-0.015,0.0067960000
2022-01-31,SWAPTION/RATE_NVOL/EUR/1Y/9Y/Smile/-0.02,0.0072170000
2022-01-31,SWAPTION/RATE_NVOL/EUR/1Y/9Y/Smile/0.0025,0.0069650000
2022-01-31,SWAPTION/RATE_NVOL/EUR/1Y/9Y/Smile/0.005,0.0074740000
2022-01-31,SWAPTION/RATE_NVOL/EUR/1Y/9Y/Smile/0.01,0.0086360000
2022-01-31,SWAPTION/RATE_NVOL/EUR/1Y/9Y/Smile/0.015,0.0098680000
2022-01-31,SWAPTION/RATE_NVOL/EUR/1Y/9Y/Smile/0.02,0.0111100000
2022-01-31,SWAPTION/RATE_NVOL/EUR/20Y/10Y/ATM,0.0055840000
2022-01-31,SWAPTION/RATE_NVOL/EUR/20Y/10Y/Smile/-0.0025,0.0055610000
2022-01-31,SWAPTION/RATE_NVOL/EUR/20Y/10Y/Smile/-0.005,0.0055530000
2022-01-31,SWAPTION/RATE_NVOL/EUR/20Y/10Y/Smile/-0.01,0.0055450000
2022-01-31,SWAPTION/RATE_NVOL/EUR/20Y/10Y/Smile/-0.015,0.0054550000
2022-01-31,SWAPTION/RATE_NVOL/EUR/20Y/10Y/Smile/-0.02,0.0049780000
2022-01-31,SWAPTION/RATE_NVOL/EUR/20Y/10Y/Smile/0.0025,0.0056300000
2022-01-31,SWAPTION/RATE_NVOL/EUR/20Y/10Y/Smile/0.005,0.0057040000
2022-01-31,SWAPTION/RATE_NVOL/EUR/20Y/10Y/Smile/0.01,0.0059400000
2022-01-31,SWAPTION/RATE_NVOL/EUR/20Y/10Y/Smile/0.015,0.0062820000
2022-01-31,SWAPTION/RATE_NVOL/EUR/20Y/10Y/Smile/0.02,0.0067010000
2022-01-31,SWAPTION/RATE_NVOL/EUR/20Y/15Y/ATM,0.0052390000
2022-01-31,SWAPTION/RATE_NVOL/EUR/20Y/15Y/Smile/-0.0025,0.0052030000
2022-01-31,SWAPTION/RATE_NVOL/EUR/20Y/15Y/Smile/-0.005,0.0051840000
2022-01-31,SWAPTION/RATE_NVOL/EUR/20Y/15Y/Smile/-0.01,0.0051680000
2022-01-31,SWAPTION/RATE_NVOL/EUR/20Y/15Y/Smile/-0.015,0.0051100000
2022-01-31,SWAPTION/RATE_NVOL/EUR/20Y/15Y/Smile/-0.02,0.0048190000
2022-01-31,SWAPTION/RATE_NVOL/EUR/20Y/15Y/Smile/0.0025,0.0052970000
2022-01-31,SWAPTION/RATE_NVOL/EUR/20Y/15Y/Smile/0.005,0.0053810000
2022-01-31,SWAPTION/RATE_NVOL/EUR/20Y/15Y/Smile/0.01,0.0056250000
2022-01-31,SWAPTION/RATE_NVOL/EUR/20Y/15Y/Smile/0.015,0.0059590000
2022-01-31,SWAPTION/RATE_NVOL/EUR/20Y/15Y/Smile/0.02,0.0063550000
2022-01-31,SWAPTION/RATE_NVOL/EUR/20Y/1Y/ATM,0.0058890000
2022-01-31,SWAPTION/RATE_NVOL/EUR/20Y/1Y/Smile/-0.0025,0.0058510000
2022-01-31,SWAPTION/RATE_NVOL/EUR/20Y/1Y/Smile/-0.005,0.0058290000
2022-01-31,SWAPTION/RATE_NVOL/EUR/20Y/1Y/Smile/-0.01,0.0058090000
2022-01-31,SWAPTION/RATE_NVOL/EUR/20Y/1Y/Smile/-0.015,0.0057600000
2022-01-31,SWAPTION/RATE_NVOL/EUR/20Y/1Y/Smile/-0.02,0.0055460000
2022-01-31,SWAPTION/RATE_NVOL/EUR/20Y/1Y/Smile/0.0025,0.0059480000
2022-01-31,SWAPTION/RATE_NVOL/EUR/20Y/1Y/Smile/0.005,0.0060320000
2022-01-31,SWAPTION/RATE_NVOL/EUR/20Y/1Y/Smile/0.01,0.0062740000
2022-01-31,SWAPTION/RATE_NVOL/EUR/20Y/1Y/Smile/0.015,0.0066060000
2022-01-31,SWAPTION/RATE_NVOL/EUR/20Y/1Y/Smile/0.02,0.0070050000
2022-01-31,SWAPTION/RATE_NVOL/EUR/20Y/20Y/ATM,0.0049410000
2022-01-31,SWAPTION/RATE_NVOL/EUR/20Y/20Y/Smile/-0.0025,0.0048980000
2022-01-31,SWAPTION/RATE_NVOL/EUR/20Y/20Y/Smile/-0.005,0.0048740000
2022-01-31,SWAPTION/RATE_NVOL/EUR/20Y/20Y/Smile/-0.01,0.0048540000
2022-01-31,SWAPTION/RATE_NVOL/EUR/20Y/20Y/Smile/-0.015,0.0048120000
2022-01-31,SWAPTION/RATE_NVOL/EUR/20Y/20Y/Smile/-0.02,0.0045980000
2022-01-31,SWAPTION/RATE_NVOL/EUR/20Y/20Y/Smile/0.0025,0.0050050000
2022-01-31,SWAPTION/RATE_NVOL/EUR/20Y/20Y/Smile/0.005,0.0050940000
2022-01-31,SWAPTION/RATE_NVOL/EUR/20Y/20Y/Smile/0.01,0.0053440000
2022-01-31,SWAPTION/RATE_NVOL/EUR/20Y/20Y/Smile/0.015,0.0056730000
2022-01-31,SWAPTION/RATE_NVOL/EUR/20Y/20Y/Smile/0.02,0.0060570000
2022-01-31,SWAPTION/RATE_NVOL/EUR/20Y/25Y/ATM,0.0047620000
2022-01-31,SWAPTION/RATE_NVOL/EUR/20Y/25Y/Smile/-0.0025,0.0047170000
2022-01-31,SWAPTION/RATE_NVOL/EUR/20Y/25Y/Smile/-0.005,0.0046900000
2022-01-31,SWAPTION/RATE_NVOL/EUR/20Y/25Y/Smile/-0.01,0.0046680000
2022-01-31,SWAPTION/RATE_NVOL/EUR/20Y/25Y/Smile/-0.015,0.0046330000
2022-01-31,SWAPTION/RATE_NVOL/EUR/20Y/25Y/Smile/-0.02,0.0044570000
2022-01-31,SWAPTION/RATE_NVOL/EUR/20Y/25Y/Smile/0.0025,0.0048300000
2022-01-31,SWAPTION/RATE_NVOL/EUR/20Y/25Y/Smile/0.005,0.0049220000
2022-01-31,SWAPTION/RATE_NVOL/EUR/20Y/25Y/Smile/0.01,0.0051740000
2022-01-31,SWAPTION/RATE_NVOL/EUR/20Y/25Y/Smile/0.015,0.0055010000
2022-01-31,SWAPTION/RATE_NVOL/EUR/20Y/25Y/Smile/0.02,0.0058790000
2022-01-31,SWAPTION/RATE_NVOL/EUR/20Y/2Y/ATM,0.0058920000
2022-01-31,SWAPTION/RATE_NVOL/EUR/20Y/2Y/Smile/-0.0025,0.0058580000
2022-01-31,SWAPTION/RATE_NVOL/EUR/20Y/2Y/Smile/-0.005,0.0058410000
2022-01-31,SWAPTION/RATE_NVOL/EUR/20Y/2Y/Smile/-0.01,0.0058240000
2022-01-31,SWAPTION/RATE_NVOL/EUR/20Y/2Y/Smile/-0.015,0.0057630000
2022-01-31,SWAPTION/RATE_NVOL/EUR/20Y/2Y/Smile/-0.02,0.0054890000
2022-01-31,SWAPTION/RATE_NVOL/EUR/20Y/2Y/Smile/0.0025,0.0059470000
2022-01-31,SWAPTION/RATE_NVOL/EUR/20Y/2Y/Smile/0.005,0.0060270000
2022-01-31,SWAPTION/RATE_NVOL/EUR/20Y/2Y/Smile/0.01,0.0062670000
2022-01-31,SWAPTION/RATE_NVOL/EUR/20Y/2Y/Smile/0.015,0.0066020000
2022-01-31,SWAPTION/RATE_NVOL/EUR/20Y/2Y/Smile/0.02,0.0070080000
2022-01-31,SWAPTION/RATE_NVOL/EUR/20Y/30Y/ATM,0.0045610000
2022-01-31,SWAPTION/RATE_NVOL/EUR/20Y/30Y/Smile/-0.0025,0.0045130000
2022-01-31,SWAPTION/RATE_NVOL/EUR/20Y/30Y/Smile/-0.005,0.0044830000
2022-01-31,SWAPTION/RATE_NVOL/EUR/20Y/30Y/Smile/-0.01,0.0044590000
2022-01-31,SWAPTION/RATE_NVOL/EUR/20Y/30Y/Smile/-0.015,0.0044320000
2022-01-31,SWAPTION/RATE_NVOL/EUR/20Y/30Y/Smile/-0.02,0.0042850000
2022-01-31,SWAPTION/RATE_NVOL/EUR/20Y/30Y/Smile/0.0025,0.0046320000
2022-01-31,SWAPTION/RATE_NVOL/EUR/20Y/30Y/Smile/0.005,0.0047270000
2022-01-31,SWAPTION/RATE_NVOL/EUR/20Y/30Y/Smile/0.01,0.0049810000
2022-01-31,SWAPTION/RATE_NVOL/EUR/20Y/30Y/Smile/0.015,0.0053060000
2022-01-31,SWAPTION/RATE_NVOL/EUR/20Y/30Y/Smile/0.02,0.0056780000
2022-01-31,SWAPTION/RATE_NVOL/EUR/20Y/3Y/ATM,0.0058630000
2022-01-31,SWAPTION/RATE_NVOL/EUR/20Y/3Y/Smile/-0.0025,0.0058300000
2022-01-31,SWAPTION/RATE_NVOL/EUR/20Y/3Y/Smile/-0.005,0.0058140000
2022-01-31,SWAPTION/RATE_NVOL/EUR/20Y/3Y/Smile/-0.01,0.0057990000
2022-01-31,SWAPTION/RATE_NVOL/EUR/20Y/3Y/Smile/-0.015,0.0057330000
2022-01-31,SWAPTION/RATE_NVOL/EUR/20Y/3Y/Smile/-0.02,0.0054360000
2022-01-31,SWAPTION/RATE_NVOL/EUR/20Y/3Y/Smile/0.0025,0.0059160000
2022-01-31,SWAPTION/RATE_NVOL/EUR/20Y/3Y/Smile/0.005,0.0059960000
2022-01-31,SWAPTION/RATE_NVOL/EUR/20Y/3Y/Smile/0.01,0.0062350000
2022-01-31,SWAPTION/RATE_NVOL/EUR/20Y/3Y/Smile/0.015,0.0065710000
2022-01-31,SWAPTION/RATE_NVOL/EUR/20Y/3Y/Smile/0.02,0.0069790000
2022-01-31,SWAPTION/RATE_NVOL/EUR/20Y/4Y/ATM,0.0058070000
2022-01-31,SWAPTION/RATE_NVOL/EUR/20Y/4Y/Smile/-0.0025,0.0057760000
2022-01-31,SWAPTION/RATE_NVOL/EUR/20Y/4Y/Smile/-0.005,0.0057610000
2022-01-31,SWAPTION/RATE_NVOL/EUR/20Y/4Y/Smile/-0.01,0.0057460000
2022-01-31,SWAPTION/RATE_NVOL/EUR/20Y/4Y/Smile/-0.015,0.0056780000
2022-01-31,SWAPTION/RATE_NVOL/EUR/20Y/4Y/Smile/-0.02,0.0053590000
2022-01-31,SWAPTION/RATE_NVOL/EUR/20Y/4Y/Smile/0.0025,0.0058600000
2022-01-31,SWAPTION/RATE_NVOL/EUR/20Y/4Y/Smile/0.005,0.0059380000
2022-01-31,SWAPTION/RATE_NVOL/EUR/20Y/4Y/Smile/0.01,0.0061770000
2022-01-31,SWAPTION/RATE_NVOL/EUR/20Y/4Y/Smile/0.015,0.0065140000
2022-01-31,SWAPTION/RATE_NVOL/EUR/20Y/4Y/Smile/0.02,0.0069230000
2022-01-31,SWAPTION/RATE_NVOL/EUR/20Y/5Y/ATM,0.0057610000
2022-01-31,SWAPTION/RATE_NVOL/EUR/20Y/5Y/Smile/-0.0025,0.0057310000
2022-01-31,SWAPTION/RATE_NVOL/EUR/20Y/5Y/Smile/-0.005,0.0057180000
2022-01-31,SWAPTION/RATE_NVOL/EUR/20Y/5Y/Smile/-0.01,0.0057040000
2022-01-31,SWAPTION/RATE_NVOL/EUR/20Y/5Y/Smile/-0.015,0.0056320000
2022-01-31,SWAPTION/RATE_NVOL/EUR/20Y/5Y/Smile/-0.02,0.0052890000
2022-01-31,SWAPTION/RATE_NVOL/EUR/20Y/5Y/Smile/0.0025,0.0058130000
2022-01-31,SWAPTION/RATE_NVOL/EUR/20Y/5Y/Smile/0.005,0.0058900000
2022-01-31,SWAPTION/RATE_NVOL/EUR/20Y/5Y/Smile/0.01,0.0061290000
2022-01-31,SWAPTION/RATE_NVOL/EUR/20Y/5Y/Smile/0.015,0.0064660000
2022-01-31,SWAPTION/RATE_NVOL/EUR/20Y/5Y/Smile/0.02,0.0068770000
2022-01-31,SWAPTION/RATE_NVOL/EUR/20Y/6Y/ATM,0.0057380000
2022-01-31,SWAPTION/RATE_NVOL/EUR/20Y/6Y/Smile/-0.0025,0.0057100000
2022-01-31,SWAPTION/RATE_NVOL/EUR/20Y/6Y/Smile/-0.005,0.0056980000
2022-01-31,SWAPTION/RATE_NVOL/EUR/20Y/6Y/Smile/-0.01,0.0056860000
2022-01-31,SWAPTION/RATE_NVOL/EUR/20Y/6Y/Smile/-0.015,0.0056090000
2022-01-31,SWAPTION/RATE_NVOL/EUR/20Y/6Y/Smile/-0.02,0.0052360000
2022-01-31,SWAPTION/RATE_NVOL/EUR/20Y/6Y/Smile/0.0025,0.0057880000
2022-01-31,SWAPTION/RATE_NVOL/EUR/20Y/6Y/Smile/0.005,0.0058650000
2022-01-31,SWAPTION/RATE_NVOL/EUR/20Y/6Y/Smile/0.01,0.0061020000
2022-01-31,SWAPTION/RATE_NVOL/EUR/20Y/6Y/Smile/0.015,0.0064410000
2022-01-31,SWAPTION/RATE_NVOL/EUR/20Y/6Y/Smile/0.02,0.0068550000
2022-01-31,SWAPTION/RATE_NVOL/EUR/20Y/7Y/ATM,0.0057020000
2022-01-31,SWAPTION/RATE_NVOL/EUR/20Y/7Y/Smile/-0.0025,0.0056760000
2022-01-31,SWAPTION/RATE_NVOL/EUR/20Y/7Y/Smile/-0.005,0.0056650000
2022-01-31,SWAPTION/RATE_NVOL/EUR/20Y/7Y/Smile/-0.01,0.0056540000
2022-01-31,SWAPTION/RATE_NVOL/EUR/20Y/7Y/Smile/-0.015,0.0055730000
2022-01-31,SWAPTION/RATE_NVOL/EUR/20Y/7Y/Smile/-0.02,0.0051720000
2022-01-31,SWAPTION/RATE_NVOL/EUR/20Y/7Y/Smile/0.0025,0.0057510000
2022-01-31,SWAPTION/RATE_NVOL/EUR/20Y/7Y/Smile/0.005,0.0058270000
2022-01-31,SWAPTION/RATE_NVOL/EUR/20Y/7Y/Smile/0.01,0.0060640000
2022-01-31,SWAPTION/RATE_NVOL/EUR/20Y/7Y/Smile/0.015,0.0064040000
2022-01-31,SWAPTION/RATE_NVOL/EUR/20Y/7Y/Smile/0.02,0.0068190000
2022-01-31,SWAPTION/RATE_NVOL/EUR/20Y/8Y/ATM,0.0056570000
2022-01-31,SWAPTION/RATE_NVOL/EUR/20Y/8Y/Smile/-0.0025,0.0056320000
2022-01-31,SWAPTION/RATE_NVOL/EUR/20Y/8Y/Smile/-0.005,0.0056220000
2022-01-31,SWAPTION/RATE_NVOL/EUR/20Y/8Y/Smile/-0.01,0.0056120000
2022-01-31,SWAPTION/RATE_NVOL/EUR/20Y/8Y/Smile/-0.015,0.0055280000
2022-01-31,SWAPTION/RATE_NVOL/EUR/20Y/8Y/Smile/-0.02,0.0051000000
2022-01-31,SWAPTION/RATE_NVOL/EUR/20Y/8Y/Smile/0.0025,0.0057050000
2022-01-31,SWAPTION/RATE_NVOL/EUR/20Y/8Y/Smile/0.005,0.0057790000
2022-01-31,SWAPTION/RATE_NVOL/EUR/20Y/8Y/Smile/0.01,0.0060160000
2022-01-31,SWAPTION/RATE_NVOL/EUR/20Y/8Y/Smile/0.015,0.0063570000
2022-01-31,SWAPTION/RATE_NVOL/EUR/20Y/8Y/Smile/0.02,0.0067730000
2022-01-31,SWAPTION/RATE_NVOL/EUR/20Y/9Y/ATM,0.0056280000
2022-01-31,SWAPTION/RATE_NVOL/EUR/20Y/9Y/Smile/-0.0025,0.0056040000
2022-01-31,SWAPTION/RATE_NVOL/EUR/20Y/9Y/Smile/-0.005,0.0055950000
2022-01-31,SWAPTION/RATE_NVOL/EUR/20Y/9Y/Smile/-0.01,0.0055860000
2022-01-31,SWAPTION/RATE_NVOL/EUR/20Y/9Y/Smile/-0.015,0.0054980000
2022-01-31,SWAPTION/RATE_NVOL/EUR/20Y/9Y/Smile/-0.02,0.0050420000
2022-01-31,SWAPTION/RATE_NVOL/EUR/20Y/9Y/Smile/0.0025,0.0056740000
2022-01-31,SWAPTION/RATE_NVOL/EUR/20Y/9Y/Smile/0.005,0.0057480000
2022-01-31,SWAPTION/RATE_NVOL/EUR/20Y/9Y/Smile/0.01,0.0059840000
2022-01-31,SWAPTION/RATE_NVOL/EUR/20Y/9Y/Smile/0.015,0.0063260000
2022-01-31,SWAPTION/RATE_NVOL/EUR/20Y/9Y/Smile/0.02,0.0067440000
2022-01-31,SWAPTION/RATE_NVOL/EUR/25Y/10Y/ATM,0.0052750000
2022-01-31,SWAPTION/RATE_NVOL/EUR/25Y/10Y/Smile/-0.0025,0.0052670000
2022-01-31,SWAPTION/RATE_NVOL/EUR/25Y/10Y/Smile/-0.005,0.0052770000
2022-01-31,SWAPTION/RATE_NVOL/EUR/25Y/10Y/Smile/-0.01,0.0053100000
2022-01-31,SWAPTION/RATE_NVOL/EUR/25Y/10Y/Smile/-0.015,0.0052750000
2022-01-31,SWAPTION/RATE_NVOL/EUR/25Y/10Y/Smile/-0.02,0.0049280000
2022-01-31,SWAPTION/RATE_NVOL/EUR/25Y/10Y/Smile/0.0025,0.0053090000
2022-01-31,SWAPTION/RATE_NVOL/EUR/25Y/10Y/Smile/0.005,0.0053730000
2022-01-31,SWAPTION/RATE_NVOL/EUR/25Y/10Y/Smile/0.01,0.0056010000
2022-01-31,SWAPTION/RATE_NVOL/EUR/25Y/10Y/Smile/0.015,0.0059420000
2022-01-31,SWAPTION/RATE_NVOL/EUR/25Y/10Y/Smile/0.02,0.0063630000
2022-01-31,SWAPTION/RATE_NVOL/EUR/25Y/15Y/ATM,0.0049140000
2022-01-31,SWAPTION/RATE_NVOL/EUR/25Y/15Y/Smile/-0.0025,0.0048960000
2022-01-31,SWAPTION/RATE_NVOL/EUR/25Y/15Y/Smile/-0.005,0.0048980000
2022-01-31,SWAPTION/RATE_NVOL/EUR/25Y/15Y/Smile/-0.01,0.0049250000
2022-01-31,SWAPTION/RATE_NVOL/EUR/25Y/15Y/Smile/-0.015,0.0049140000
2022-01-31,SWAPTION/RATE_NVOL/EUR/25Y/15Y/Smile/-0.02,0.0046940000
2022-01-31,SWAPTION/RATE_NVOL/EUR/25Y/15Y/Smile/0.0025,0.0049560000
2022-01-31,SWAPTION/RATE_NVOL/EUR/25Y/15Y/Smile/0.005,0.0050270000
2022-01-31,SWAPTION/RATE_NVOL/EUR/25Y/15Y/Smile/0.01,0.0052550000
2022-01-31,SWAPTION/RATE_NVOL/EUR/25Y/15Y/Smile/0.015,0.0055810000
2022-01-31,SWAPTION/RATE_NVOL/EUR/25Y/15Y/Smile/0.02,0.0059740000
2022-01-31,SWAPTION/RATE_NVOL/EUR/25Y/1Y/ATM,0.0056640000
2022-01-31,SWAPTION/RATE_NVOL/EUR/25Y/1Y/Smile/-0.0025,0.0056700000
2022-01-31,SWAPTION/RATE_NVOL/EUR/25Y/1Y/Smile/-0.005,0.0056920000
2022-01-31,SWAPTION/RATE_NVOL/EUR/25Y/1Y/Smile/-0.01,0.0057350000
2022-01-31,SWAPTION/RATE_NVOL/EUR/25Y/1Y/Smile/-0.015,0.0056640000
2022-01-31,SWAPTION/RATE_NVOL/EUR/25Y/1Y/Smile/-0.02,0.0051080000
2022-01-31,SWAPTION/RATE_NVOL/EUR/25Y/1Y/Smile/0.0025,0.0056850000
2022-01-31,SWAPTION/RATE_NVOL/EUR/25Y/1Y/Smile/0.005,0.0057410000
2022-01-31,SWAPTION/RATE_NVOL/EUR/25Y/1Y/Smile/0.01,0.0059680000
2022-01-31,SWAPTION/RATE_NVOL/EUR/25Y/1Y/Smile/0.015,0.0063320000
2022-01-31,SWAPTION/RATE_NVOL/EUR/25Y/1Y/Smile/0.02,0.0067910000
2022-01-31,SWAPTION/RATE_NVOL/EUR/25Y/20Y/ATM,0.0045840000
2022-01-31,SWAPTION/RATE_NVOL/EUR/25Y/20Y/Smile/-0.0025,0.0045620000
2022-01-31,SWAPTION/RATE_NVOL/EUR/25Y/20Y/Smile/-0.005,0.0045590000
2022-01-31,SWAPTION/RATE_NVOL/EUR/25Y/20Y/Smile/-0.01,0.0045840000
2022-01-31,SWAPTION/RATE_NVOL/EUR/25Y/20Y/Smile/-0.015,0.0045870000
2022-01-31,SWAPTION/RATE_NVOL/EUR/25Y/20Y/Smile/-0.02,0.0044320000
2022-01-31,SWAPTION/RATE_NVOL/EUR/25Y/20Y/Smile/0.0025,0.0046310000
2022-01-31,SWAPTION/RATE_NVOL/EUR/25Y/20Y/Smile/0.005,0.0047050000
2022-01-31,SWAPTION/RATE_NVOL/EUR/25Y/20Y/Smile/0.01,0.0049340000
2022-01-31,SWAPTION/RATE_NVOL/EUR/25Y/20Y/Smile/0.015,0.0052510000
2022-01-31,SWAPTION/RATE_NVOL/EUR/25Y/20Y/Smile/0.02,0.0056280000
2022-01-31,SWAPTION/RATE_NVOL/EUR/25Y/25Y/ATM,0.0043790000
2022-01-31,SWAPTION/RATE_NVOL/EUR/25Y/25Y/Smile/-0.0025,0.0043550000
2022-01-31,SWAPTION/RATE_NVOL/EUR/25Y/25Y/Smile/-0.005,0.0043520000
2022-01-31,SWAPTION/RATE_NVOL/EUR/25Y/25Y/Smile/-0.01,0.0043780000
2022-01-31,SWAPTION/RATE_NVOL/EUR/25Y/25Y/Smile/-0.015,0.0043920000
2022-01-31,SWAPTION/RATE_NVOL/EUR/25Y/25Y/Smile/-0.02,0.0042720000
2022-01-31,SWAPTION/RATE_NVOL/EUR/25Y/25Y/Smile/0.0025,0.0044270000
2022-01-31,SWAPTION/RATE_NVOL/EUR/25Y/25Y/Smile/0.005,0.0045020000
2022-01-31,SWAPTION/RATE_NVOL/EUR/25Y/25Y/Smile/0.01,0.0047320000
2022-01-31,SWAPTION/RATE_NVOL/EUR/25Y/25Y/Smile/0.015,0.0050460000
2022-01-31,SWAPTION/RATE_NVOL/EUR/25Y/25Y/Smile/0.02,0.0054150000
2022-01-31,SWAPTION/RATE_NVOL/EUR/25Y/2Y/ATM,0.0056620000
2022-01-31,SWAPTION/RATE_NVOL/EUR/25Y/2Y/Smile/-0.0025,0.0056700000
2022-01-31,SWAPTION/RATE_NVOL/EUR/25Y/2Y/Smile/-0.005,0.0056970000
2022-01-31,SWAPTION/RATE_NVOL/EUR/25Y/2Y/Smile/-0.01,0.0057480000
2022-01-31,SWAPTION/RATE_NVOL/EUR/25Y/2Y/Smile/-0.015,0.0056620000
2022-01-31,SWAPTION/RATE_NVOL/EUR/25Y/2Y/Smile/-0.02,0.0049110000
2022-01-31,SWAPTION/RATE_NVOL/EUR/25Y/2Y/Smile/0.0025,0.0056840000
2022-01-31,SWAPTION/RATE_NVOL/EUR/25Y/2Y/Smile/0.005,0.0057470000
2022-01-31,SWAPTION/RATE_NVOL/EUR/25Y/2Y/Smile/0.01,0.0060020000
2022-01-31,SWAPTION/RATE_NVOL/EUR/25Y/2Y/Smile/0.015,0.0064060000
2022-01-31,SWAPTION/RATE_NVOL/EUR/25Y/2Y/Smile/0.02,0.0069090000
2022-01-31,SWAPTION/RATE_NVOL/EUR/25Y/30Y/ATM,0.0041620000
2022-01-31,SWAPTION/RATE_NVOL/EUR/25Y/30Y/Smile/-0.0025,0.0041370000
2022-01-31,SWAPTION/RATE_NVOL/EUR/25Y/30Y/Smile/-0.005,0.0041330000
2022-01-31,SWAPTION/RATE_NVOL/EUR/25Y/30Y/Smile/-0.01,0.0041620000
2022-01-31,SWAPTION/RATE_NVOL/EUR/25Y/30Y/Smile/-0.015,0.0041850000
2022-01-31,SWAPTION/RATE_NVOL/EUR/25Y/30Y/Smile/-0.02,0.0040930000
2022-01-31,SWAPTION/RATE_NVOL/EUR/25Y/30Y/Smile/0.0025,0.0042120000
2022-01-31,SWAPTION/RATE_NVOL/EUR/25Y/30Y/Smile/0.005,0.0042890000
2022-01-31,SWAPTION/RATE_NVOL/EUR/25Y/30Y/Smile/0.01,0.0045190000
2022-01-31,SWAPTION/RATE_NVOL/EUR/25Y/30Y/Smile/0.015,0.0048290000
2022-01-31,SWAPTION/RATE_NVOL/EUR/25Y/30Y/Smile/0.02,0.0051910000
2022-01-31,SWAPTION/RATE_NVOL/EUR/25Y/3Y/ATM,0.0056400000
2022-01-31,SWAPTION/RATE_NVOL/EUR/25Y/3Y/Smile/-0.0025,0.0056410000
2022-01-31,SWAPTION/RATE_NVOL/EUR/25Y/3Y/Smile/-0.005,0.0056630000
2022-01-31,SWAPTION/RATE_NVOL/EUR/25Y/3Y/Smile/-0.01,0.0057150000
2022-01-31,SWAPTION/RATE_NVOL/EUR/25Y/3Y/Smile/-0.015,0.0056400000
2022-01-31,SWAPTION/RATE_NVOL/EUR/25Y/3Y/Smile/-0.02,0.0048920000
2022-01-31,SWAPTION/RATE_NVOL/EUR/25Y/3Y/Smile/0.0025,0.0056750000
2022-01-31,SWAPTION/RATE_NVOL/EUR/25Y/3Y/Smile/0.005,0.0057520000
2022-01-31,SWAPTION/RATE_NVOL/EUR/25Y/3Y/Smile/0.01,0.0060410000
2022-01-31,SWAPTION/RATE_NVOL/EUR/25Y/3Y/Smile/0.015,0.0064770000
2022-01-31,SWAPTION/RATE_NVOL/EUR/25Y/3Y/Smile/0.02,0.0070070000
2022-01-31,SWAPTION/RATE_NVOL/EUR/25Y/4Y/ATM,0.0055960000
2022-01-31,SWAPTION/RATE_NVOL/EUR/25Y/4Y/Smile/-0.0025,0.0055960000
2022-01-31,SWAPTION/RATE_NVOL/EUR/25Y/4Y/Smile/-0.005,0.0056190000
2022-01-31,SWAPTION/RATE_NVOL/EUR/25Y/4Y/Smile/-0.01,0.0056720000
2022-01-31,SWAPTION/RATE_NVOL/EUR/25Y/4Y/Smile/-0.015,0.0055960000
2022-01-31,SWAPTION/RATE_NVOL/EUR/25Y/4Y/Smile/-0.02,0.0048160000
2022-01-31,SWAPTION/RATE_NVOL/EUR/25Y/4Y/Smile/0.0025,0.0056310000
2022-01-31,SWAPTION/RATE_NVOL/EUR/25Y/4Y/Smile/0.005,0.0057100000
2022-01-31,SWAPTION/RATE_NVOL/EUR/25Y/4Y/Smile/0.01,0.0060030000
2022-01-31,SWAPTION/RATE_NVOL/EUR/25Y/4Y/Smile/0.015,0.0064440000
2022-01-31,SWAPTION/RATE_NVOL/EUR/25Y/4Y/Smile/0.02,0.0069770000
2022-01-31,SWAPTION/RATE_NVOL/EUR/25Y/5Y/ATM,0.0055500000
2022-01-31,SWAPTION/RATE_NVOL/EUR/25Y/5Y/Smile/-0.0025,0.0055500000
2022-01-31,SWAPTION/RATE_NVOL/EUR/25Y/5Y/Smile/-0.005,0.0055730000
2022-01-31,SWAPTION/RATE_NVOL/EUR/25Y/5Y/Smile/-0.01,0.0056260000
2022-01-31,SWAPTION/RATE_NVOL/EUR/25Y/5Y/Smile/-0.015,0.0055500000
2022-01-31,SWAPTION/RATE_NVOL/EUR/25Y/5Y/Smile/-0.02,0.0047460000
2022-01-31,SWAPTION/RATE_NVOL/EUR/25Y/5Y/Smile/0.0025,0.0055850000
2022-01-31,SWAPTION/RATE_NVOL/EUR/25Y/5Y/Smile/0.005,0.0056650000
2022-01-31,SWAPTION/RATE_NVOL/EUR/25Y/5Y/Smile/0.01,0.0059590000
2022-01-31,SWAPTION/RATE_NVOL/EUR/25Y/5Y/Smile/0.015,0.0064000000
2022-01-31,SWAPTION/RATE_NVOL/EUR/25Y/5Y/Smile/0.02,0.0069340000
2022-01-31,SWAPTION/RATE_NVOL/EUR/25Y/6Y/ATM,0.0055020000
2022-01-31,SWAPTION/RATE_NVOL/EUR/25Y/6Y/Smile/-0.0025,0.0055110000
2022-01-31,SWAPTION/RATE_NVOL/EUR/25Y/6Y/Smile/-0.005,0.0055370000
2022-01-31,SWAPTION/RATE_NVOL/EUR/25Y/6Y/Smile/-0.01,0.0055830000
2022-01-31,SWAPTION/RATE_NVOL/EUR/25Y/6Y/Smile/-0.015,0.0055010000
2022-01-31,SWAPTION/RATE_NVOL/EUR/25Y/6Y/Smile/-0.02,0.0048320000
2022-01-31,SWAPTION/RATE_NVOL/EUR/25Y/6Y/Smile/0.0025,0.0055200000
2022-01-31,SWAPTION/RATE_NVOL/EUR/25Y/6Y/Smile/0.005,0.0055740000
2022-01-31,SWAPTION/RATE_NVOL/EUR/25Y/6Y/Smile/0.01,0.0058010000
2022-01-31,SWAPTION/RATE_NVOL/EUR/25Y/6Y/Smile/0.015,0.0061690000
2022-01-31,SWAPTION/RATE_NVOL/EUR/25Y/6Y/Smile/0.02,0.0066330000
2022-01-31,SWAPTION/RATE_NVOL/EUR/25Y/7Y/ATM,0.0054290000
2022-01-31,SWAPTION/RATE_NVOL/EUR/25Y/7Y/Smile/-0.0025,0.0054320000
2022-01-31,SWAPTION/RATE_NVOL/EUR/25Y/7Y/Smile/-0.005,0.0054510000
2022-01-31,SWAPTION/RATE_NVOL/EUR/25Y/7Y/Smile/-0.01,0.0054920000
2022-01-31,SWAPTION/RATE_NVOL/EUR/25Y/7Y/Smile/-0.015,0.0054290000
2022-01-31,SWAPTION/RATE_NVOL/EUR/25Y/7Y/Smile/-0.02,0.0049030000
2022-01-31,SWAPTION/RATE_NVOL/EUR/25Y/7Y/Smile/0.0025,0.0054540000
2022-01-31,SWAPTION/RATE_NVOL/EUR/25Y/7Y/Smile/0.005,0.0055120000
2022-01-31,SWAPTION/RATE_NVOL/EUR/25Y/7Y/Smile/0.01,0.0057400000
2022-01-31,SWAPTION/RATE_NVOL/EUR/25Y/7Y/Smile/0.015,0.0060970000
2022-01-31,SWAPTION/RATE_NVOL/EUR/25Y/7Y/Smile/0.02,0.0065430000
2022-01-31,SWAPTION/RATE_NVOL/EUR/25Y/8Y/ATM,0.0053580000
2022-01-31,SWAPTION/RATE_NVOL/EUR/25Y/8Y/Smile/-0.0025,0.0053550000
2022-01-31,SWAPTION/RATE_NVOL/EUR/25Y/8Y/Smile/-0.005,0.0053700000
2022-01-31,SWAPTION/RATE_NVOL/EUR/25Y/8Y/Smile/-0.01,0.0054070000
2022-01-31,SWAPTION/RATE_NVOL/EUR/25Y/8Y/Smile/-0.015,0.0053580000
2022-01-31,SWAPTION/RATE_NVOL/EUR/25Y/8Y/Smile/-0.02,0.0049190000
2022-01-31,SWAPTION/RATE_NVOL/EUR/25Y/8Y/Smile/0.0025,0.0053870000
2022-01-31,SWAPTION/RATE_NVOL/EUR/25Y/8Y/Smile/0.005,0.0054480000
2022-01-31,SWAPTION/RATE_NVOL/EUR/25Y/8Y/Smile/0.01,0.0056760000
2022-01-31,SWAPTION/RATE_NVOL/EUR/25Y/8Y/Smile/0.015,0.0060250000
2022-01-31,SWAPTION/RATE_NVOL/EUR/25Y/8Y/Smile/0.02,0.0064590000
2022-01-31,SWAPTION/RATE_NVOL/EUR/25Y/9Y/ATM,0.0053030000
2022-01-31,SWAPTION/RATE_NVOL/EUR/25Y/9Y/Smile/-0.0025,0.0052970000
2022-01-31,SWAPTION/RATE_NVOL/EUR/25Y/9Y/Smile/-0.005,0.0053080000
2022-01-31,SWAPTION/RATE_NVOL/EUR/25Y/9Y/Smile/-0.01,0.0053430000
2022-01-31,SWAPTION/RATE_NVOL/EUR/25Y/9Y/Smile/-0.015,0.0053030000
2022-01-31,SWAPTION/RATE_NVOL/EUR/25Y/9Y/Smile/-0.02,0.0049200000
2022-01-31,SWAPTION/RATE_NVOL/EUR/25Y/9Y/Smile/0.0025,0.0053340000
2022-01-31,SWAPTION/RATE_NVOL/EUR/25Y/9Y/Smile/0.005,0.0053980000
2022-01-31,SWAPTION/RATE_NVOL/EUR/25Y/9Y/Smile/0.01,0.0056250000
2022-01-31,SWAPTION/RATE_NVOL/EUR/25Y/9Y/Smile/0.015,0.0059700000
2022-01-31,SWAPTION/RATE_NVOL/EUR/25Y/9Y/Smile/0.02,0.0063960000
2022-01-31,SWAPTION/RATE_NVOL/EUR/2Y/10Y/ATM,0.0065090000
2022-01-31,SWAPTION/RATE_NVOL/EUR/2Y/10Y/Smile/-0.0025,0.0060660000
2022-01-31,SWAPTION/RATE_NVOL/EUR/2Y/10Y/Smile/-0.005,0.0057580000
2022-01-31,SWAPTION/RATE_NVOL/EUR/2Y/10Y/Smile/-0.01,0.0056050000
2022-01-31,SWAPTION/RATE_NVOL/EUR/2Y/10Y/Smile/-0.015,0.0058500000
2022-01-31,SWAPTION/RATE_NVOL/EUR/2Y/10Y/Smile/-0.02,0.0061950000
2022-01-31,SWAPTION/RATE_NVOL/EUR/2Y/10Y/Smile/0.0025,0.0070430000
2022-01-31,SWAPTION/RATE_NVOL/EUR/2Y/10Y/Smile/0.005,0.0076270000
2022-01-31,SWAPTION/RATE_NVOL/EUR/2Y/10Y/Smile/0.01,0.0088560000
2022-01-31,SWAPTION/RATE_NVOL/EUR/2Y/10Y/Smile/0.015,0.0100990000
2022-01-31,SWAPTION/RATE_NVOL/EUR/2Y/10Y/Smile/0.02,0.0113290000
2022-01-31,SWAPTION/RATE_NVOL/EUR/2Y/15Y/ATM,0.0064980000
2022-01-31,SWAPTION/RATE_NVOL/EUR/2Y/15Y/Smile/-0.0025,0.0060530000
2022-01-31,SWAPTION/RATE_NVOL/EUR/2Y/15Y/Smile/-0.005,0.0057430000
2022-01-31,SWAPTION/RATE_NVOL/EUR/2Y/15Y/Smile/-0.01,0.0055890000
2022-01-31,SWAPTION/RATE_NVOL/EUR/2Y/15Y/Smile/-0.015,0.0058390000
2022-01-31,SWAPTION/RATE_NVOL/EUR/2Y/15Y/Smile/-0.02,0.0061970000
2022-01-31,SWAPTION/RATE_NVOL/EUR/2Y/15Y/Smile/0.0025,0.0070330000
2022-01-31,SWAPTION/RATE_NVOL/EUR/2Y/15Y/Smile/0.005,0.0076180000
2022-01-31,SWAPTION/RATE_NVOL/EUR/2Y/15Y/Smile/0.01,0.0088460000
2022-01-31,SWAPTION/RATE_NVOL/EUR/2Y/15Y/Smile/0.015,0.0100880000
2022-01-31,SWAPTION/RATE_NVOL/EUR/2Y/15Y/Smile/0.02,0.0113160000
2022-01-31,SWAPTION/RATE_NVOL/EUR/2Y/1Y/ATM,0.0074900000
2022-01-31,SWAPTION/RATE_NVOL/EUR/2Y/1Y/Smile/-0.0025,0.0070860000
2022-01-31,SWAPTION/RATE_NVOL/EUR/2Y/1Y/Smile/-0.005,0.0068100000
2022-01-31,SWAPTION/RATE_NVOL/EUR/2Y/1Y/Smile/-0.01,0.0066570000
2022-01-31,SWAPTION/RATE_NVOL/EUR/2Y/1Y/Smile/-0.015,0.0068320000
2022-01-31,SWAPTION/RATE_NVOL/EUR/2Y/1Y/Smile/-0.02,0.0070240000
2022-01-31,SWAPTION/RATE_NVOL/EUR/2Y/1Y/Smile/0.0025,0.0079960000
2022-01-31,SWAPTION/RATE_NVOL/EUR/2Y/1Y/Smile/0.005,0.0085650000
2022-01-31,SWAPTION/RATE_NVOL/EUR/2Y/1Y/Smile/0.01,0.0098000000
2022-01-31,SWAPTION/RATE_NVOL/EUR/2Y/1Y/Smile/0.015,0.0110810000
2022-01-31,SWAPTION/RATE_NVOL/EUR/2Y/1Y/Smile/0.02,0.0123660000
2022-01-31,SWAPTION/RATE_NVOL/EUR/2Y/20Y/ATM,0.0064720000
2022-01-31,SWAPTION/RATE_NVOL/EUR/2Y/20Y/Smile/-0.0025,0.0060260000
2022-01-31,SWAPTION/RATE_NVOL/EUR/2Y/20Y/Smile/-0.005,0.0057170000
2022-01-31,SWAPTION/RATE_NVOL/EUR/2Y/20Y/Smile/-0.01,0.0055640000
2022-01-31,SWAPTION/RATE_NVOL/EUR/2Y/20Y/Smile/-0.015,0.0058120000
2022-01-31,SWAPTION/RATE_NVOL/EUR/2Y/20Y/Smile/-0.02,0.0061630000
2022-01-31,SWAPTION/RATE_NVOL/EUR/2Y/20Y/Smile/0.0025,0.0070060000
2022-01-31,SWAPTION/RATE_NVOL/EUR/2Y/20Y/Smile/0.005,0.0075910000
2022-01-31,SWAPTION/RATE_NVOL/EUR/2Y/20Y/Smile/0.01,0.0088200000
2022-01-31,SWAPTION/RATE_NVOL/EUR/2Y/20Y/Smile/0.015,0.0100620000
2022-01-31,SWAPTION/RATE_NVOL/EUR/2Y/20Y/Smile/0.02,0.0112890000
2022-01-31,SWAPTION/RATE_NVOL/EUR/2Y/25Y/ATM,0.0064200000
2022-01-31,SWAPTION/RATE_NVOL/EUR/2Y/25Y/Smile/-0.0025,0.0059750000
2022-01-31,SWAPTION/RATE_NVOL/EUR/2Y/25Y/Smile/-0.005,0.0056670000
2022-01-31,SWAPTION/RATE_NVOL/EUR/2Y/25Y/Smile/-0.01,0.0055170000
2022-01-31,SWAPTION/RATE_NVOL/EUR/2Y/25Y/Smile/-0.015,0.0057600000
2022-01-31,SWAPTION/RATE_NVOL/EUR/2Y/25Y/Smile/-0.02,0.0060950000
2022-01-31,SWAPTION/RATE_NVOL/EUR/2Y/25Y/Smile/0.0025,0.0069550000
2022-01-31,SWAPTION/RATE_NVOL/EUR/2Y/25Y/Smile/0.005,0.0075390000
2022-01-31,SWAPTION/RATE_NVOL/EUR/2Y/25Y/Smile/0.01,0.0087680000
2022-01-31,SWAPTION/RATE_NVOL/EUR/2Y/25Y/Smile/0.015,0.0100100000
2022-01-31,SWAPTION/RATE_NVOL/EUR/2Y/25Y/Smile/0.02,0.0112370000
2022-01-31,SWAPTION/RATE_NVOL/EUR/2Y/2Y/ATM,0.0073000000
2022-01-31,SWAPTION/RATE_NVOL/EUR/2Y/2Y/Smile/-0.0025,0.0068840000
2022-01-31,SWAPTION/RATE_NVOL/EUR/2Y/2Y/Smile/-0.005,0.0066010000
2022-01-31,SWAPTION/RATE_NVOL/EUR/2Y/2Y/Smile/-0.01,0.0064470000
2022-01-31,SWAPTION/RATE_NVOL/EUR/2Y/2Y/Smile/-0.015,0.0066390000
2022-01-31,SWAPTION/RATE_NVOL/EUR/2Y/2Y/Smile/-0.02,0.0068800000
2022-01-31,SWAPTION/RATE_NVOL/EUR/2Y/2Y/Smile/0.0025,0.0078090000
2022-01-31,SWAPTION/RATE_NVOL/EUR/2Y/2Y/Smile/0.005,0.0083810000
2022-01-31,SWAPTION/RATE_NVOL/EUR/2Y/2Y/Smile/0.01,0.0096150000
2022-01-31,SWAPTION/RATE_NVOL/EUR/2Y/2Y/Smile/0.015,0.0108880000
2022-01-31,SWAPTION/RATE_NVOL/EUR/2Y/2Y/Smile/0.02,0.0121600000
2022-01-31,SWAPTION/RATE_NVOL/EUR/2Y/30Y/ATM,0.0063780000
2022-01-31,SWAPTION/RATE_NVOL/EUR/2Y/30Y/Smile/-0.0025,0.0059330000
2022-01-31,SWAPTION/RATE_NVOL/EUR/2Y/30Y/Smile/-0.005,0.0056260000
2022-01-31,SWAPTION/RATE_NVOL/EUR/2Y/30Y/Smile/-0.01,0.0054770000
2022-01-31,SWAPTION/RATE_NVOL/EUR/2Y/30Y/Smile/-0.015,0.0057180000
2022-01-31,SWAPTION/RATE_NVOL/EUR/2Y/30Y/Smile/-0.02,0.0060410000
2022-01-31,SWAPTION/RATE_NVOL/EUR/2Y/30Y/Smile/0.0025,0.0069130000
2022-01-31,SWAPTION/RATE_NVOL/EUR/2Y/30Y/Smile/0.005,0.0074970000
2022-01-31,SWAPTION/RATE_NVOL/EUR/2Y/30Y/Smile/0.01,0.0087260000
2022-01-31,SWAPTION/RATE_NVOL/EUR/2Y/30Y/Smile/0.015,0.0099680000
2022-01-31,SWAPTION/RATE_NVOL/EUR/2Y/30Y/Smile/0.02,0.0111940000
2022-01-31,SWAPTION/RATE_NVOL/EUR/2Y/3Y/ATM,0.0072600000
2022-01-31,SWAPTION/RATE_NVOL/EUR/2Y/3Y/Smile/-0.0025,0.0068400000
2022-01-31,SWAPTION/RATE_NVOL/EUR/2Y/3Y/Smile/-0.005,0.0065560000
2022-01-31,SWAPTION/RATE_NVOL/EUR/2Y/3Y/Smile/-0.01,0.0064010000
2022-01-31,SWAPTION/RATE_NVOL/EUR/2Y/3Y/Smile/-0.015,0.0065960000
2022-01-31,SWAPTION/RATE_NVOL/EUR/2Y/3Y/Smile/-0.02,0.0068460000
2022-01-31,SWAPTION/RATE_NVOL/EUR/2Y/3Y/Smile/0.0025,0.0077680000
2022-01-31,SWAPTION/RATE_NVOL/EUR/2Y/3Y/Smile/0.005,0.0083410000
2022-01-31,SWAPTION/RATE_NVOL/EUR/2Y/3Y/Smile/0.01,0.0095740000
2022-01-31,SWAPTION/RATE_NVOL/EUR/2Y/3Y/Smile/0.015,0.0108460000
2022-01-31,SWAPTION/RATE_NVOL/EUR/2Y/3Y/Smile/0.02,0.0121160000
2022-01-31,SWAPTION/RATE_NVOL/EUR/2Y/4Y/ATM,0.0071300000
2022-01-31,SWAPTION/RATE_NVOL/EUR/2Y/4Y/Smile/-0.0025,0.0067140000
2022-01-31,SWAPTION/RATE_NVOL/EUR/2Y/4Y/Smile/-0.005,0.0064260000
2022-01-31,SWAPTION/RATE_NVOL/EUR/2Y/4Y/Smile/-0.01,0.0062720000
2022-01-31,SWAPTION/RATE_NVOL/EUR/2Y/4Y/Smile/-0.015,0.0064740000
2022-01-31,SWAPTION/RATE_NVOL/EUR/2Y/4Y/Smile/-0.02,0.0067350000
2022-01-31,SWAPTION/RATE_NVOL/EUR/2Y/4Y/Smile/0.0025,0.0076480000
2022-01-31,SWAPTION/RATE_NVOL/EUR/2Y/4Y/Smile/0.005,0.0082230000
2022-01-31,SWAPTION/RATE_NVOL/EUR/2Y/4Y/Smile/0.01,0.0094560000
2022-01-31,SWAPTION/RATE_NVOL/EUR/2Y/4Y/Smile/0.015,0.0107230000
2022-01-31,SWAPTION/RATE_NVOL/EUR/2Y/4Y/Smile/0.02,0.0119870000
2022-01-31,SWAPTION/RATE_NVOL/EUR/2Y/5Y/ATM,0.0070000000
2022-01-31,SWAPTION/RATE_NVOL/EUR/2Y/5Y/Smile/-0.0025,0.0065730000
2022-01-31,SWAPTION/RATE_NVOL/EUR/2Y/5Y/Smile/-0.005,0.0062820000
2022-01-31,SWAPTION/RATE_NVOL/EUR/2Y/5Y/Smile/-0.01,0.0061280000
2022-01-31,SWAPTION/RATE_NVOL/EUR/2Y/5Y/Smile/-0.015,0.0063380000
2022-01-31,SWAPTION/RATE_NVOL/EUR/2Y/5Y/Smile/-0.02,0.0066160000
2022-01-31,SWAPTION/RATE_NVOL/EUR/2Y/5Y/Smile/0.0025,0.0075160000
2022-01-31,SWAPTION/RATE_NVOL/EUR/2Y/5Y/Smile/0.005,0.0080930000
2022-01-31,SWAPTION/RATE_NVOL/EUR/2Y/5Y/Smile/0.01,0.0093250000
2022-01-31,SWAPTION/RATE_NVOL/EUR/2Y/5Y/Smile/0.015,0.0105870000
2022-01-31,SWAPTION/RATE_NVOL/EUR/2Y/5Y/Smile/0.02,0.0118440000
2022-01-31,SWAPTION/RATE_NVOL/EUR/2Y/6Y/ATM,0.0069400000
2022-01-31,SWAPTION/RATE_NVOL/EUR/2Y/6Y/Smile/-0.0025,0.0065160000
2022-01-31,SWAPTION/RATE_NVOL/EUR/2Y/6Y/Smile/-0.005,0.0062220000
2022-01-31,SWAPTION/RATE_NVOL/EUR/2Y/6Y/Smile/-0.01,0.0060680000
2022-01-31,SWAPTION/RATE_NVOL/EUR/2Y/6Y/Smile/-0.015,0.0062830000
2022-01-31,SWAPTION/RATE_NVOL/EUR/2Y/6Y/Smile/-0.02,0.0065760000
2022-01-31,SWAPTION/RATE_NVOL/EUR/2Y/6Y/Smile/0.0025,0.0074640000
2022-01-31,SWAPTION/RATE_NVOL/EUR/2Y/6Y/Smile/0.005,0.0080410000
2022-01-31,SWAPTION/RATE_NVOL/EUR/2Y/6Y/Smile/0.01,0.0092730000
2022-01-31,SWAPTION/RATE_NVOL/EUR/2Y/6Y/Smile/0.015,0.0105330000
2022-01-31,SWAPTION/RATE_NVOL/EUR/2Y/6Y/Smile/0.02,0.0117860000
2022-01-31,SWAPTION/RATE_NVOL/EUR/2Y/7Y/ATM,0.0068500000
2022-01-31,SWAPTION/RATE_NVOL/EUR/2Y/7Y/Smile/-0.0025,0.0064190000
2022-01-31,SWAPTION/RATE_NVOL/EUR/2Y/7Y/Smile/-0.005,0.0061210000
2022-01-31,SWAPTION/RATE_NVOL/EUR/2Y/7Y/Smile/-0.01,0.0059670000
2022-01-31,SWAPTION/RATE_NVOL/EUR/2Y/7Y/Smile/-0.015,0.0061900000
2022-01-31,SWAPTION/RATE_NVOL/EUR/2Y/7Y/Smile/-0.02,0.0064980000
2022-01-31,SWAPTION/RATE_NVOL/EUR/2Y/7Y/Smile/0.0025,0.0073730000
2022-01-31,SWAPTION/RATE_NVOL/EUR/2Y/7Y/Smile/0.005,0.0079520000
2022-01-31,SWAPTION/RATE_NVOL/EUR/2Y/7Y/Smile/0.01,0.0091830000
2022-01-31,SWAPTION/RATE_NVOL/EUR/2Y/7Y/Smile/0.015,0.0104390000
2022-01-31,SWAPTION/RATE_NVOL/EUR/2Y/7Y/Smile/0.02,0.0116870000
2022-01-31,SWAPTION/RATE_NVOL/EUR/2Y/8Y/ATM,0.0067370000
2022-01-31,SWAPTION/RATE_NVOL/EUR/2Y/8Y/Smile/-0.0025,0.0063020000
2022-01-31,SWAPTION/RATE_NVOL/EUR/2Y/8Y/Smile/-0.005,0.0060010000
2022-01-31,SWAPTION/RATE_NVOL/EUR/2Y/8Y/Smile/-0.01,0.0058470000
2022-01-31,SWAPTION/RATE_NVOL/EUR/2Y/8Y/Smile/-0.015,0.0060770000
2022-01-31,SWAPTION/RATE_NVOL/EUR/2Y/8Y/Smile/-0.02,0.0063990000
2022-01-31,SWAPTION/RATE_NVOL/EUR/2Y/8Y/Smile/0.0025,0.0072640000
2022-01-31,SWAPTION/RATE_NVOL/EUR/2Y/8Y/Smile/0.005,0.0078440000
2022-01-31,SWAPTION/RATE_NVOL/EUR/2Y/8Y/Smile/0.01,0.0090750000
2022-01-31,SWAPTION/RATE_NVOL/EUR/2Y/8Y/Smile/0.015,0.0103270000
2022-01-31,SWAPTION/RATE_NVOL/EUR/2Y/8Y/Smile/0.02,0.0115680000
2022-01-31,SWAPTION/RATE_NVOL/EUR/2Y/9Y/ATM,0.0066240000
2022-01-31,SWAPTION/RATE_NVOL/EUR/2Y/9Y/Smile/-0.0025,0.0061840000
2022-01-31,SWAPTION/RATE_NVOL/EUR/2Y/9Y/Smile/-0.005,0.0058800000
2022-01-31,SWAPTION/RATE_NVOL/EUR/2Y/9Y/Smile/-0.01,0.0057260000
2022-01-31,SWAPTION/RATE_NVOL/EUR/2Y/9Y/Smile/-0.015,0.0059640000
2022-01-31,SWAPTION/RATE_NVOL/EUR/2Y/9Y/Smile/-0.02,0.0062990000
2022-01-31,SWAPTION/RATE_NVOL/EUR/2Y/9Y/Smile/0.0025,0.0071540000
2022-01-31,SWAPTION/RATE_NVOL/EUR/2Y/9Y/Smile/0.005,0.0077360000
2022-01-31,SWAPTION/RATE_NVOL/EUR/2Y/9Y/Smile/0.01,0.0089660000
2022-01-31,SWAPTION/RATE_NVOL/EUR/2Y/9Y/Smile/0.015,0.0102130000
2022-01-31,SWAPTION/RATE_NVOL/EUR/2Y/9Y/Smile/0.02,0.0114490000
2022-01-31,SWAPTION/RATE_NVOL/EUR/30Y/10Y/ATM,0.0050150000
2022-01-31,SWAPTION/RATE_NVOL/EUR/30Y/10Y/Smile/-0.0025,0.0049600000
2022-01-31,SWAPTION/RATE_NVOL/EUR/30Y/10Y/Smile/-0.005,0.0049310000
2022-01-31,SWAPTION/RATE_NVOL/EUR/30Y/10Y/Smile/-0.01,0.0049230000
2022-01-31,SWAPTION/RATE_NVOL/EUR/30Y/10Y/Smile/-0.015,0.0049190000
2022-01-31,SWAPTION/RATE_NVOL/EUR/30Y/10Y/Smile/-0.02,0.0047940000
2022-01-31,SWAPTION/RATE_NVOL/EUR/30Y/10Y/Smile/0.0025,0.0051000000
2022-01-31,SWAPTION/RATE_NVOL/EUR/30Y/10Y/Smile/0.005,0.0052150000
2022-01-31,SWAPTION/RATE_NVOL/EUR/30Y/10Y/Smile/0.01,0.0055270000
2022-01-31,SWAPTION/RATE_NVOL/EUR/30Y/10Y/Smile/0.015,0.0059240000
2022-01-31,SWAPTION/RATE_NVOL/EUR/30Y/10Y/Smile/0.02,0.0063740000
2022-01-31,SWAPTION/RATE_NVOL/EUR/30Y/15Y/ATM,0.0046020000
2022-01-31,SWAPTION/RATE_NVOL/EUR/30Y/15Y/Smile/-0.0025,0.0045430000
2022-01-31,SWAPTION/RATE_NVOL/EUR/30Y/15Y/Smile/-0.005,0.0045120000
2022-01-31,SWAPTION/RATE_NVOL/EUR/30Y/15Y/Smile/-0.01,0.0045060000
2022-01-31,SWAPTION/RATE_NVOL/EUR/30Y/15Y/Smile/-0.015,0.0045170000
2022-01-31,SWAPTION/RATE_NVOL/EUR/30Y/15Y/Smile/-0.02,0.0044340000
2022-01-31,SWAPTION/RATE_NVOL/EUR/30Y/15Y/Smile/0.0025,0.0046910000
2022-01-31,SWAPTION/RATE_NVOL/EUR/30Y/15Y/Smile/0.005,0.0048100000
2022-01-31,SWAPTION/RATE_NVOL/EUR/30Y/15Y/Smile/0.01,0.0051270000
2022-01-31,SWAPTION/RATE_NVOL/EUR/30Y/15Y/Smile/0.015,0.0055210000
2022-01-31,SWAPTION/RATE_NVOL/EUR/30Y/15Y/Smile/0.02,0.0059610000
2022-01-31,SWAPTION/RATE_NVOL/EUR/30Y/1Y/ATM,0.0054900000
2022-01-31,SWAPTION/RATE_NVOL/EUR/30Y/1Y/Smile/-0.0025,0.0054410000
2022-01-31,SWAPTION/RATE_NVOL/EUR/30Y/1Y/Smile/-0.005,0.0054170000
2022-01-31,SWAPTION/RATE_NVOL/EUR/30Y/1Y/Smile/-0.01,0.0054100000
2022-01-31,SWAPTION/RATE_NVOL/EUR/30Y/1Y/Smile/-0.015,0.0053940000
2022-01-31,SWAPTION/RATE_NVOL/EUR/30Y/1Y/Smile/-0.02,0.0052250000
2022-01-31,SWAPTION/RATE_NVOL/EUR/30Y/1Y/Smile/0.0025,0.0055680000
2022-01-31,SWAPTION/RATE_NVOL/EUR/30Y/1Y/Smile/0.005,0.0056780000
2022-01-31,SWAPTION/RATE_NVOL/EUR/30Y/1Y/Smile/0.01,0.0059850000
2022-01-31,SWAPTION/RATE_NVOL/EUR/30Y/1Y/Smile/0.015,0.0063860000
2022-01-31,SWAPTION/RATE_NVOL/EUR/30Y/1Y/Smile/0.02,0.0068490000
2022-01-31,SWAPTION/RATE_NVOL/EUR/30Y/20Y/ATM,0.0042880000
2022-01-31,SWAPTION/RATE_NVOL/EUR/30Y/20Y/Smile/-0.0025,0.0042270000
2022-01-31,SWAPTION/RATE_NVOL/EUR/30Y/20Y/Smile/-0.005,0.0041950000
2022-01-31,SWAPTION/RATE_NVOL/EUR/30Y/20Y/Smile/-0.01,0.0041920000
2022-01-31,SWAPTION/RATE_NVOL/EUR/30Y/20Y/Smile/-0.015,0.0042150000
2022-01-31,SWAPTION/RATE_NVOL/EUR/30Y/20Y/Smile/-0.02,0.0041630000
2022-01-31,SWAPTION/RATE_NVOL/EUR/30Y/20Y/Smile/0.0025,0.0043810000
2022-01-31,SWAPTION/RATE_NVOL/EUR/30Y/20Y/Smile/0.005,0.0045030000
2022-01-31,SWAPTION/RATE_NVOL/EUR/30Y/20Y/Smile/0.01,0.0048230000
2022-01-31,SWAPTION/RATE_NVOL/EUR/30Y/20Y/Smile/0.015,0.0052150000
2022-01-31,SWAPTION/RATE_NVOL/EUR/30Y/20Y/Smile/0.02,0.0056470000
2022-01-31,SWAPTION/RATE_NVOL/EUR/30Y/25Y/ATM,0.0040660000
2022-01-31,SWAPTION/RATE_NVOL/EUR/30Y/25Y/Smile/-0.0025,0.0040040000
2022-01-31,SWAPTION/RATE_NVOL/EUR/30Y/25Y/Smile/-0.005,0.0039710000
2022-01-31,SWAPTION/RATE_NVOL/EUR/30Y/25Y/Smile/-0.01,0.0039700000
2022-01-31,SWAPTION/RATE_NVOL/EUR/30Y/25Y/Smile/-0.015,0.0040010000
2022-01-31,SWAPTION/RATE_NVOL/EUR/30Y/25Y/Smile/-0.02,0.0039670000
2022-01-31,SWAPTION/RATE_NVOL/EUR/30Y/25Y/Smile/0.0025,0.0041600000
2022-01-31,SWAPTION/RATE_NVOL/EUR/30Y/25Y/Smile/0.005,0.0042840000
2022-01-31,SWAPTION/RATE_NVOL/EUR/30Y/25Y/Smile/0.01,0.0046050000
2022-01-31,SWAPTION/RATE_NVOL/EUR/30Y/25Y/Smile/0.015,0.0049940000
2022-01-31,SWAPTION/RATE_NVOL/EUR/30Y/25Y/Smile/0.02,0.0054200000
2022-01-31,SWAPTION/RATE_NVOL/EUR/30Y/2Y/ATM,0.0054930000
2022-01-31,SWAPTION/RATE_NVOL/EUR/30Y/2Y/Smile/-0.0025,0.0054450000
2022-01-31,SWAPTION/RATE_NVOL/EUR/30Y/2Y/Smile/-0.005,0.0054210000
2022-01-31,SWAPTION/RATE_NVOL/EUR/30Y/2Y/Smile/-0.01,0.0054150000
2022-01-31,SWAPTION/RATE_NVOL/EUR/30Y/2Y/Smile/-0.015,0.0053960000
2022-01-31,SWAPTION/RATE_NVOL/EUR/30Y/2Y/Smile/-0.02,0.0052160000
2022-01-31,SWAPTION/RATE_NVOL/EUR/30Y/2Y/Smile/0.0025,0.0055700000
2022-01-31,SWAPTION/RATE_NVOL/EUR/30Y/2Y/Smile/0.005,0.0056780000
2022-01-31,SWAPTION/RATE_NVOL/EUR/30Y/2Y/Smile/0.01,0.0059850000
2022-01-31,SWAPTION/RATE_NVOL/EUR/30Y/2Y/Smile/0.015,0.0063870000
2022-01-31,SWAPTION/RATE_NVOL/EUR/30Y/2Y/Smile/0.02,0.0068510000
2022-01-31,SWAPTION/RATE_NVOL/EUR/30Y/30Y/ATM,0.0038500000
2022-01-31,SWAPTION/RATE_NVOL/EUR/30Y/30Y/Smile/-0.0025,0.0037900000
2022-01-31,SWAPTION/RATE_NVOL/EUR/30Y/30Y/Smile/-0.005,0.0037570000
2022-01-31,SWAPTION/RATE_NVOL/EUR/30Y/30Y/Smile/-0.01,0.0037540000
2022-01-31,SWAPTION/RATE_NVOL/EUR/30Y/30Y/Smile/-0.015,0.0037810000
2022-01-31,SWAPTION/RATE_NVOL/EUR/30Y/30Y/Smile/-0.02,0.0037510000
2022-01-31,SWAPTION/RATE_NVOL/EUR/30Y/30Y/Smile/0.0025,0.0039400000
2022-01-31,SWAPTION/RATE_NVOL/EUR/30Y/30Y/Smile/0.005,0.0040570000
2022-01-31,SWAPTION/RATE_NVOL/EUR/30Y/30Y/Smile/0.01,0.0043600000
2022-01-31,SWAPTION/RATE_NVOL/EUR/30Y/30Y/Smile/0.015,0.0047250000
2022-01-31,SWAPTION/RATE_NVOL/EUR/30Y/30Y/Smile/0.02,0.0051260000
2022-01-31,SWAPTION/RATE_NVOL/EUR/30Y/3Y/ATM,0.0054860000
2022-01-31,SWAPTION/RATE_NVOL/EUR/30Y/3Y/Smile/-0.0025,0.0054380000
2022-01-31,SWAPTION/RATE_NVOL/EUR/30Y/3Y/Smile/-0.005,0.0054140000
2022-01-31,SWAPTION/RATE_NVOL/EUR/30Y/3Y/Smile/-0.01,0.0054090000
2022-01-31,SWAPTION/RATE_NVOL/EUR/30Y/3Y/Smile/-0.015,0.0053900000
2022-01-31,SWAPTION/RATE_NVOL/EUR/30Y/3Y/Smile/-0.02,0.0052110000
2022-01-31,SWAPTION/RATE_NVOL/EUR/30Y/3Y/Smile/0.0025,0.0055640000
2022-01-31,SWAPTION/RATE_NVOL/EUR/30Y/3Y/Smile/0.005,0.0056720000
2022-01-31,SWAPTION/RATE_NVOL/EUR/30Y/3Y/Smile/0.01,0.0059790000
2022-01-31,SWAPTION/RATE_NVOL/EUR/30Y/3Y/Smile/0.015,0.0063800000
2022-01-31,SWAPTION/RATE_NVOL/EUR/30Y/3Y/Smile/0.02,0.0068450000
2022-01-31,SWAPTION/RATE_NVOL/EUR/30Y/4Y/ATM,0.0054550000
2022-01-31,SWAPTION/RATE_NVOL/EUR/30Y/4Y/Smile/-0.0025,0.0054070000
2022-01-31,SWAPTION/RATE_NVOL/EUR/30Y/4Y/Smile/-0.005,0.0053820000
2022-01-31,SWAPTION/RATE_NVOL/EUR/30Y/4Y/Smile/-0.01,0.0053760000
2022-01-31,SWAPTION/RATE_NVOL/EUR/30Y/4Y/Smile/-0.015,0.0053590000
2022-01-31,SWAPTION/RATE_NVOL/EUR/30Y/4Y/Smile/-0.02,0.0051840000
2022-01-31,SWAPTION/RATE_NVOL/EUR/30Y/4Y/Smile/0.0025,0.0055330000
2022-01-31,SWAPTION/RATE_NVOL/EUR/30Y/4Y/Smile/0.005,0.0056420000
2022-01-31,SWAPTION/RATE_NVOL/EUR/30Y/4Y/Smile/0.01,0.0059490000
2022-01-31,SWAPTION/RATE_NVOL/EUR/30Y/4Y/Smile/0.015,0.0063500000
2022-01-31,SWAPTION/RATE_NVOL/EUR/30Y/4Y/Smile/0.02,0.0068140000
2022-01-31,SWAPTION/RATE_NVOL/EUR/30Y/5Y/ATM,0.0054140000
2022-01-31,SWAPTION/RATE_NVOL/EUR/30Y/5Y/Smile/-0.0025,0.0053650000
2022-01-31,SWAPTION/RATE_NVOL/EUR/30Y/5Y/Smile/-0.005,0.0053400000
2022-01-31,SWAPTION/RATE_NVOL/EUR/30Y/5Y/Smile/-0.01,0.0053340000
2022-01-31,SWAPTION/RATE_NVOL/EUR/30Y/5Y/Smile/-0.015,0.0053180000
2022-01-31,SWAPTION/RATE_NVOL/EUR/30Y/5Y/Smile/-0.02,0.0051480000
2022-01-31,SWAPTION/RATE_NVOL/EUR/30Y/5Y/Smile/0.0025,0.0054930000
2022-01-31,SWAPTION/RATE_NVOL/EUR/30Y/5Y/Smile/0.005,0.0056030000
2022-01-31,SWAPTION/RATE_NVOL/EUR/30Y/5Y/Smile/0.01,0.0059100000
2022-01-31,SWAPTION/RATE_NVOL/EUR/30Y/5Y/Smile/0.015,0.0063110000
2022-01-31,SWAPTION/RATE_NVOL/EUR/30Y/5Y/Smile/0.02,0.0067730000
2022-01-31,SWAPTION/RATE_NVOL/EUR/30Y/6Y/ATM,0.0053510000
2022-01-31,SWAPTION/RATE_NVOL/EUR/30Y/6Y/Smile/-0.0025,0.0053010000
2022-01-31,SWAPTION/RATE_NVOL/EUR/30Y/6Y/Smile/-0.005,0.0052760000
2022-01-31,SWAPTION/RATE_NVOL/EUR/30Y/6Y/Smile/-0.01,0.0052690000
2022-01-31,SWAPTION/RATE_NVOL/EUR/30Y/6Y/Smile/-0.015,0.0052550000
2022-01-31,SWAPTION/RATE_NVOL/EUR/30Y/6Y/Smile/-0.02,0.0050920000
2022-01-31,SWAPTION/RATE_NVOL/EUR/30Y/6Y/Smile/0.0025,0.0054310000
2022-01-31,SWAPTION/RATE_NVOL/EUR/30Y/6Y/Smile/0.005,0.0055410000
2022-01-31,SWAPTION/RATE_NVOL/EUR/30Y/6Y/Smile/0.01,0.0058500000
2022-01-31,SWAPTION/RATE_NVOL/EUR/30Y/6Y/Smile/0.015,0.0062500000
2022-01-31,SWAPTION/RATE_NVOL/EUR/30Y/6Y/Smile/0.02,0.0067100000
2022-01-31,SWAPTION/RATE_NVOL/EUR/30Y/7Y/ATM,0.0052480000
2022-01-31,SWAPTION/RATE_NVOL/EUR/30Y/7Y/Smile/-0.0025,0.0051970000
2022-01-31,SWAPTION/RATE_NVOL/EUR/30Y/7Y/Smile/-0.005,0.0051700000
2022-01-31,SWAPTION/RATE_NVOL/EUR/30Y/7Y/Smile/-0.01,0.0051630000
2022-01-31,SWAPTION/RATE_NVOL/EUR/30Y/7Y/Smile/-0.015,0.0051520000
2022-01-31,SWAPTION/RATE_NVOL/EUR/30Y/7Y/Smile/-0.02,0.0050010000
2022-01-31,SWAPTION/RATE_NVOL/EUR/30Y/7Y/Smile/0.0025,0.0053290000
2022-01-31,SWAPTION/RATE_NVOL/EUR/30Y/7Y/Smile/0.005,0.0054410000
2022-01-31,SWAPTION/RATE_NVOL/EUR/30Y/7Y/Smile/0.01,0.0057510000
2022-01-31,SWAPTION/RATE_NVOL/EUR/30Y/7Y/Smile/0.015,0.0061500000
2022-01-31,SWAPTION/RATE_NVOL/EUR/30Y/7Y/Smile/0.02,0.0066070000
2022-01-31,SWAPTION/RATE_NVOL/EUR/30Y/8Y/ATM,0.0051620000
2022-01-31,SWAPTION/RATE_NVOL/EUR/30Y/8Y/Smile/-0.0025,0.0051090000
2022-01-31,SWAPTION/RATE_NVOL/EUR/30Y/8Y/Smile/-0.005,0.0050820000
2022-01-31,SWAPTION/RATE_NVOL/EUR/30Y/8Y/Smile/-0.01,0.0050740000
2022-01-31,SWAPTION/RATE_NVOL/EUR/30Y/8Y/Smile/-0.015,0.0050660000
2022-01-31,SWAPTION/RATE_NVOL/EUR/30Y/8Y/Smile/-0.02,0.0049250000
2022-01-31,SWAPTION/RATE_NVOL/EUR/30Y/8Y/Smile/0.0025,0.0052450000
2022-01-31,SWAPTION/RATE_NVOL/EUR/30Y/8Y/Smile/0.005,0.0053580000
2022-01-31,SWAPTION/RATE_NVOL/EUR/30Y/8Y/Smile/0.01,0.0056680000
2022-01-31,SWAPTION/RATE_NVOL/EUR/30Y/8Y/Smile/0.015,0.0060660000
2022-01-31,SWAPTION/RATE_NVOL/EUR/30Y/8Y/Smile/0.02,0.0065210000
2022-01-31,SWAPTION/RATE_NVOL/EUR/30Y/9Y/ATM,0.0050540000
2022-01-31,SWAPTION/RATE_NVOL/EUR/30Y/9Y/Smile/-0.0025,0.0049990000
2022-01-31,SWAPTION/RATE_NVOL/EUR/30Y/9Y/Smile/-0.005,0.0049710000
2022-01-31,SWAPTION/RATE_NVOL/EUR/30Y/9Y/Smile/-0.01,0.0049620000
2022-01-31,SWAPTION/RATE_NVOL/EUR/30Y/9Y/Smile/-0.015,0.0049570000
2022-01-31,SWAPTION/RATE_NVOL/EUR/30Y/9Y/Smile/-0.02,0.0048280000
2022-01-31,SWAPTION/RATE_NVOL/EUR/30Y/9Y/Smile/0.0025,0.0051380000
2022-01-31,SWAPTION/RATE_NVOL/EUR/30Y/9Y/Smile/0.005,0.0052520000
2022-01-31,SWAPTION/RATE_NVOL/EUR/30Y/9Y/Smile/0.01,0.0055640000
2022-01-31,SWAPTION/RATE_NVOL/EUR/30Y/9Y/Smile/0.015,0.0059610000
2022-01-31,SWAPTION/RATE_NVOL/EUR/30Y/9Y/Smile/0.02,0.0064120000
2022-01-31,SWAPTION/RATE_NVOL/EUR/3M/10Y/ATM,0.0063540000
2022-01-31,SWAPTION/RATE_NVOL/EUR/3M/10Y/Smile/-0.0025,0.0060090000
2022-01-31,SWAPTION/RATE_NVOL/EUR/3M/10Y/Smile/-0.005,0.0060350000
2022-01-31,SWAPTION/RATE_NVOL/EUR/3M/10Y/Smile/-0.01,0.0067340000
2022-01-31,SWAPTION/RATE_NVOL/EUR/3M/10Y/Smile/-0.015,0.0076420000
2022-01-31,SWAPTION/RATE_NVOL/EUR/3M/10Y/Smile/-0.02,0.0084490000
2022-01-31,SWAPTION/RATE_NVOL/EUR/3M/10Y/Smile/0.0025,0.0070060000
2022-01-31,SWAPTION/RATE_NVOL/EUR/3M/10Y/Smile/0.005,0.0078150000
2022-01-31,SWAPTION/RATE_NVOL/EUR/3M/10Y/Smile/0.01,0.0095800000
2022-01-31,SWAPTION/RATE_NVOL/EUR/3M/10Y/Smile/0.015,0.0113600000
2022-01-31,SWAPTION/RATE_NVOL/EUR/3M/10Y/Smile/0.02,0.0131060000
2022-01-31,SWAPTION/RATE_NVOL/EUR/3M/15Y/ATM,0.0065300000
2022-01-31,SWAPTION/RATE_NVOL/EUR/3M/15Y/Smile/-0.0025,0.0061740000
2022-01-31,SWAPTION/RATE_NVOL/EUR/3M/15Y/Smile/-0.005,0.0061850000
2022-01-31,SWAPTION/RATE_NVOL/EUR/3M/15Y/Smile/-0.01,0.0068710000
2022-01-31,SWAPTION/RATE_NVOL/EUR/3M/15Y/Smile/-0.015,0.0077910000
2022-01-31,SWAPTION/RATE_NVOL/EUR/3M/15Y/Smile/-0.02,0.0086420000
2022-01-31,SWAPTION/RATE_NVOL/EUR/3M/15Y/Smile/0.0025,0.0071840000
2022-01-31,SWAPTION/RATE_NVOL/EUR/3M/15Y/Smile/0.005,0.0079940000
2022-01-31,SWAPTION/RATE_NVOL/EUR/3M/15Y/Smile/0.01,0.0097620000
2022-01-31,SWAPTION/RATE_NVOL/EUR/3M/15Y/Smile/0.015,0.0115480000
2022-01-31,SWAPTION/RATE_NVOL/EUR/3M/15Y/Smile/0.02,0.0133010000
2022-01-31,SWAPTION/RATE_NVOL/EUR/3M/1Y/ATM,0.0043900000
2022-01-31,SWAPTION/RATE_NVOL/EUR/3M/1Y/Smile/-0.0025,0.0042700000
2022-01-31,SWAPTION/RATE_NVOL/EUR/3M/1Y/Smile/-0.005,0.0045830000
2022-01-31,SWAPTION/RATE_NVOL/EUR/3M/1Y/Smile/-0.01,0.0055440000
2022-01-31,SWAPTION/RATE_NVOL/EUR/3M/1Y/Smile/-0.015,0.0063100000
2022-01-31,SWAPTION/RATE_NVOL/EUR/3M/1Y/Smile/0.0025,0.0049920000
2022-01-31,SWAPTION/RATE_NVOL/EUR/3M/1Y/Smile/0.005,0.0058140000
2022-01-31,SWAPTION/RATE_NVOL/EUR/3M/1Y/Smile/0.01,0.0075780000
2022-01-31,SWAPTION/RATE_NVOL/EUR/3M/1Y/Smile/0.015,0.0093180000
2022-01-31,SWAPTION/RATE_NVOL/EUR/3M/1Y/Smile/0.02,0.0110050000
2022-01-31,SWAPTION/RATE_NVOL/EUR/3M/20Y/ATM,0.0066110000
2022-01-31,SWAPTION/RATE_NVOL/EUR/3M/20Y/Smile/-0.0025,0.0062560000
2022-01-31,SWAPTION/RATE_NVOL/EUR/3M/20Y/Smile/-0.005,0.0062650000
2022-01-31,SWAPTION/RATE_NVOL/EUR/3M/20Y/Smile/-0.01,0.0069460000
2022-01-31,SWAPTION/RATE_NVOL/EUR/3M/20Y/Smile/-0.015,0.0078660000
2022-01-31,SWAPTION/RATE_NVOL/EUR/3M/20Y/Smile/-0.02,0.0087190000
2022-01-31,SWAPTION/RATE_NVOL/EUR/3M/20Y/Smile/0.0025,0.0072640000
2022-01-31,SWAPTION/RATE_NVOL/EUR/3M/20Y/Smile/0.005,0.0080730000
2022-01-31,SWAPTION/RATE_NVOL/EUR/3M/20Y/Smile/0.01,0.0098430000
2022-01-31,SWAPTION/RATE_NVOL/EUR/3M/20Y/Smile/0.015,0.0116340000
2022-01-31,SWAPTION/RATE_NVOL/EUR/3M/20Y/Smile/0.02,0.0133930000
2022-01-31,SWAPTION/RATE_NVOL/EUR/3M/25Y/ATM,0.0066240000
2022-01-31,SWAPTION/RATE_NVOL/EUR/3M/25Y/Smile/-0.0025,0.0062740000
2022-01-31,SWAPTION/RATE_NVOL/EUR/3M/25Y/Smile/-0.005,0.0062860000
2022-01-31,SWAPTION/RATE_NVOL/EUR/3M/25Y/Smile/-0.01,0.0069690000
2022-01-31,SWAPTION/RATE_NVOL/EUR/3M/25Y/Smile/-0.015,0.0078830000
2022-01-31,SWAPTION/RATE_NVOL/EUR/3M/25Y/Smile/-0.02,0.0087200000
2022-01-31,SWAPTION/RATE_NVOL/EUR/3M/25Y/Smile/0.0025,0.0072730000
2022-01-31,SWAPTION/RATE_NVOL/EUR/3M/25Y/Smile/0.005,0.0080810000
2022-01-31,SWAPTION/RATE_NVOL/EUR/3M/25Y/Smile/0.01,0.0098520000
2022-01-31,SWAPTION/RATE_NVOL/EUR/3M/25Y/Smile/0.015,0.0116450000
2022-01-31,SWAPTION/RATE_NVOL/EUR/3M/25Y/Smile/0.02,0.0134070000
2022-01-31,SWAPTION/RATE_NVOL/EUR/3M/2Y/ATM,0.0053900000
2022-01-31,SWAPTION/RATE_NVOL/EUR/3M/2Y/Smile/-0.0025,0.0052250000
2022-01-31,SWAPTION/RATE_NVOL/EUR/3M/2Y/Smile/-0.005,0.0054720000
2022-01-31,SWAPTION/RATE_NVOL/EUR/3M/2Y/Smile/-0.01,0.0064230000
2022-01-31,SWAPTION/RATE_NVOL/EUR/3M/2Y/Smile/-0.015,0.0073600000
2022-01-31,SWAPTION/RATE_NVOL/EUR/3M/2Y/Smile/0.0025,0.0059850000
2022-01-31,SWAPTION/RATE_NVOL/EUR/3M/2Y/Smile/0.005,0.0067990000
2022-01-31,SWAPTION/RATE_NVOL/EUR/3M/2Y/Smile/0.01,0.0086010000
2022-01-31,SWAPTION/RATE_NVOL/EUR/3M/2Y/Smile/0.015,0.0104110000
2022-01-31,SWAPTION/RATE_NVOL/EUR/3M/2Y/Smile/0.02,0.0121780000
2022-01-31,SWAPTION/RATE_NVOL/EUR/3M/30Y/ATM,0.0066210000
2022-01-31,SWAPTION/RATE_NVOL/EUR/3M/30Y/Smile/-0.0025,0.0062770000
2022-01-31,SWAPTION/RATE_NVOL/EUR/3M/30Y/Smile/-0.005,0.0062950000
2022-01-31,SWAPTION/RATE_NVOL/EUR/3M/30Y/Smile/-0.01,0.0069800000
2022-01-31,SWAPTION/RATE_NVOL/EUR/3M/30Y/Smile/-0.015,0.0078870000
2022-01-31,SWAPTION/RATE_NVOL/EUR/3M/30Y/Smile/-0.02,0.0087020000
2022-01-31,SWAPTION/RATE_NVOL/EUR/3M/30Y/Smile/0.0025,0.0072660000
2022-01-31,SWAPTION/RATE_NVOL/EUR/3M/30Y/Smile/0.005,0.0080730000
2022-01-31,SWAPTION/RATE_NVOL/EUR/3M/30Y/Smile/0.01,0.0098440000
2022-01-31,SWAPTION/RATE_NVOL/EUR/3M/30Y/Smile/0.015,0.0116400000
2022-01-31,SWAPTION/RATE_NVOL/EUR/3M/30Y/Smile/0.02,0.0134050000
2022-01-31,SWAPTION/RATE_NVOL/EUR/3M/3Y/ATM,0.0061600000
2022-01-31,SWAPTION/RATE_NVOL/EUR/3M/3Y/Smile/-0.0025,0.0058630000
2022-01-31,SWAPTION/RATE_NVOL/EUR/3M/3Y/Smile/-0.005,0.0059350000
2022-01-31,SWAPTION/RATE_NVOL/EUR/3M/3Y/Smile/-0.01,0.0066630000
2022-01-31,SWAPTION/RATE_NVOL/EUR/3M/3Y/Smile/-0.015,0.0075170000
2022-01-31,SWAPTION/RATE_NVOL/EUR/3M/3Y/Smile/-0.02,0.0080780000
2022-01-31,SWAPTION/RATE_NVOL/EUR/3M/3Y/Smile/0.0025,0.0067930000
2022-01-31,SWAPTION/RATE_NVOL/EUR/3M/3Y/Smile/0.005,0.0075960000
2022-01-31,SWAPTION/RATE_NVOL/EUR/3M/3Y/Smile/0.01,0.0093630000
2022-01-31,SWAPTION/RATE_NVOL/EUR/3M/3Y/Smile/0.015,0.0111510000
2022-01-31,SWAPTION/RATE_NVOL/EUR/3M/3Y/Smile/0.02,0.0129060000
2022-01-31,SWAPTION/RATE_NVOL/EUR/3M/4Y/ATM,0.0065200000
2022-01-31,SWAPTION/RATE_NVOL/EUR/3M/4Y/Smile/-0.0025,0.0062100000
2022-01-31,SWAPTION/RATE_NVOL/EUR/3M/4Y/Smile/-0.005,0.0062630000
2022-01-31,SWAPTION/RATE_NVOL/EUR/3M/4Y/Smile/-0.01,0.0069680000
2022-01-31,SWAPTION/RATE_NVOL/EUR/3M/4Y/Smile/-0.015,0.0078340000
2022-01-31,SWAPTION/RATE_NVOL/EUR/3M/4Y/Smile/-0.02,0.0084770000
2022-01-31,SWAPTION/RATE_NVOL/EUR/3M/4Y/Smile/0.0025,0.0071450000
2022-01-31,SWAPTION/RATE_NVOL/EUR/3M/4Y/Smile/0.005,0.0079450000
2022-01-31,SWAPTION/RATE_NVOL/EUR/3M/4Y/Smile/0.01,0.0097190000
2022-01-31,SWAPTION/RATE_NVOL/EUR/3M/4Y/Smile/0.015,0.0115250000
2022-01-31,SWAPTION/RATE_NVOL/EUR/3M/4Y/Smile/0.02,0.0133010000
2022-01-31,SWAPTION/RATE_NVOL/EUR/3M/5Y/ATM,0.0066500000
2022-01-31,SWAPTION/RATE_NVOL/EUR/3M/5Y/Smile/-0.0025,0.0063350000
2022-01-31,SWAPTION/RATE_NVOL/EUR/3M/5Y/Smile/-0.005,0.0063780000
2022-01-31,SWAPTION/RATE_NVOL/EUR/3M/5Y/Smile/-0.01,0.0070750000
2022-01-31,SWAPTION/RATE_NVOL/EUR/3M/5Y/Smile/-0.015,0.0079480000
2022-01-31,SWAPTION/RATE_NVOL/EUR/3M/5Y/Smile/-0.02,0.0086330000
2022-01-31,SWAPTION/RATE_NVOL/EUR/3M/5Y/Smile/0.0025,0.0072770000
2022-01-31,SWAPTION/RATE_NVOL/EUR/3M/5Y/Smile/0.005,0.0080770000
2022-01-31,SWAPTION/RATE_NVOL/EUR/3M/5Y/Smile/0.01,0.0098530000
2022-01-31,SWAPTION/RATE_NVOL/EUR/3M/5Y/Smile/0.015,0.0116630000
2022-01-31,SWAPTION/RATE_NVOL/EUR/3M/5Y/Smile/0.02,0.0134450000
2022-01-31,SWAPTION/RATE_NVOL/EUR/3M/6Y/ATM,0.0066600000
2022-01-31,SWAPTION/RATE_NVOL/EUR/3M/6Y/Smile/-0.0025,0.0063360000
2022-01-31,SWAPTION/RATE_NVOL/EUR/3M/6Y/Smile/-0.005,0.0063740000
2022-01-31,SWAPTION/RATE_NVOL/EUR/3M/6Y/Smile/-0.01,0.0070660000
2022-01-31,SWAPTION/RATE_NVOL/EUR/3M/6Y/Smile/-0.015,0.0079470000
2022-01-31,SWAPTION/RATE_NVOL/EUR/3M/6Y/Smile/-0.02,0.0086630000
2022-01-31,SWAPTION/RATE_NVOL/EUR/3M/6Y/Smile/0.0025,0.0072860000
2022-01-31,SWAPTION/RATE_NVOL/EUR/3M/6Y/Smile/0.005,0.0080880000
2022-01-31,SWAPTION/RATE_NVOL/EUR/3M/6Y/Smile/0.01,0.0098630000
2022-01-31,SWAPTION/RATE_NVOL/EUR/3M/6Y/Smile/0.015,0.0116710000
2022-01-31,SWAPTION/RATE_NVOL/EUR/3M/6Y/Smile/0.02,0.0134500000
2022-01-31,SWAPTION/RATE_NVOL/EUR/3M/7Y/ATM,0.0066200000
2022-01-31,SWAPTION/RATE_NVOL/EUR/3M/7Y/Smile/-0.0025,0.0062950000
2022-01-31,SWAPTION/RATE_NVOL/EUR/3M/7Y/Smile/-0.005,0.0063290000
2022-01-31,SWAPTION/RATE_NVOL/EUR/3M/7Y/Smile/-0.01,0.0070210000
2022-01-31,SWAPTION/RATE_NVOL/EUR/3M/7Y/Smile/-0.015,0.0079090000
2022-01-31,SWAPTION/RATE_NVOL/EUR/3M/7Y/Smile/-0.02,0.0086530000
2022-01-31,SWAPTION/RATE_NVOL/EUR/3M/7Y/Smile/0.0025,0.0072570000
2022-01-31,SWAPTION/RATE_NVOL/EUR/3M/7Y/Smile/0.005,0.0080600000
2022-01-31,SWAPTION/RATE_NVOL/EUR/3M/7Y/Smile/0.01,0.0098330000
2022-01-31,SWAPTION/RATE_NVOL/EUR/3M/7Y/Smile/0.015,0.0116370000
2022-01-31,SWAPTION/RATE_NVOL/EUR/3M/7Y/Smile/0.02,0.0134110000
2022-01-31,SWAPTION/RATE_NVOL/EUR/3M/8Y/ATM,0.0065420000
2022-01-31,SWAPTION/RATE_NVOL/EUR/3M/8Y/Smile/-0.0025,0.0062090000
2022-01-31,SWAPTION/RATE_NVOL/EUR/3M/8Y/Smile/-0.005,0.0062390000
2022-01-31,SWAPTION/RATE_NVOL/EUR/3M/8Y/Smile/-0.01,0.0069320000
2022-01-31,SWAPTION/RATE_NVOL/EUR/3M/8Y/Smile/-0.015,0.0078270000
2022-01-31,SWAPTION/RATE_NVOL/EUR/3M/8Y/Smile/-0.02,0.0085960000
2022-01-31,SWAPTION/RATE_NVOL/EUR/3M/8Y/Smile/0.0025,0.0071820000
2022-01-31,SWAPTION/RATE_NVOL/EUR/3M/8Y/Smile/0.005,0.0079880000
2022-01-31,SWAPTION/RATE_NVOL/EUR/3M/8Y/Smile/0.01,0.0097580000
2022-01-31,SWAPTION/RATE_NVOL/EUR/3M/8Y/Smile/0.015,0.0115540000
2022-01-31,SWAPTION/RATE_NVOL/EUR/3M/8Y/Smile/0.02,0.0133190000
2022-01-31,SWAPTION/RATE_NVOL/EUR/3M/9Y/ATM,0.0064480000
2022-01-31,SWAPTION/RATE_NVOL/EUR/3M/9Y/Smile/-0.0025,0.0061080000
2022-01-31,SWAPTION/RATE_NVOL/EUR/3M/9Y/Smile/-0.005,0.0061360000
2022-01-31,SWAPTION/RATE_NVOL/EUR/3M/9Y/Smile/-0.01,0.0068310000
2022-01-31,SWAPTION/RATE_NVOL/EUR/3M/9Y/Smile/-0.015,0.0077330000
2022-01-31,SWAPTION/RATE_NVOL/EUR/3M/9Y/Smile/-0.02,0.0085240000
2022-01-31,SWAPTION/RATE_NVOL/EUR/3M/9Y/Smile/0.0025,0.0070940000
2022-01-31,SWAPTION/RATE_NVOL/EUR/3M/9Y/Smile/0.005,0.0079010000
2022-01-31,SWAPTION/RATE_NVOL/EUR/3M/9Y/Smile/0.01,0.0096690000
2022-01-31,SWAPTION/RATE_NVOL/EUR/3M/9Y/Smile/0.015,0.0114570000
2022-01-31,SWAPTION/RATE_NVOL/EUR/3M/9Y/Smile/0.02,0.0132120000
2022-01-31,SWAPTION/RATE_NVOL/EUR/3Y/10Y/ATM,0.0064710000
2022-01-31,SWAPTION/RATE_NVOL/EUR/3Y/10Y/Smile/-0.0025,0.0059430000
2022-01-31,SWAPTION/RATE_NVOL/EUR/3Y/10Y/Smile/-0.005,0.0055950000
2022-01-31,SWAPTION/RATE_NVOL/EUR/3Y/10Y/Smile/-0.01,0.0055170000
2022-01-31,SWAPTION/RATE_NVOL/EUR/3Y/10Y/Smile/-0.015,0.0059060000
2022-01-31,SWAPTION/RATE_NVOL/EUR/3Y/10Y/Smile/-0.02,0.0063930000
2022-01-31,SWAPTION/RATE_NVOL/EUR/3Y/10Y/Smile/0.0025,0.0071060000
2022-01-31,SWAPTION/RATE_NVOL/EUR/3Y/10Y/Smile/0.005,0.0077930000
2022-01-31,SWAPTION/RATE_NVOL/EUR/3Y/10Y/Smile/0.01,0.0092100000
2022-01-31,SWAPTION/RATE_NVOL/EUR/3Y/10Y/Smile/0.015,0.0106210000
2022-01-31,SWAPTION/RATE_NVOL/EUR/3Y/10Y/Smile/0.02,0.0120030000
2022-01-31,SWAPTION/RATE_NVOL/EUR/3Y/15Y/ATM,0.0063890000
2022-01-31,SWAPTION/RATE_NVOL/EUR/3Y/15Y/Smile/-0.0025,0.0058570000
2022-01-31,SWAPTION/RATE_NVOL/EUR/3Y/15Y/Smile/-0.005,0.0055060000
2022-01-31,SWAPTION/RATE_NVOL/EUR/3Y/15Y/Smile/-0.01,0.0054300000
2022-01-31,SWAPTION/RATE_NVOL/EUR/3Y/15Y/Smile/-0.015,0.0058230000
2022-01-31,SWAPTION/RATE_NVOL/EUR/3Y/15Y/Smile/-0.02,0.0063170000
2022-01-31,SWAPTION/RATE_NVOL/EUR/3Y/15Y/Smile/0.0025,0.0070260000
2022-01-31,SWAPTION/RATE_NVOL/EUR/3Y/15Y/Smile/0.005,0.0077130000
2022-01-31,SWAPTION/RATE_NVOL/EUR/3Y/15Y/Smile/0.01,0.0091270000
2022-01-31,SWAPTION/RATE_NVOL/EUR/3Y/15Y/Smile/0.015,0.0105330000
2022-01-31,SWAPTION/RATE_NVOL/EUR/3Y/15Y/Smile/0.02,0.0119090000
2022-01-31,SWAPTION/RATE_NVOL/EUR/3Y/1Y/ATM,0.0076900000
2022-01-31,SWAPTION/RATE_NVOL/EUR/3Y/1Y/Smile/-0.0025,0.0072220000
2022-01-31,SWAPTION/RATE_NVOL/EUR/3Y/1Y/Smile/-0.005,0.0069190000
2022-01-31,SWAPTION/RATE_NVOL/EUR/3Y/1Y/Smile/-0.01,0.0068270000
2022-01-31,SWAPTION/RATE_NVOL/EUR/3Y/1Y/Smile/-0.015,0.0071270000
2022-01-31,SWAPTION/RATE_NVOL/EUR/3Y/1Y/Smile/-0.02,0.0074590000
2022-01-31,SWAPTION/RATE_NVOL/EUR/3Y/1Y/Smile/0.0025,0.0082830000
2022-01-31,SWAPTION/RATE_NVOL/EUR/3Y/1Y/Smile/0.005,0.0089460000
2022-01-31,SWAPTION/RATE_NVOL/EUR/3Y/1Y/Smile/0.01,0.0103690000
2022-01-31,SWAPTION/RATE_NVOL/EUR/3Y/1Y/Smile/0.015,0.0118260000
2022-01-31,SWAPTION/RATE_NVOL/EUR/3Y/1Y/Smile/0.02,0.0132750000
2022-01-31,SWAPTION/RATE_NVOL/EUR/3Y/20Y/ATM,0.0063480000
2022-01-31,SWAPTION/RATE_NVOL/EUR/3Y/20Y/Smile/-0.0025,0.0058160000
2022-01-31,SWAPTION/RATE_NVOL/EUR/3Y/20Y/Smile/-0.005,0.0054660000
2022-01-31,SWAPTION/RATE_NVOL/EUR/3Y/20Y/Smile/-0.01,0.0053920000
2022-01-31,SWAPTION/RATE_NVOL/EUR/3Y/20Y/Smile/-0.015,0.0057820000
2022-01-31,SWAPTION/RATE_NVOL/EUR/3Y/20Y/Smile/-0.02,0.0062650000
2022-01-31,SWAPTION/RATE_NVOL/EUR/3Y/20Y/Smile/0.0025,0.0069850000
2022-01-31,SWAPTION/RATE_NVOL/EUR/3Y/20Y/Smile/0.005,0.0076720000
2022-01-31,SWAPTION/RATE_NVOL/EUR/3Y/20Y/Smile/0.01,0.0090860000
2022-01-31,SWAPTION/RATE_NVOL/EUR/3Y/20Y/Smile/0.015,0.0104920000
2022-01-31,SWAPTION/RATE_NVOL/EUR/3Y/20Y/Smile/0.02,0.0118670000
2022-01-31,SWAPTION/RATE_NVOL/EUR/3Y/25Y/ATM,0.0062850000
2022-01-31,SWAPTION/RATE_NVOL/EUR/3Y/25Y/Smile/-0.0025,0.0057530000
2022-01-31,SWAPTION/RATE_NVOL/EUR/3Y/25Y/Smile/-0.005,0.0054050000
2022-01-31,SWAPTION/RATE_NVOL/EUR/3Y/25Y/Smile/-0.01,0.0053340000
2022-01-31,SWAPTION/RATE_NVOL/EUR/3Y/25Y/Smile/-0.015,0.0057190000
2022-01-31,SWAPTION/RATE_NVOL/EUR/3Y/25Y/Smile/-0.02,0.0061850000
2022-01-31,SWAPTION/RATE_NVOL/EUR/3Y/25Y/Smile/0.0025,0.0069220000
2022-01-31,SWAPTION/RATE_NVOL/EUR/3Y/25Y/Smile/0.005,0.0076090000
2022-01-31,SWAPTION/RATE_NVOL/EUR/3Y/25Y/Smile/0.01,0.0090230000
2022-01-31,SWAPTION/RATE_NVOL/EUR/3Y/25Y/Smile/0.015,0.0104280000
2022-01-31,SWAPTION/RATE_NVOL/EUR/3Y/25Y/Smile/0.02,0.0118010000
2022-01-31,SWAPTION/RATE_NVOL/EUR/3Y/2Y/ATM,0.0075200000
2022-01-31,SWAPTION/RATE_NVOL/EUR/3Y/2Y/Smile/-0.0025,0.0070380000
2022-01-31,SWAPTION/RATE_NVOL/EUR/3Y/2Y/Smile/-0.005,0.0067270000
2022-01-31,SWAPTION/RATE_NVOL/EUR/3Y/2Y/Smile/-0.01,0.0066350000
2022-01-31,SWAPTION/RATE_NVOL/EUR/3Y/2Y/Smile/-0.015,0.0069520000
2022-01-31,SWAPTION/RATE_NVOL/EUR/3Y/2Y/Smile/-0.02,0.0073270000
2022-01-31,SWAPTION/RATE_NVOL/EUR/3Y/2Y/Smile/0.0025,0.0081140000
2022-01-31,SWAPTION/RATE_NVOL/EUR/3Y/2Y/Smile/0.005,0.0087810000
2022-01-31,SWAPTION/RATE_NVOL/EUR/3Y/2Y/Smile/0.01,0.0102020000
2022-01-31,SWAPTION/RATE_NVOL/EUR/3Y/2Y/Smile/0.015,0.0116510000
2022-01-31,SWAPTION/RATE_NVOL/EUR/3Y/2Y/Smile/0.02,0.0130880000
2022-01-31,SWAPTION/RATE_NVOL/EUR/3Y/30Y/ATM,0.0062340000
2022-01-31,SWAPTION/RATE_NVOL/EUR/3Y/30Y/Smile/-0.0025,0.0057020000
2022-01-31,SWAPTION/RATE_NVOL/EUR/3Y/30Y/Smile/-0.005,0.0053530000
2022-01-31,SWAPTION/RATE_NVOL/EUR/3Y/30Y/Smile/-0.01,0.0052850000
2022-01-31,SWAPTION/RATE_NVOL/EUR/3Y/30Y/Smile/-0.015,0.0056680000
2022-01-31,SWAPTION/RATE_NVOL/EUR/3Y/30Y/Smile/-0.02,0.0061260000
2022-01-31,SWAPTION/RATE_NVOL/EUR/3Y/30Y/Smile/0.0025,0.0068720000
2022-01-31,SWAPTION/RATE_NVOL/EUR/3Y/30Y/Smile/0.005,0.0075590000
2022-01-31,SWAPTION/RATE_NVOL/EUR/3Y/30Y/Smile/0.01,0.0089730000
2022-01-31,SWAPTION/RATE_NVOL/EUR/3Y/30Y/Smile/0.015,0.0103750000
2022-01-31,SWAPTION/RATE_NVOL/EUR/3Y/30Y/Smile/0.02,0.0117470000
2022-01-31,SWAPTION/RATE_NVOL/EUR/3Y/3Y/ATM,0.0073500000
2022-01-31,SWAPTION/RATE_NVOL/EUR/3Y/3Y/Smile/-0.0025,0.0068700000
2022-01-31,SWAPTION/RATE_NVOL/EUR/3Y/3Y/Smile/-0.005,0.0065550000
2022-01-31,SWAPTION/RATE_NVOL/EUR/3Y/3Y/Smile/-0.01,0.0064640000
2022-01-31,SWAPTION/RATE_NVOL/EUR/3Y/3Y/Smile/-0.015,0.0067890000
2022-01-31,SWAPTION/RATE_NVOL/EUR/3Y/3Y/Smile/-0.02,0.0071780000
2022-01-31,SWAPTION/RATE_NVOL/EUR/3Y/3Y/Smile/0.0025,0.0079560000
2022-01-31,SWAPTION/RATE_NVOL/EUR/3Y/3Y/Smile/0.005,0.0086250000
2022-01-31,SWAPTION/RATE_NVOL/EUR/3Y/3Y/Smile/0.01,0.0100450000
2022-01-31,SWAPTION/RATE_NVOL/EUR/3Y/3Y/Smile/0.015,0.0114890000
2022-01-31,SWAPTION/RATE_NVOL/EUR/3Y/3Y/Smile/0.02,0.0129170000
2022-01-31,SWAPTION/RATE_NVOL/EUR/3Y/4Y/ATM,0.0071800000
2022-01-31,SWAPTION/RATE_NVOL/EUR/3Y/4Y/Smile/-0.0025,0.0066900000
2022-01-31,SWAPTION/RATE_NVOL/EUR/3Y/4Y/Smile/-0.005,0.0063700000
2022-01-31,SWAPTION/RATE_NVOL/EUR/3Y/4Y/Smile/-0.01,0.0062800000
2022-01-31,SWAPTION/RATE_NVOL/EUR/3Y/4Y/Smile/-0.015,0.0066170000
2022-01-31,SWAPTION/RATE_NVOL/EUR/3Y/4Y/Smile/-0.02,0.0070240000
2022-01-31,SWAPTION/RATE_NVOL/EUR/3Y/4Y/Smile/0.0025,0.0077890000
2022-01-31,SWAPTION/RATE_NVOL/EUR/3Y/4Y/Smile/0.005,0.0084610000
2022-01-31,SWAPTION/RATE_NVOL/EUR/3Y/4Y/Smile/0.01,0.0098800000
2022-01-31,SWAPTION/RATE_NVOL/EUR/3Y/4Y/Smile/0.015,0.0113160000
2022-01-31,SWAPTION/RATE_NVOL/EUR/3Y/4Y/Smile/0.02,0.0127350000
2022-01-31,SWAPTION/RATE_NVOL/EUR/3Y/5Y/ATM,0.0070400000
2022-01-31,SWAPTION/RATE_NVOL/EUR/3Y/5Y/Smile/-0.0025,0.0065440000
2022-01-31,SWAPTION/RATE_NVOL/EUR/3Y/5Y/Smile/-0.005,0.0062190000
2022-01-31,SWAPTION/RATE_NVOL/EUR/3Y/5Y/Smile/-0.01,0.0061310000
2022-01-31,SWAPTION/RATE_NVOL/EUR/3Y/5Y/Smile/-0.015,0.0064770000
2022-01-31,SWAPTION/RATE_NVOL/EUR/3Y/5Y/Smile/-0.02,0.0069020000
2022-01-31,SWAPTION/RATE_NVOL/EUR/3Y/5Y/Smile/0.0025,0.0076550000
2022-01-31,SWAPTION/RATE_NVOL/EUR/3Y/5Y/Smile/0.005,0.0083280000
2022-01-31,SWAPTION/RATE_NVOL/EUR/3Y/5Y/Smile/0.01,0.0097460000
2022-01-31,SWAPTION/RATE_NVOL/EUR/3Y/5Y/Smile/0.015,0.0111760000
2022-01-31,SWAPTION/RATE_NVOL/EUR/3Y/5Y/Smile/0.02,0.0125870000
2022-01-31,SWAPTION/RATE_NVOL/EUR/3Y/6Y/ATM,0.0069600000
2022-01-31,SWAPTION/RATE_NVOL/EUR/3Y/6Y/Smile/-0.0025,0.0064570000
2022-01-31,SWAPTION/RATE_NVOL/EUR/3Y/6Y/Smile/-0.005,0.0061280000
2022-01-31,SWAPTION/RATE_NVOL/EUR/3Y/6Y/Smile/-0.01,0.0060410000
2022-01-31,SWAPTION/RATE_NVOL/EUR/3Y/6Y/Smile/-0.015,0.0063950000
2022-01-31,SWAPTION/RATE_NVOL/EUR/3Y/6Y/Smile/-0.02,0.0068340000
2022-01-31,SWAPTION/RATE_NVOL/EUR/3Y/6Y/Smile/0.0025,0.0075750000
2022-01-31,SWAPTION/RATE_NVOL/EUR/3Y/6Y/Smile/0.005,0.0082510000
2022-01-31,SWAPTION/RATE_NVOL/EUR/3Y/6Y/Smile/0.01,0.0096670000
2022-01-31,SWAPTION/RATE_NVOL/EUR/3Y/6Y/Smile/0.015,0.0110940000
2022-01-31,SWAPTION/RATE_NVOL/EUR/3Y/6Y/Smile/0.02,0.0125000000
2022-01-31,SWAPTION/RATE_NVOL/EUR/3Y/7Y/ATM,0.0068600000
2022-01-31,SWAPTION/RATE_NVOL/EUR/3Y/7Y/Smile/-0.0025,0.0063490000
2022-01-31,SWAPTION/RATE_NVOL/EUR/3Y/7Y/Smile/-0.005,0.0060160000
2022-01-31,SWAPTION/RATE_NVOL/EUR/3Y/7Y/Smile/-0.01,0.0059300000
2022-01-31,SWAPTION/RATE_NVOL/EUR/3Y/7Y/Smile/-0.015,0.0062930000
2022-01-31,SWAPTION/RATE_NVOL/EUR/3Y/7Y/Smile/-0.02,0.0067460000
2022-01-31,SWAPTION/RATE_NVOL/EUR/3Y/7Y/Smile/0.0025,0.0074780000
2022-01-31,SWAPTION/RATE_NVOL/EUR/3Y/7Y/Smile/0.005,0.0081560000
2022-01-31,SWAPTION/RATE_NVOL/EUR/3Y/7Y/Smile/0.01,0.0095730000
2022-01-31,SWAPTION/RATE_NVOL/EUR/3Y/7Y/Smile/0.015,0.0109960000
2022-01-31,SWAPTION/RATE_NVOL/EUR/3Y/7Y/Smile/0.02,0.0123970000
2022-01-31,SWAPTION/RATE_NVOL/EUR/3Y/8Y/ATM,0.0067300000
2022-01-31,SWAPTION/RATE_NVOL/EUR/3Y/8Y/Smile/-0.0025,0.0062140000
2022-01-31,SWAPTION/RATE_NVOL/EUR/3Y/8Y/Smile/-0.005,0.0058760000
2022-01-31,SWAPTION/RATE_NVOL/EUR/3Y/8Y/Smile/-0.01,0.0057930000
2022-01-31,SWAPTION/RATE_NVOL/EUR/3Y/8Y/Smile/-0.015,0.0061640000
2022-01-31,SWAPTION/RATE_NVOL/EUR/3Y/8Y/Smile/-0.02,0.0066310000
2022-01-31,SWAPTION/RATE_NVOL/EUR/3Y/8Y/Smile/0.0025,0.0073550000
2022-01-31,SWAPTION/RATE_NVOL/EUR/3Y/8Y/Smile/0.005,0.0080360000
2022-01-31,SWAPTION/RATE_NVOL/EUR/3Y/8Y/Smile/0.01,0.0094540000
2022-01-31,SWAPTION/RATE_NVOL/EUR/3Y/8Y/Smile/0.015,0.0108740000
2022-01-31,SWAPTION/RATE_NVOL/EUR/3Y/8Y/Smile/0.02,0.0122690000
2022-01-31,SWAPTION/RATE_NVOL/EUR/3Y/9Y/ATM,0.0066000000
2022-01-31,SWAPTION/RATE_NVOL/EUR/3Y/9Y/Smile/-0.0025,0.0060780000
2022-01-31,SWAPTION/RATE_NVOL/EUR/3Y/9Y/Smile/-0.005,0.0057350000
2022-01-31,SWAPTION/RATE_NVOL/EUR/3Y/9Y/Smile/-0.01,0.0056540000
2022-01-31,SWAPTION/RATE_NVOL/EUR/3Y/9Y/Smile/-0.015,0.0060350000
2022-01-31,SWAPTION/RATE_NVOL/EUR/3Y/9Y/Smile/-0.02,0.0065140000
2022-01-31,SWAPTION/RATE_NVOL/EUR/3Y/9Y/Smile/0.0025,0.0072310000
2022-01-31,SWAPTION/RATE_NVOL/EUR/3Y/9Y/Smile/0.005,0.0079160000
2022-01-31,SWAPTION/RATE_NVOL/EUR/3Y/9Y/Smile/0.01,0.0093340000
2022-01-31,SWAPTION/RATE_NVOL/EUR/3Y/9Y/Smile/0.015,0.0107500000
2022-01-31,SWAPTION/RATE_NVOL/EUR/3Y/9Y/Smile/0.02,0.0121400000
2022-01-31,SWAPTION/RATE_NVOL/EUR/4Y/10Y/ATM,0.0063990000
2022-01-31,SWAPTION/RATE_NVOL/EUR/4Y/10Y/Smile/-0.0025,0.0059620000
2022-01-31,SWAPTION/RATE_NVOL/EUR/4Y/10Y/Smile/-0.005,0.0056670000
2022-01-31,SWAPTION/RATE_NVOL/EUR/4Y/10Y/Smile/-0.01,0.0055550000
2022-01-31,SWAPTION/RATE_NVOL/EUR/4Y/10Y/Smile/-0.015,0.0058410000
2022-01-31,SWAPTION/RATE_NVOL/EUR/4Y/10Y/Smile/-0.02,0.0062310000
2022-01-31,SWAPTION/RATE_NVOL/EUR/4Y/10Y/Smile/0.0025,0.0069300000
2022-01-31,SWAPTION/RATE_NVOL/EUR/4Y/10Y/Smile/0.005,0.0075130000
2022-01-31,SWAPTION/RATE_NVOL/EUR/4Y/10Y/Smile/0.01,0.0087410000
2022-01-31,SWAPTION/RATE_NVOL/EUR/4Y/10Y/Smile/0.015,0.0099830000
2022-01-31,SWAPTION/RATE_NVOL/EUR/4Y/10Y/Smile/0.02,0.0112100000
2022-01-31,SWAPTION/RATE_NVOL/EUR/4Y/15Y/ATM,0.0062540000
2022-01-31,SWAPTION/RATE_NVOL/EUR/4Y/15Y/Smile/-0.0025,0.0058130000
2022-01-31,SWAPTION/RATE_NVOL/EUR/4Y/15Y/Smile/-0.005,0.0055150000
2022-01-31,SWAPTION/RATE_NVOL/EUR/4Y/15Y/Smile/-0.01,0.0054050000
2022-01-31,SWAPTION/RATE_NVOL/EUR/4Y/15Y/Smile/-0.015,0.0056960000
2022-01-31,SWAPTION/RATE_NVOL/EUR/4Y/15Y/Smile/-0.02,0.0060900000
2022-01-31,SWAPTION/RATE_NVOL/EUR/4Y/15Y/Smile/0.0025,0.0067890000
2022-01-31,SWAPTION/RATE_NVOL/EUR/4Y/15Y/Smile/0.005,0.0073740000
2022-01-31,SWAPTION/RATE_NVOL/EUR/4Y/15Y/Smile/0.01,0.0086010000
2022-01-31,SWAPTION/RATE_NVOL/EUR/4Y/15Y/Smile/0.015,0.0098380000
2022-01-31,SWAPTION/RATE_NVOL/EUR/4Y/15Y/Smile/0.02,0.0110590000
2022-01-31,SWAPTION/RATE_NVOL/EUR/4Y/1Y/ATM,0.0074700000
2022-01-31,SWAPTION/RATE_NVOL/EUR/4Y/1Y/Smile/-0.0025,0.0070740000
2022-01-31,SWAPTION/RATE_NVOL/EUR/4Y/1Y/Smile/-0.005,0.0068140000
2022-01-31,SWAPTION/RATE_NVOL/EUR/4Y/1Y/Smile/-0.01,0.0066990000
2022-01-31,SWAPTION/RATE_NVOL/EUR/4Y/1Y/Smile/-0.015,0.0069110000
2022-01-31,SWAPTION/RATE_NVOL/EUR/4Y/1Y/Smile/-0.02,0.0071490000
2022-01-31,SWAPTION/RATE_NVOL/EUR/4Y/1Y/Smile/0.0025,0.0079680000
2022-01-31,SWAPTION/RATE_NVOL/EUR/4Y/1Y/Smile/0.005,0.0085340000
2022-01-31,SWAPTION/RATE_NVOL/EUR/4Y/1Y/Smile/0.01,0.0097690000
2022-01-31,SWAPTION/RATE_NVOL/EUR/4Y/1Y/Smile/0.015,0.0110530000
2022-01-31,SWAPTION/RATE_NVOL/EUR/4Y/1Y/Smile/0.02,0.0123400000
2022-01-31,SWAPTION/RATE_NVOL/EUR/4Y/20Y/ATM,0.0061920000
2022-01-31,SWAPTION/RATE_NVOL/EUR/4Y/20Y/Smile/-0.0025,0.0057510000
2022-01-31,SWAPTION/RATE_NVOL/EUR/4Y/20Y/Smile/-0.005,0.0054540000
2022-01-31,SWAPTION/RATE_NVOL/EUR/4Y/20Y/Smile/-0.01,0.0053460000
2022-01-31,SWAPTION/RATE_NVOL/EUR/4Y/20Y/Smile/-0.015,0.0056340000
2022-01-31,SWAPTION/RATE_NVOL/EUR/4Y/20Y/Smile/-0.02,0.0060150000
2022-01-31,SWAPTION/RATE_NVOL/EUR/4Y/20Y/Smile/0.0025,0.0067270000
2022-01-31,SWAPTION/RATE_NVOL/EUR/4Y/20Y/Smile/0.005,0.0073130000
2022-01-31,SWAPTION/RATE_NVOL/EUR/4Y/20Y/Smile/0.01,0.0085400000
2022-01-31,SWAPTION/RATE_NVOL/EUR/4Y/20Y/Smile/0.015,0.0097760000
2022-01-31,SWAPTION/RATE_NVOL/EUR/4Y/20Y/Smile/0.02,0.0109950000
2022-01-31,SWAPTION/RATE_NVOL/EUR/4Y/25Y/ATM,0.0061150000
2022-01-31,SWAPTION/RATE_NVOL/EUR/4Y/25Y/Smile/-0.0025,0.0056740000
2022-01-31,SWAPTION/RATE_NVOL/EUR/4Y/25Y/Smile/-0.005,0.0053780000
2022-01-31,SWAPTION/RATE_NVOL/EUR/4Y/25Y/Smile/-0.01,0.0052730000
2022-01-31,SWAPTION/RATE_NVOL/EUR/4Y/25Y/Smile/-0.015,0.0055570000
2022-01-31,SWAPTION/RATE_NVOL/EUR/4Y/25Y/Smile/-0.02,0.0059200000
2022-01-31,SWAPTION/RATE_NVOL/EUR/4Y/25Y/Smile/0.0025,0.0066500000
2022-01-31,SWAPTION/RATE_NVOL/EUR/4Y/25Y/Smile/0.005,0.0072360000
2022-01-31,SWAPTION/RATE_NVOL/EUR/4Y/25Y/Smile/0.01,0.0084630000
2022-01-31,SWAPTION/RATE_NVOL/EUR/4Y/25Y/Smile/0.015,0.0096990000
2022-01-31,SWAPTION/RATE_NVOL/EUR/4Y/25Y/Smile/0.02,0.0109160000
2022-01-31,SWAPTION/RATE_NVOL/EUR/4Y/2Y/ATM,0.0073200000
2022-01-31,SWAPTION/RATE_NVOL/EUR/4Y/2Y/Smile/-0.0025,0.0069140000
2022-01-31,SWAPTION/RATE_NVOL/EUR/4Y/2Y/Smile/-0.005,0.0066480000
2022-01-31,SWAPTION/RATE_NVOL/EUR/4Y/2Y/Smile/-0.01,0.0065310000
2022-01-31,SWAPTION/RATE_NVOL/EUR/4Y/2Y/Smile/-0.015,0.0067590000
2022-01-31,SWAPTION/RATE_NVOL/EUR/4Y/2Y/Smile/-0.02,0.0070410000
2022-01-31,SWAPTION/RATE_NVOL/EUR/4Y/2Y/Smile/0.0025,0.0078210000
2022-01-31,SWAPTION/RATE_NVOL/EUR/4Y/2Y/Smile/0.005,0.0083900000
2022-01-31,SWAPTION/RATE_NVOL/EUR/4Y/2Y/Smile/0.01,0.0096240000
2022-01-31,SWAPTION/RATE_NVOL/EUR/4Y/2Y/Smile/0.015,0.0109000000
2022-01-31,SWAPTION/RATE_NVOL/EUR/4Y/2Y/Smile/0.02,0.0121780000
2022-01-31,SWAPTION/RATE_NVOL/EUR/4Y/30Y/ATM,0.0060650000
2022-01-31,SWAPTION/RATE_NVOL/EUR/4Y/30Y/Smile/-0.0025,0.0056220000
2022-01-31,SWAPTION/RATE_NVOL/EUR/4Y/30Y/Smile/-0.005,0.0053260000
2022-01-31,SWAPTION/RATE_NVOL/EUR/4Y/30Y/Smile/-0.01,0.0052220000
2022-01-31,SWAPTION/RATE_NVOL/EUR/4Y/30Y/Smile/-0.015,0.0055060000
2022-01-31,SWAPTION/RATE_NVOL/EUR/4Y/30Y/Smile/-0.02,0.0058660000
2022-01-31,SWAPTION/RATE_NVOL/EUR/4Y/30Y/Smile/0.0025,0.0066010000
2022-01-31,SWAPTION/RATE_NVOL/EUR/4Y/30Y/Smile/0.005,0.0071870000
2022-01-31,SWAPTION/RATE_NVOL/EUR/4Y/30Y/Smile/0.01,0.0084140000
2022-01-31,SWAPTION/RATE_NVOL/EUR/4Y/30Y/Smile/0.015,0.0096480000
2022-01-31,SWAPTION/RATE_NVOL/EUR/4Y/30Y/Smile/0.02,0.0108640000
2022-01-31,SWAPTION/RATE_NVOL/EUR/4Y/3Y/ATM,0.0071700000
2022-01-31,SWAPTION/RATE_NVOL/EUR/4Y/3Y/Smile/-0.0025,0.0067660000
2022-01-31,SWAPTION/RATE_NVOL/EUR/4Y/3Y/Smile/-0.005,0.0064950000
2022-01-31,SWAPTION/RATE_NVOL/EUR/4Y/3Y/Smile/-0.01,0.0063780000
2022-01-31,SWAPTION/RATE_NVOL/EUR/4Y/3Y/Smile/-0.015,0.0066150000
2022-01-31,SWAPTION/RATE_NVOL/EUR/4Y/3Y/Smile/-0.02,0.0069170000
2022-01-31,SWAPTION/RATE_NVOL/EUR/4Y/3Y/Smile/0.0025,0.0076810000
2022-01-31,SWAPTION/RATE_NVOL/EUR/4Y/3Y/Smile/0.005,0.0082520000
2022-01-31,SWAPTION/RATE_NVOL/EUR/4Y/3Y/Smile/0.01,0.0094860000
2022-01-31,SWAPTION/RATE_NVOL/EUR/4Y/3Y/Smile/0.015,0.0107570000
2022-01-31,SWAPTION/RATE_NVOL/EUR/4Y/3Y/Smile/0.02,0.0120260000
2022-01-31,SWAPTION/RATE_NVOL/EUR/4Y/4Y/ATM,0.0070200000
2022-01-31,SWAPTION/RATE_NVOL/EUR/4Y/4Y/Smile/-0.0025,0.0066070000
2022-01-31,SWAPTION/RATE_NVOL/EUR/4Y/4Y/Smile/-0.005,0.0063320000
2022-01-31,SWAPTION/RATE_NVOL/EUR/4Y/4Y/Smile/-0.01,0.0062160000
2022-01-31,SWAPTION/RATE_NVOL/EUR/4Y/4Y/Smile/-0.015,0.0064620000
2022-01-31,SWAPTION/RATE_NVOL/EUR/4Y/4Y/Smile/-0.02,0.0067850000
2022-01-31,SWAPTION/RATE_NVOL/EUR/4Y/4Y/Smile/0.0025,0.0075330000
2022-01-31,SWAPTION/RATE_NVOL/EUR/4Y/4Y/Smile/0.005,0.0081060000
2022-01-31,SWAPTION/RATE_NVOL/EUR/4Y/4Y/Smile/0.01,0.0093390000
2022-01-31,SWAPTION/RATE_NVOL/EUR/4Y/4Y/Smile/0.015,0.0106040000
2022-01-31,SWAPTION/RATE_NVOL/EUR/4Y/4Y/Smile/0.02,0.0118650000
2022-01-31,SWAPTION/RATE_NVOL/EUR/4Y/5Y/ATM,0.0069100000
2022-01-31,SWAPTION/RATE_NVOL/EUR/4Y/5Y/Smile/-0.0025,0.0064930000
2022-01-31,SWAPTION/RATE_NVOL/EUR/4Y/5Y/Smile/-0.005,0.0062130000
2022-01-31,SWAPTION/RATE_NVOL/EUR/4Y/5Y/Smile/-0.01,0.0060970000
2022-01-31,SWAPTION/RATE_NVOL/EUR/4Y/5Y/Smile/-0.015,0.0063520000
2022-01-31,SWAPTION/RATE_NVOL/EUR/4Y/5Y/Smile/-0.02,0.0066920000
2022-01-31,SWAPTION/RATE_NVOL/EUR/4Y/5Y/Smile/0.0025,0.0074260000
2022-01-31,SWAPTION/RATE_NVOL/EUR/4Y/5Y/Smile/0.005,0.0080020000
2022-01-31,SWAPTION/RATE_NVOL/EUR/4Y/5Y/Smile/0.01,0.0092330000
2022-01-31,SWAPTION/RATE_NVOL/EUR/4Y/5Y/Smile/0.015,0.0104940000
2022-01-31,SWAPTION/RATE_NVOL/EUR/4Y/5Y/Smile/0.02,0.0117480000
2022-01-31,SWAPTION/RATE_NVOL/EUR/4Y/6Y/ATM,0.0068200000
2022-01-31,SWAPTION/RATE_NVOL/EUR/4Y/6Y/Smile/-0.0025,0.0063990000
2022-01-31,SWAPTION/RATE_NVOL/EUR/4Y/6Y/Smile/-0.005,0.0061160000
2022-01-31,SWAPTION/RATE_NVOL/EUR/4Y/6Y/Smile/-0.01,0.0060010000
2022-01-31,SWAPTION/RATE_NVOL/EUR/4Y/6Y/Smile/-0.015,0.0062620000
2022-01-31,SWAPTION/RATE_NVOL/EUR/4Y/6Y/Smile/-0.02,0.0066150000
2022-01-31,SWAPTION/RATE_NVOL/EUR/4Y/6Y/Smile/0.0025,0.0073390000
2022-01-31,SWAPTION/RATE_NVOL/EUR/4Y/6Y/Smile/0.005,0.0079160000
2022-01-31,SWAPTION/RATE_NVOL/EUR/4Y/6Y/Smile/0.01,0.0091460000
2022-01-31,SWAPTION/RATE_NVOL/EUR/4Y/6Y/Smile/0.015,0.0104040000
2022-01-31,SWAPTION/RATE_NVOL/EUR/4Y/6Y/Smile/0.02,0.0116530000
2022-01-31,SWAPTION/RATE_NVOL/EUR/4Y/7Y/ATM,0.0067300000
2022-01-31,SWAPTION/RATE_NVOL/EUR/4Y/7Y/Smile/-0.0025,0.0063020000
2022-01-31,SWAPTION/RATE_NVOL/EUR/4Y/7Y/Smile/-0.005,0.0060160000
2022-01-31,SWAPTION/RATE_NVOL/EUR/4Y/7Y/Smile/-0.01,0.0059010000
2022-01-31,SWAPTION/RATE_NVOL/EUR/4Y/7Y/Smile/-0.015,0.0061680000
2022-01-31,SWAPTION/RATE_NVOL/EUR/4Y/7Y/Smile/-0.02,0.0065330000
2022-01-31,SWAPTION/RATE_NVOL/EUR/4Y/7Y/Smile/0.0025,0.0072480000
2022-01-31,SWAPTION/RATE_NVOL/EUR/4Y/7Y/Smile/0.005,0.0078260000
2022-01-31,SWAPTION/RATE_NVOL/EUR/4Y/7Y/Smile/0.01,0.0090570000
2022-01-31,SWAPTION/RATE_NVOL/EUR/4Y/7Y/Smile/0.015,0.0103100000
2022-01-31,SWAPTION/RATE_NVOL/EUR/4Y/7Y/Smile/0.02,0.0115540000
2022-01-31,SWAPTION/RATE_NVOL/EUR/4Y/8Y/ATM,0.0066240000
2022-01-31,SWAPTION/RATE_NVOL/EUR/4Y/8Y/Smile/-0.0025,0.0061950000
2022-01-31,SWAPTION/RATE_NVOL/EUR/4Y/8Y/Smile/-0.005,0.0059060000
2022-01-31,SWAPTION/RATE_NVOL/EUR/4Y/8Y/Smile/-0.01,0.0057910000
2022-01-31,SWAPTION/RATE_NVOL/EUR/4Y/8Y/Smile/-0.015,0.0060650000
2022-01-31,SWAPTION/RATE_NVOL/EUR/4Y/8Y/Smile/-0.02,0.0064400000
2022-01-31,SWAPTION/RATE_NVOL/EUR/4Y/8Y/Smile/0.0025,0.0071480000
2022-01-31,SWAPTION/RATE_NVOL/EUR/4Y/8Y/Smile/0.005,0.0077280000
2022-01-31,SWAPTION/RATE_NVOL/EUR/4Y/8Y/Smile/0.01,0.0089570000
2022-01-31,SWAPTION/RATE_NVOL/EUR/4Y/8Y/Smile/0.015,0.0102070000
2022-01-31,SWAPTION/RATE_NVOL/EUR/4Y/8Y/Smile/0.02,0.0114460000
2022-01-31,SWAPTION/RATE_NVOL/EUR/4Y/9Y/ATM,0.0065110000
2022-01-31,SWAPTION/RATE_NVOL/EUR/4Y/9Y/Smile/-0.0025,0.0060780000
2022-01-31,SWAPTION/RATE_NVOL/EUR/4Y/9Y/Smile/-0.005,0.0057860000
2022-01-31,SWAPTION/RATE_NVOL/EUR/4Y/9Y/Smile/-0.01,0.0056730000
2022-01-31,SWAPTION/RATE_NVOL/EUR/4Y/9Y/Smile/-0.015,0.0059530000
2022-01-31,SWAPTION/RATE_NVOL/EUR/4Y/9Y/Smile/-0.02,0.0063360000
2022-01-31,SWAPTION/RATE_NVOL/EUR/4Y/9Y/Smile/0.0025,0.0070390000
2022-01-31,SWAPTION/RATE_NVOL/EUR/4Y/9Y/Smile/0.005,0.0076200000
2022-01-31,SWAPTION/RATE_NVOL/EUR/4Y/9Y/Smile/0.01,0.0088490000
2022-01-31,SWAPTION/RATE_NVOL/EUR/4Y/9Y/Smile/0.015,0.0100950000
2022-01-31,SWAPTION/RATE_NVOL/EUR/4Y/9Y/Smile/0.02,0.0113270000
2022-01-31,SWAPTION/RATE_NVOL/EUR/5Y/10Y/ATM,0.0063240000
2022-01-31,SWAPTION/RATE_NVOL/EUR/5Y/10Y/Smile/-0.0025,0.0059560000
2022-01-31,SWAPTION/RATE_NVOL/EUR/5Y/10Y/Smile/-0.005,0.0056800000
2022-01-31,SWAPTION/RATE_NVOL/EUR/5Y/10Y/Smile/-0.01,0.0054530000
2022-01-31,SWAPTION/RATE_NVOL/EUR/5Y/10Y/Smile/-0.015,0.0055570000
2022-01-31,SWAPTION/RATE_NVOL/EUR/5Y/10Y/Smile/-0.02,0.0057840000
2022-01-31,SWAPTION/RATE_NVOL/EUR/5Y/10Y/Smile/0.0025,0.0067580000
2022-01-31,SWAPTION/RATE_NVOL/EUR/5Y/10Y/Smile/0.005,0.0072320000
2022-01-31,SWAPTION/RATE_NVOL/EUR/5Y/10Y/Smile/0.01,0.0082410000
2022-01-31,SWAPTION/RATE_NVOL/EUR/5Y/10Y/Smile/0.015,0.0092740000
2022-01-31,SWAPTION/RATE_NVOL/EUR/5Y/10Y/Smile/0.02,0.0103040000
2022-01-31,SWAPTION/RATE_NVOL/EUR/5Y/15Y/ATM,0.0061570000
2022-01-31,SWAPTION/RATE_NVOL/EUR/5Y/15Y/Smile/-0.0025,0.0057850000
2022-01-31,SWAPTION/RATE_NVOL/EUR/5Y/15Y/Smile/-0.005,0.0055060000
2022-01-31,SWAPTION/RATE_NVOL/EUR/5Y/15Y/Smile/-0.01,0.0052810000
2022-01-31,SWAPTION/RATE_NVOL/EUR/5Y/15Y/Smile/-0.015,0.0053900000
2022-01-31,SWAPTION/RATE_NVOL/EUR/5Y/15Y/Smile/-0.02,0.0056180000
2022-01-31,SWAPTION/RATE_NVOL/EUR/5Y/15Y/Smile/0.0025,0.0065940000
2022-01-31,SWAPTION/RATE_NVOL/EUR/5Y/15Y/Smile/0.005,0.0070710000
2022-01-31,SWAPTION/RATE_NVOL/EUR/5Y/15Y/Smile/0.01,0.0080800000
2022-01-31,SWAPTION/RATE_NVOL/EUR/5Y/15Y/Smile/0.015,0.0091110000
2022-01-31,SWAPTION/RATE_NVOL/EUR/5Y/15Y/Smile/0.02,0.0101370000
2022-01-31,SWAPTION/RATE_NVOL/EUR/5Y/1Y/ATM,0.0071740000
2022-01-31,SWAPTION/RATE_NVOL/EUR/5Y/1Y/Smile/-0.0025,0.0068280000
2022-01-31,SWAPTION/RATE_NVOL/EUR/5Y/1Y/Smile/-0.005,0.0065670000
2022-01-31,SWAPTION/RATE_NVOL/EUR/5Y/1Y/Smile/-0.01,0.0063200000
2022-01-31,SWAPTION/RATE_NVOL/EUR/5Y/1Y/Smile/-0.015,0.0063390000
2022-01-31,SWAPTION/RATE_NVOL/EUR/5Y/1Y/Smile/-0.02,0.0064070000
2022-01-31,SWAPTION/RATE_NVOL/EUR/5Y/1Y/Smile/0.0025,0.0075870000
2022-01-31,SWAPTION/RATE_NVOL/EUR/5Y/1Y/Smile/0.005,0.0080480000
2022-01-31,SWAPTION/RATE_NVOL/EUR/5Y/1Y/Smile/0.01,0.0090490000
2022-01-31,SWAPTION/RATE_NVOL/EUR/5Y/1Y/Smile/0.015,0.0100960000
2022-01-31,SWAPTION/RATE_NVOL/EUR/5Y/1Y/Smile/0.02,0.0111540000
2022-01-31,SWAPTION/RATE_NVOL/EUR/5Y/20Y/ATM,0.0060650000
2022-01-31,SWAPTION/RATE_NVOL/EUR/5Y/20Y/Smile/-0.0025,0.0056920000
2022-01-31,SWAPTION/RATE_NVOL/EUR/5Y/20Y/Smile/-0.005,0.0054140000
2022-01-31,SWAPTION/RATE_NVOL/EUR/5Y/20Y/Smile/-0.01,0.0051910000
2022-01-31,SWAPTION/RATE_NVOL/EUR/5Y/20Y/Smile/-0.015,0.0052980000
2022-01-31,SWAPTION/RATE_NVOL/EUR/5Y/20Y/Smile/-0.02,0.0055130000
2022-01-31,SWAPTION/RATE_NVOL/EUR/5Y/20Y/Smile/0.0025,0.0065030000
2022-01-31,SWAPTION/RATE_NVOL/EUR/5Y/20Y/Smile/0.005,0.0069810000
2022-01-31,SWAPTION/RATE_NVOL/EUR/5Y/20Y/Smile/0.01,0.0079900000
2022-01-31,SWAPTION/RATE_NVOL/EUR/5Y/20Y/Smile/0.015,0.0090200000
2022-01-31,SWAPTION/RATE_NVOL/EUR/5Y/20Y/Smile/0.02,0.0100450000
2022-01-31,SWAPTION/RATE_NVOL/EUR/5Y/25Y/ATM,0.0059950000
2022-01-31,SWAPTION/RATE_NVOL/EUR/5Y/25Y/Smile/-0.0025,0.0056230000
2022-01-31,SWAPTION/RATE_NVOL/EUR/5Y/25Y/Smile/-0.005,0.0053450000
2022-01-31,SWAPTION/RATE_NVOL/EUR/5Y/25Y/Smile/-0.01,0.0051250000
2022-01-31,SWAPTION/RATE_NVOL/EUR/5Y/25Y/Smile/-0.015,0.0052280000
2022-01-31,SWAPTION/RATE_NVOL/EUR/5Y/25Y/Smile/-0.02,0.0054250000
2022-01-31,SWAPTION/RATE_NVOL/EUR/5Y/25Y/Smile/0.0025,0.0064330000
2022-01-31,SWAPTION/RATE_NVOL/EUR/5Y/25Y/Smile/0.005,0.0069110000
2022-01-31,SWAPTION/RATE_NVOL/EUR/5Y/25Y/Smile/0.01,0.0079210000
2022-01-31,SWAPTION/RATE_NVOL/EUR/5Y/25Y/Smile/0.015,0.0089510000
2022-01-31,SWAPTION/RATE_NVOL/EUR/5Y/25Y/Smile/0.02,0.0099750000
2022-01-31,SWAPTION/RATE_NVOL/EUR/5Y/2Y/ATM,0.0071120000
2022-01-31,SWAPTION/RATE_NVOL/EUR/5Y/2Y/Smile/-0.0025,0.0067560000
2022-01-31,SWAPTION/RATE_NVOL/EUR/5Y/2Y/Smile/-0.005,0.0064840000
2022-01-31,SWAPTION/RATE_NVOL/EUR/5Y/2Y/Smile/-0.01,0.0062210000
2022-01-31,SWAPTION/RATE_NVOL/EUR/5Y/2Y/Smile/-0.015,0.0062410000
2022-01-31,SWAPTION/RATE_NVOL/EUR/5Y/2Y/Smile/-0.02,0.0063450000
2022-01-31,SWAPTION/RATE_NVOL/EUR/5Y/2Y/Smile/0.0025,0.0075310000
2022-01-31,SWAPTION/RATE_NVOL/EUR/5Y/2Y/Smile/0.005,0.0079950000
2022-01-31,SWAPTION/RATE_NVOL/EUR/5Y/2Y/Smile/0.01,0.0089970000
2022-01-31,SWAPTION/RATE_NVOL/EUR/5Y/2Y/Smile/0.015,0.0100410000
2022-01-31,SWAPTION/RATE_NVOL/EUR/5Y/2Y/Smile/0.02,0.0110920000
2022-01-31,SWAPTION/RATE_NVOL/EUR/5Y/30Y/ATM,0.0059260000
2022-01-31,SWAPTION/RATE_NVOL/EUR/5Y/30Y/Smile/-0.0025,0.0055520000
2022-01-31,SWAPTION/RATE_NVOL/EUR/5Y/30Y/Smile/-0.005,0.0052730000
2022-01-31,SWAPTION/RATE_NVOL/EUR/5Y/30Y/Smile/-0.01,0.0050530000
2022-01-31,SWAPTION/RATE_NVOL/EUR/5Y/30Y/Smile/-0.015,0.0051590000
2022-01-31,SWAPTION/RATE_NVOL/EUR/5Y/30Y/Smile/-0.02,0.0053570000
2022-01-31,SWAPTION/RATE_NVOL/EUR/5Y/30Y/Smile/0.0025,0.0063660000
2022-01-31,SWAPTION/RATE_NVOL/EUR/5Y/30Y/Smile/0.005,0.0068450000
2022-01-31,SWAPTION/RATE_NVOL/EUR/5Y/30Y/Smile/0.01,0.0078550000
2022-01-31,SWAPTION/RATE_NVOL/EUR/5Y/30Y/Smile/0.015,0.0088840000
2022-01-31,SWAPTION/RATE_NVOL/EUR/5Y/30Y/Smile/0.02,0.0099060000
2022-01-31,SWAPTION/RATE_NVOL/EUR/5Y/3Y/ATM,0.0070080000
2022-01-31,SWAPTION/RATE_NVOL/EUR/5Y/3Y/Smile/-0.0025,0.0066460000
2022-01-31,SWAPTION/RATE_NVOL/EUR/5Y/3Y/Smile/-0.005,0.0063680000
2022-01-31,SWAPTION/RATE_NVOL/EUR/5Y/3Y/Smile/-0.01,0.0060970000
2022-01-31,SWAPTION/RATE_NVOL/EUR/5Y/3Y/Smile/-0.015,0.0061190000
2022-01-31,SWAPTION/RATE_NVOL/EUR/5Y/3Y/Smile/-0.02,0.0062410000
2022-01-31,SWAPTION/RATE_NVOL/EUR/5Y/3Y/Smile/0.0025,0.0074320000
2022-01-31,SWAPTION/RATE_NVOL/EUR/5Y/3Y/Smile/0.005,0.0078990000
2022-01-31,SWAPTION/RATE_NVOL/EUR/5Y/3Y/Smile/0.01,0.0089020000
2022-01-31,SWAPTION/RATE_NVOL/EUR/5Y/3Y/Smile/0.015,0.0099420000
2022-01-31,SWAPTION/RATE_NVOL/EUR/5Y/3Y/Smile/0.02,0.0109880000
2022-01-31,SWAPTION/RATE_NVOL/EUR/5Y/4Y/ATM,0.0068530000
2022-01-31,SWAPTION/RATE_NVOL/EUR/5Y/4Y/Smile/-0.0025,0.0064920000
2022-01-31,SWAPTION/RATE_NVOL/EUR/5Y/4Y/Smile/-0.005,0.0062180000
2022-01-31,SWAPTION/RATE_NVOL/EUR/5Y/4Y/Smile/-0.01,0.0059640000
2022-01-31,SWAPTION/RATE_NVOL/EUR/5Y/4Y/Smile/-0.015,0.0060120000
2022-01-31,SWAPTION/RATE_NVOL/EUR/5Y/4Y/Smile/-0.02,0.0061650000
2022-01-31,SWAPTION/RATE_NVOL/EUR/5Y/4Y/Smile/0.0025,0.0072780000
2022-01-31,SWAPTION/RATE_NVOL/EUR/5Y/4Y/Smile/0.005,0.0077460000
2022-01-31,SWAPTION/RATE_NVOL/EUR/5Y/4Y/Smile/0.01,0.0087500000
2022-01-31,SWAPTION/RATE_NVOL/EUR/5Y/4Y/Smile/0.015,0.0097900000
2022-01-31,SWAPTION/RATE_NVOL/EUR/5Y/4Y/Smile/0.02,0.0108330000
2022-01-31,SWAPTION/RATE_NVOL/EUR/5Y/5Y/ATM,0.0067360000
2022-01-31,SWAPTION/RATE_NVOL/EUR/5Y/5Y/Smile/-0.0025,0.0063790000
2022-01-31,SWAPTION/RATE_NVOL/EUR/5Y/5Y/Smile/-0.005,0.0061100000
2022-01-31,SWAPTION/RATE_NVOL/EUR/5Y/5Y/Smile/-0.01,0.0058770000
2022-01-31,SWAPTION/RATE_NVOL/EUR/5Y/5Y/Smile/-0.015,0.0059500000
2022-01-31,SWAPTION/RATE_NVOL/EUR/5Y/5Y/Smile/-0.02,0.0061300000
2022-01-31,SWAPTION/RATE_NVOL/EUR/5Y/5Y/Smile/0.0025,0.0071600000
2022-01-31,SWAPTION/RATE_NVOL/EUR/5Y/5Y/Smile/0.005,0.0076280000
2022-01-31,SWAPTION/RATE_NVOL/EUR/5Y/5Y/Smile/0.01,0.0086330000
2022-01-31,SWAPTION/RATE_NVOL/EUR/5Y/5Y/Smile/0.015,0.0096730000
2022-01-31,SWAPTION/RATE_NVOL/EUR/5Y/5Y/Smile/0.02,0.0107160000
2022-01-31,SWAPTION/RATE_NVOL/EUR/5Y/6Y/ATM,0.0066660000
2022-01-31,SWAPTION/RATE_NVOL/EUR/5Y/6Y/Smile/-0.0025,0.0063080000
2022-01-31,SWAPTION/RATE_NVOL/EUR/5Y/6Y/Smile/-0.005,0.0060410000
2022-01-31,SWAPTION/RATE_NVOL/EUR/5Y/6Y/Smile/-0.01,0.0058150000
2022-01-31,SWAPTION/RATE_NVOL/EUR/5Y/6Y/Smile/-0.015,0.0058990000
2022-01-31,SWAPTION/RATE_NVOL/EUR/5Y/6Y/Smile/-0.02,0.0060940000
2022-01-31,SWAPTION/RATE_NVOL/EUR/5Y/6Y/Smile/0.0025,0.0070900000
2022-01-31,SWAPTION/RATE_NVOL/EUR/5Y/6Y/Smile/0.005,0.0075590000
2022-01-31,SWAPTION/RATE_NVOL/EUR/5Y/6Y/Smile/0.01,0.0085640000
2022-01-31,SWAPTION/RATE_NVOL/EUR/5Y/6Y/Smile/0.015,0.0096040000
2022-01-31,SWAPTION/RATE_NVOL/EUR/5Y/6Y/Smile/0.02,0.0106450000
2022-01-31,SWAPTION/RATE_NVOL/EUR/5Y/7Y/ATM,0.0065900000
2022-01-31,SWAPTION/RATE_NVOL/EUR/5Y/7Y/Smile/-0.0025,0.0062300000
2022-01-31,SWAPTION/RATE_NVOL/EUR/5Y/7Y/Smile/-0.005,0.0059600000
2022-01-31,SWAPTION/RATE_NVOL/EUR/5Y/7Y/Smile/-0.01,0.0057340000
2022-01-31,SWAPTION/RATE_NVOL/EUR/5Y/7Y/Smile/-0.015,0.0058230000
2022-01-31,SWAPTION/RATE_NVOL/EUR/5Y/7Y/Smile/-0.02,0.0060280000
2022-01-31,SWAPTION/RATE_NVOL/EUR/5Y/7Y/Smile/0.0025,0.0070170000
2022-01-31,SWAPTION/RATE_NVOL/EUR/5Y/7Y/Smile/0.005,0.0074870000
2022-01-31,SWAPTION/RATE_NVOL/EUR/5Y/7Y/Smile/0.01,0.0084930000
2022-01-31,SWAPTION/RATE_NVOL/EUR/5Y/7Y/Smile/0.015,0.0095310000
2022-01-31,SWAPTION/RATE_NVOL/EUR/5Y/7Y/Smile/0.02,0.0105700000
2022-01-31,SWAPTION/RATE_NVOL/EUR/5Y/8Y/ATM,0.0065130000
2022-01-31,SWAPTION/RATE_NVOL/EUR/5Y/8Y/Smile/-0.0025,0.0061500000
2022-01-31,SWAPTION/RATE_NVOL/EUR/5Y/8Y/Smile/-0.005,0.0058780000
2022-01-31,SWAPTION/RATE_NVOL/EUR/5Y/8Y/Smile/-0.01,0.0056510000
2022-01-31,SWAPTION/RATE_NVOL/EUR/5Y/8Y/Smile/-0.015,0.0057450000
2022-01-31,SWAPTION/RATE_NVOL/EUR/5Y/8Y/Smile/-0.02,0.0059590000
2022-01-31,SWAPTION/RATE_NVOL/EUR/5Y/8Y/Smile/0.0025,0.0069420000
2022-01-31,SWAPTION/RATE_NVOL/EUR/5Y/8Y/Smile/0.005,0.0074130000
2022-01-31,SWAPTION/RATE_NVOL/EUR/5Y/8Y/Smile/0.01,0.0084200000
2022-01-31,SWAPTION/RATE_NVOL/EUR/5Y/8Y/Smile/0.015,0.0094570000
2022-01-31,SWAPTION/RATE_NVOL/EUR/5Y/8Y/Smile/0.02,0.0104930000
2022-01-31,SWAPTION/RATE_NVOL/EUR/5Y/9Y/ATM,0.0064290000
2022-01-31,SWAPTION/RATE_NVOL/EUR/5Y/9Y/Smile/-0.0025,0.0060640000
2022-01-31,SWAPTION/RATE_NVOL/EUR/5Y/9Y/Smile/-0.005,0.0057900000
2022-01-31,SWAPTION/RATE_NVOL/EUR/5Y/9Y/Smile/-0.01,0.0055640000
2022-01-31,SWAPTION/RATE_NVOL/EUR/5Y/9Y/Smile/-0.015,0.0056620000
2022-01-31,SWAPTION/RATE_NVOL/EUR/5Y/9Y/Smile/-0.02,0.0058830000
2022-01-31,SWAPTION/RATE_NVOL/EUR/5Y/9Y/Smile/0.0025,0.0068600000
2022-01-31,SWAPTION/RATE_NVOL/EUR/5Y/9Y/Smile/0.005,0.0073330000
2022-01-31,SWAPTION/RATE_NVOL/EUR/5Y/9Y/Smile/0.01,0.0083410000
2022-01-31,SWAPTION/RATE_NVOL/EUR/5Y/9Y/Smile/0.015,0.0093750000
2022-01-31,SWAPTION/RATE_NVOL/EUR/5Y/9Y/Smile/0.02,0.0104090000
2022-01-31,SWAPTION/RATE_NVOL/EUR/6M/10Y/ATM,0.0063060000
2022-01-31,SWAPTION/RATE_NVOL/EUR/6M/10Y/Smile/-0.0025,0.0061390000
2022-01-31,SWAPTION/RATE_NVOL/EUR/6M/10Y/Smile/-0.005,0.0061430000
2022-01-31,SWAPTION/RATE_NVOL/EUR/6M/10Y/Smile/-0.01,0.0064980000
2022-01-31,SWAPTION/RATE_NVOL/EUR/6M/10Y/Smile/-0.015,0.0070230000
2022-01-31,SWAPTION/RATE_NVOL/EUR/6M/10Y/Smile/-0.02,0.0074900000
2022-01-31,SWAPTION/RATE_NVOL/EUR/6M/10Y/Smile/0.0025,0.0066370000
2022-01-31,SWAPTION/RATE_NVOL/EUR/6M/10Y/Smile/0.005,0.0070890000
2022-01-31,SWAPTION/RATE_NVOL/EUR/6M/10Y/Smile/0.01,0.0081880000
2022-01-31,SWAPTION/RATE_NVOL/EUR/6M/10Y/Smile/0.015,0.0093860000
2022-01-31,SWAPTION/RATE_NVOL/EUR/6M/10Y/Smile/0.02,0.0106030000
2022-01-31,SWAPTION/RATE_NVOL/EUR/6M/15Y/ATM,0.0065040000
2022-01-31,SWAPTION/RATE_NVOL/EUR/6M/15Y/Smile/-0.0025,0.0063310000
2022-01-31,SWAPTION/RATE_NVOL/EUR/6M/15Y/Smile/-0.005,0.0063260000
2022-01-31,SWAPTION/RATE_NVOL/EUR/6M/15Y/Smile/-0.01,0.0066700000
2022-01-31,SWAPTION/RATE_NVOL/EUR/6M/15Y/Smile/-0.015,0.0072010000
2022-01-31,SWAPTION/RATE_NVOL/EUR/6M/15Y/Smile/-0.02,0.0076990000
2022-01-31,SWAPTION/RATE_NVOL/EUR/6M/15Y/Smile/0.0025,0.0068370000
2022-01-31,SWAPTION/RATE_NVOL/EUR/6M/15Y/Smile/0.005,0.0072890000
2022-01-31,SWAPTION/RATE_NVOL/EUR/6M/15Y/Smile/0.01,0.0083880000
2022-01-31,SWAPTION/RATE_NVOL/EUR/6M/15Y/Smile/0.015,0.0095880000
2022-01-31,SWAPTION/RATE_NVOL/EUR/6M/15Y/Smile/0.02,0.0108100000
2022-01-31,SWAPTION/RATE_NVOL/EUR/6M/1Y/ATM,0.0049500000
2022-01-31,SWAPTION/RATE_NVOL/EUR/6M/1Y/Smile/-0.0025,0.0048910000
2022-01-31,SWAPTION/RATE_NVOL/EUR/6M/1Y/Smile/-0.005,0.0050290000
2022-01-31,SWAPTION/RATE_NVOL/EUR/6M/1Y/Smile/-0.01,0.0055580000
2022-01-31,SWAPTION/RATE_NVOL/EUR/6M/1Y/Smile/-0.015,0.0060290000
2022-01-31,SWAPTION/RATE_NVOL/EUR/6M/1Y/Smile/0.0025,0.0052320000
2022-01-31,SWAPTION/RATE_NVOL/EUR/6M/1Y/Smile/0.005,0.0056840000
2022-01-31,SWAPTION/RATE_NVOL/EUR/6M/1Y/Smile/0.01,0.0068160000
2022-01-31,SWAPTION/RATE_NVOL/EUR/6M/1Y/Smile/0.015,0.0080360000
2022-01-31,SWAPTION/RATE_NVOL/EUR/6M/1Y/Smile/0.02,0.0092600000
2022-01-31,SWAPTION/RATE_NVOL/EUR/6M/20Y/ATM,0.0065390000
2022-01-31,SWAPTION/RATE_NVOL/EUR/6M/20Y/Smile/-0.0025,0.0063660000
2022-01-31,SWAPTION/RATE_NVOL/EUR/6M/20Y/Smile/-0.005,0.0063610000
2022-01-31,SWAPTION/RATE_NVOL/EUR/6M/20Y/Smile/-0.01,0.0067050000
2022-01-31,SWAPTION/RATE_NVOL/EUR/6M/20Y/Smile/-0.015,0.0072340000
2022-01-31,SWAPTION/RATE_NVOL/EUR/6M/20Y/Smile/-0.02,0.0077320000
2022-01-31,SWAPTION/RATE_NVOL/EUR/6M/20Y/Smile/0.0025,0.0068710000
2022-01-31,SWAPTION/RATE_NVOL/EUR/6M/20Y/Smile/0.005,0.0073230000
2022-01-31,SWAPTION/RATE_NVOL/EUR/6M/20Y/Smile/0.01,0.0084220000
2022-01-31,SWAPTION/RATE_NVOL/EUR/6M/20Y/Smile/0.015,0.0096230000
2022-01-31,SWAPTION/RATE_NVOL/EUR/6M/20Y/Smile/0.02,0.0108470000
2022-01-31,SWAPTION/RATE_NVOL/EUR/6M/25Y/ATM,0.0065730000
2022-01-31,SWAPTION/RATE_NVOL/EUR/6M/25Y/Smile/-0.0025,0.0064050000
2022-01-31,SWAPTION/RATE_NVOL/EUR/6M/25Y/Smile/-0.005,0.0064030000
2022-01-31,SWAPTION/RATE_NVOL/EUR/6M/25Y/Smile/-0.01,0.0067490000
2022-01-31,SWAPTION/RATE_NVOL/EUR/6M/25Y/Smile/-0.015,0.0072740000
2022-01-31,SWAPTION/RATE_NVOL/EUR/6M/25Y/Smile/-0.02,0.0077540000
2022-01-31,SWAPTION/RATE_NVOL/EUR/6M/25Y/Smile/0.0025,0.0069020000
2022-01-31,SWAPTION/RATE_NVOL/EUR/6M/25Y/Smile/0.005,0.0073530000
2022-01-31,SWAPTION/RATE_NVOL/EUR/6M/25Y/Smile/0.01,0.0084530000
2022-01-31,SWAPTION/RATE_NVOL/EUR/6M/25Y/Smile/0.015,0.0096570000
2022-01-31,SWAPTION/RATE_NVOL/EUR/6M/25Y/Smile/0.02,0.0108850000
2022-01-31,SWAPTION/RATE_NVOL/EUR/6M/2Y/ATM,0.0058100000
2022-01-31,SWAPTION/RATE_NVOL/EUR/6M/2Y/Smile/-0.0025,0.0057290000
2022-01-31,SWAPTION/RATE_NVOL/EUR/6M/2Y/Smile/-0.005,0.0058380000
2022-01-31,SWAPTION/RATE_NVOL/EUR/6M/2Y/Smile/-0.01,0.0063480000
2022-01-31,SWAPTION/RATE_NVOL/EUR/6M/2Y/Smile/-0.015,0.0069050000
2022-01-31,SWAPTION/RATE_NVOL/EUR/6M/2Y/Smile/-0.02,0.0071050000
2022-01-31,SWAPTION/RATE_NVOL/EUR/6M/2Y/Smile/0.0025,0.0060930000
2022-01-31,SWAPTION/RATE_NVOL/EUR/6M/2Y/Smile/0.005,0.0065370000
2022-01-31,SWAPTION/RATE_NVOL/EUR/6M/2Y/Smile/0.01,0.0076700000
2022-01-31,SWAPTION/RATE_NVOL/EUR/6M/2Y/Smile/0.015,0.0089150000
2022-01-31,SWAPTION/RATE_NVOL/EUR/6M/2Y/Smile/0.02,0.0101790000
2022-01-31,SWAPTION/RATE_NVOL/EUR/6M/30Y/ATM,0.0065530000
2022-01-31,SWAPTION/RATE_NVOL/EUR/6M/30Y/Smile/-0.0025,0.0063890000
2022-01-31,SWAPTION/RATE_NVOL/EUR/6M/30Y/Smile/-0.005,0.0063910000
2022-01-31,SWAPTION/RATE_NVOL/EUR/6M/30Y/Smile/-0.01,0.0067410000
2022-01-31,SWAPTION/RATE_NVOL/EUR/6M/30Y/Smile/-0.015,0.0072620000
2022-01-31,SWAPTION/RATE_NVOL/EUR/6M/30Y/Smile/-0.02,0.0077220000
2022-01-31,SWAPTION/RATE_NVOL/EUR/6M/30Y/Smile/0.0025,0.0068800000
2022-01-31,SWAPTION/RATE_NVOL/EUR/6M/30Y/Smile/0.005,0.0073290000
2022-01-31,SWAPTION/RATE_NVOL/EUR/6M/30Y/Smile/0.01,0.0084290000
2022-01-31,SWAPTION/RATE_NVOL/EUR/6M/30Y/Smile/0.015,0.0096360000
2022-01-31,SWAPTION/RATE_NVOL/EUR/6M/30Y/Smile/0.02,0.0108670000
2022-01-31,SWAPTION/RATE_NVOL/EUR/6M/3Y/ATM,0.0063000000
2022-01-31,SWAPTION/RATE_NVOL/EUR/6M/3Y/Smile/-0.0025,0.0061580000
2022-01-31,SWAPTION/RATE_NVOL/EUR/6M/3Y/Smile/-0.005,0.0061890000
2022-01-31,SWAPTION/RATE_NVOL/EUR/6M/3Y/Smile/-0.01,0.0065690000
2022-01-31,SWAPTION/RATE_NVOL/EUR/6M/3Y/Smile/-0.015,0.0070600000
2022-01-31,SWAPTION/RATE_NVOL/EUR/6M/3Y/Smile/-0.02,0.0073500000
2022-01-31,SWAPTION/RATE_NVOL/EUR/6M/3Y/Smile/0.0025,0.0066090000
2022-01-31,SWAPTION/RATE_NVOL/EUR/6M/3Y/Smile/0.005,0.0070530000
2022-01-31,SWAPTION/RATE_NVOL/EUR/6M/3Y/Smile/0.01,0.0081580000
2022-01-31,SWAPTION/RATE_NVOL/EUR/6M/3Y/Smile/0.015,0.0093740000
2022-01-31,SWAPTION/RATE_NVOL/EUR/6M/3Y/Smile/0.02,0.0106140000
2022-01-31,SWAPTION/RATE_NVOL/EUR/6M/4Y/ATM,0.0065500000
2022-01-31,SWAPTION/RATE_NVOL/EUR/6M/4Y/Smile/-0.0025,0.0064050000
2022-01-31,SWAPTION/RATE_NVOL/EUR/6M/4Y/Smile/-0.005,0.0064280000
2022-01-31,SWAPTION/RATE_NVOL/EUR/6M/4Y/Smile/-0.01,0.0067970000
2022-01-31,SWAPTION/RATE_NVOL/EUR/6M/4Y/Smile/-0.015,0.0072920000
2022-01-31,SWAPTION/RATE_NVOL/EUR/6M/4Y/Smile/-0.02,0.0076260000
2022-01-31,SWAPTION/RATE_NVOL/EUR/6M/4Y/Smile/0.0025,0.0068600000
2022-01-31,SWAPTION/RATE_NVOL/EUR/6M/4Y/Smile/0.005,0.0073030000
2022-01-31,SWAPTION/RATE_NVOL/EUR/6M/4Y/Smile/0.01,0.0084070000
2022-01-31,SWAPTION/RATE_NVOL/EUR/6M/4Y/Smile/0.015,0.0096280000
2022-01-31,SWAPTION/RATE_NVOL/EUR/6M/4Y/Smile/0.02,0.0108760000
2022-01-31,SWAPTION/RATE_NVOL/EUR/6M/5Y/ATM,0.0066700000
2022-01-31,SWAPTION/RATE_NVOL/EUR/6M/5Y/Smile/-0.0025,0.0065200000
2022-01-31,SWAPTION/RATE_NVOL/EUR/6M/5Y/Smile/-0.005,0.0065390000
2022-01-31,SWAPTION/RATE_NVOL/EUR/6M/5Y/Smile/-0.01,0.0069010000
2022-01-31,SWAPTION/RATE_NVOL/EUR/6M/5Y/Smile/-0.015,0.0073990000
2022-01-31,SWAPTION/RATE_NVOL/EUR/6M/5Y/Smile/-0.02,0.0077590000
2022-01-31,SWAPTION/RATE_NVOL/EUR/6M/5Y/Smile/0.0025,0.0069790000
2022-01-31,SWAPTION/RATE_NVOL/EUR/6M/5Y/Smile/0.005,0.0074210000
2022-01-31,SWAPTION/RATE_NVOL/EUR/6M/5Y/Smile/0.01,0.0085250000
2022-01-31,SWAPTION/RATE_NVOL/EUR/6M/5Y/Smile/0.015,0.0097470000
2022-01-31,SWAPTION/RATE_NVOL/EUR/6M/5Y/Smile/0.02,0.0109990000
2022-01-31,SWAPTION/RATE_NVOL/EUR/6M/6Y/ATM,0.0066400000
2022-01-31,SWAPTION/RATE_NVOL/EUR/6M/6Y/Smile/-0.0025,0.0064860000
2022-01-31,SWAPTION/RATE_NVOL/EUR/6M/6Y/Smile/-0.005,0.0065010000
2022-01-31,SWAPTION/RATE_NVOL/EUR/6M/6Y/Smile/-0.01,0.0068610000
2022-01-31,SWAPTION/RATE_NVOL/EUR/6M/6Y/Smile/-0.015,0.0073640000
2022-01-31,SWAPTION/RATE_NVOL/EUR/6M/6Y/Smile/-0.02,0.0077500000
2022-01-31,SWAPTION/RATE_NVOL/EUR/6M/6Y/Smile/0.0025,0.0069520000
2022-01-31,SWAPTION/RATE_NVOL/EUR/6M/6Y/Smile/0.005,0.0073960000
2022-01-31,SWAPTION/RATE_NVOL/EUR/6M/6Y/Smile/0.01,0.0084990000
2022-01-31,SWAPTION/RATE_NVOL/EUR/6M/6Y/Smile/0.015,0.0097180000
2022-01-31,SWAPTION/RATE_NVOL/EUR/6M/6Y/Smile/0.02,0.0109640000
2022-01-31,SWAPTION/RATE_NVOL/EUR/6M/7Y/ATM,0.0065700000
2022-01-31,SWAPTION/RATE_NVOL/EUR/6M/7Y/Smile/-0.0025,0.0064160000
2022-01-31,SWAPTION/RATE_NVOL/EUR/6M/7Y/Smile/-0.005,0.0064280000
2022-01-31,SWAPTION/RATE_NVOL/EUR/6M/7Y/Smile/-0.01,0.0067860000
2022-01-31,SWAPTION/RATE_NVOL/EUR/6M/7Y/Smile/-0.015,0.0072950000
2022-01-31,SWAPTION/RATE_NVOL/EUR/6M/7Y/Smile/-0.02,0.0077040000
2022-01-31,SWAPTION/RATE_NVOL/EUR/6M/7Y/Smile/0.0025,0.0068910000
2022-01-31,SWAPTION/RATE_NVOL/EUR/6M/7Y/Smile/0.005,0.0073370000
2022-01-31,SWAPTION/RATE_NVOL/EUR/6M/7Y/Smile/0.01,0.0084390000
2022-01-31,SWAPTION/RATE_NVOL/EUR/6M/7Y/Smile/0.015,0.0096520000
2022-01-31,SWAPTION/RATE_NVOL/EUR/6M/7Y/Smile/0.02,0.0108920000
2022-01-31,SWAPTION/RATE_NVOL/EUR/6M/8Y/ATM,0.0064860000
2022-01-31,SWAPTION/RATE_NVOL/EUR/6M/8Y/Smile/-0.0025,0.0063270000
2022-01-31,SWAPTION/RATE_NVOL/EUR/6M/8Y/Smile/-0.005,0.0063350000
2022-01-31,SWAPTION/RATE_NVOL/EUR/6M/8Y/Smile/-0.01,0.0066920000
2022-01-31,SWAPTION/RATE_NVOL/EUR/6M/8Y/Smile/-0.015,0.0072070000
2022-01-31,SWAPTION/RATE_NVOL/EUR/6M/8Y/Smile/-0.02,0.0076390000
2022-01-31,SWAPTION/RATE_NVOL/EUR/6M/8Y/Smile/0.0025,0.0068090000
2022-01-31,SWAPTION/RATE_NVOL/EUR/6M/8Y/Smile/0.005,0.0072580000
2022-01-31,SWAPTION/RATE_NVOL/EUR/6M/8Y/Smile/0.01,0.0083590000
2022-01-31,SWAPTION/RATE_NVOL/EUR/6M/8Y/Smile/0.015,0.0095670000
2022-01-31,SWAPTION/RATE_NVOL/EUR/6M/8Y/Smile/0.02,0.0107990000
2022-01-31,SWAPTION/RATE_NVOL/EUR/6M/9Y/ATM,0.0063950000
2022-01-31,SWAPTION/RATE_NVOL/EUR/6M/9Y/Smile/-0.0025,0.0062320000
2022-01-31,SWAPTION/RATE_NVOL/EUR/6M/9Y/Smile/-0.005,0.0062370000
2022-01-31,SWAPTION/RATE_NVOL/EUR/6M/9Y/Smile/-0.01,0.0065930000
2022-01-31,SWAPTION/RATE_NVOL/EUR/6M/9Y/Smile/-0.015,0.0071130000
2022-01-31,SWAPTION/RATE_NVOL/EUR/6M/9Y/Smile/-0.02,0.0075640000
2022-01-31,SWAPTION/RATE_NVOL/EUR/6M/9Y/Smile/0.0025,0.0067220000
2022-01-31,SWAPTION/RATE_NVOL/EUR/6M/9Y/Smile/0.005,0.0071720000
2022-01-31,SWAPTION/RATE_NVOL/EUR/6M/9Y/Smile/0.01,0.0082720000
2022-01-31,SWAPTION/RATE_NVOL/EUR/6M/9Y/Smile/0.015,0.0094750000
2022-01-31,SWAPTION/RATE_NVOL/EUR/6M/9Y/Smile/0.02,0.0106990000
2022-01-31,SWAPTION/RATE_NVOL/EUR/7Y/10Y/ATM,0.0062280000
2022-01-31,SWAPTION/RATE_NVOL/EUR/7Y/10Y/Smile/-0.0025,0.0060630000
2022-01-31,SWAPTION/RATE_NVOL/EUR/7Y/10Y/Smile/-0.005,0.0059350000
2022-01-31,SWAPTION/RATE_NVOL/EUR/7Y/10Y/Smile/-0.01,0.0057820000
2022-01-31,SWAPTION/RATE_NVOL/EUR/7Y/10Y/Smile/-0.015,0.0057310000
2022-01-31,SWAPTION/RATE_NVOL/EUR/7Y/10Y/Smile/-0.02,0.0057090000
2022-01-31,SWAPTION/RATE_NVOL/EUR/7Y/10Y/Smile/0.0025,0.0064250000
2022-01-31,SWAPTION/RATE_NVOL/EUR/7Y/10Y/Smile/0.005,0.0066520000
2022-01-31,SWAPTION/RATE_NVOL/EUR/7Y/10Y/Smile/0.01,0.0071720000
2022-01-31,SWAPTION/RATE_NVOL/EUR/7Y/10Y/Smile/0.015,0.0077500000
2022-01-31,SWAPTION/RATE_NVOL/EUR/7Y/10Y/Smile/0.02,0.0083600000
2022-01-31,SWAPTION/RATE_NVOL/EUR/7Y/15Y/ATM,0.0060050000
2022-01-31,SWAPTION/RATE_NVOL/EUR/7Y/15Y/Smile/-0.0025,0.0058400000
2022-01-31,SWAPTION/RATE_NVOL/EUR/7Y/15Y/Smile/-0.005,0.0057120000
2022-01-31,SWAPTION/RATE_NVOL/EUR/7Y/15Y/Smile/-0.01,0.0055600000
2022-01-31,SWAPTION/RATE_NVOL/EUR/7Y/15Y/Smile/-0.015,0.0055090000
2022-01-31,SWAPTION/RATE_NVOL/EUR/7Y/15Y/Smile/-0.02,0.0054770000
2022-01-31,SWAPTION/RATE_NVOL/EUR/7Y/15Y/Smile/0.0025,0.0062030000
2022-01-31,SWAPTION/RATE_NVOL/EUR/7Y/15Y/Smile/0.005,0.0064300000
2022-01-31,SWAPTION/RATE_NVOL/EUR/7Y/15Y/Smile/0.01,0.0069500000
2022-01-31,SWAPTION/RATE_NVOL/EUR/7Y/15Y/Smile/0.015,0.0075270000
2022-01-31,SWAPTION/RATE_NVOL/EUR/7Y/15Y/Smile/0.02,0.0081340000
2022-01-31,SWAPTION/RATE_NVOL/EUR/7Y/1Y/ATM,0.0068660000
2022-01-31,SWAPTION/RATE_NVOL/EUR/7Y/1Y/Smile/-0.0025,0.0067100000
2022-01-31,SWAPTION/RATE_NVOL/EUR/7Y/1Y/Smile/-0.005,0.0065880000
2022-01-31,SWAPTION/RATE_NVOL/EUR/7Y/1Y/Smile/-0.01,0.0064390000
2022-01-31,SWAPTION/RATE_NVOL/EUR/7Y/1Y/Smile/-0.015,0.0063700000
2022-01-31,SWAPTION/RATE_NVOL/EUR/7Y/1Y/Smile/-0.02,0.0062860000
2022-01-31,SWAPTION/RATE_NVOL/EUR/7Y/1Y/Smile/0.0025,0.0070570000
2022-01-31,SWAPTION/RATE_NVOL/EUR/7Y/1Y/Smile/0.005,0.0072790000
2022-01-31,SWAPTION/RATE_NVOL/EUR/7Y/1Y/Smile/0.01,0.0077990000
2022-01-31,SWAPTION/RATE_NVOL/EUR/7Y/1Y/Smile/0.015,0.0083880000
2022-01-31,SWAPTION/RATE_NVOL/EUR/7Y/1Y/Smile/0.02,0.0090200000
2022-01-31,SWAPTION/RATE_NVOL/EUR/7Y/20Y/ATM,0.0058980000
2022-01-31,SWAPTION/RATE_NVOL/EUR/7Y/20Y/Smile/-0.0025,0.0057340000
2022-01-31,SWAPTION/RATE_NVOL/EUR/7Y/20Y/Smile/-0.005,0.0056080000
2022-01-31,SWAPTION/RATE_NVOL/EUR/7Y/20Y/Smile/-0.01,0.0054570000
2022-01-31,SWAPTION/RATE_NVOL/EUR/7Y/20Y/Smile/-0.015,0.0054010000
2022-01-31,SWAPTION/RATE_NVOL/EUR/7Y/20Y/Smile/-0.02,0.0053480000
2022-01-31,SWAPTION/RATE_NVOL/EUR/7Y/20Y/Smile/0.0025,0.0060950000
2022-01-31,SWAPTION/RATE_NVOL/EUR/7Y/20Y/Smile/0.005,0.0063220000
2022-01-31,SWAPTION/RATE_NVOL/EUR/7Y/20Y/Smile/0.01,0.0068420000
2022-01-31,SWAPTION/RATE_NVOL/EUR/7Y/20Y/Smile/0.015,0.0074200000
2022-01-31,SWAPTION/RATE_NVOL/EUR/7Y/20Y/Smile/0.02,0.0080280000
2022-01-31,SWAPTION/RATE_NVOL/EUR/7Y/25Y/ATM,0.0057920000
2022-01-31,SWAPTION/RATE_NVOL/EUR/7Y/25Y/Smile/-0.0025,0.0056290000
2022-01-31,SWAPTION/RATE_NVOL/EUR/7Y/25Y/Smile/-0.005,0.0055030000
2022-01-31,SWAPTION/RATE_NVOL/EUR/7Y/25Y/Smile/-0.01,0.0053540000
2022-01-31,SWAPTION/RATE_NVOL/EUR/7Y/25Y/Smile/-0.015,0.0052950000
2022-01-31,SWAPTION/RATE_NVOL/EUR/7Y/25Y/Smile/-0.02,0.0052280000
2022-01-31,SWAPTION/RATE_NVOL/EUR/7Y/25Y/Smile/0.0025,0.0059890000
2022-01-31,SWAPTION/RATE_NVOL/EUR/7Y/25Y/Smile/0.005,0.0062160000
2022-01-31,SWAPTION/RATE_NVOL/EUR/7Y/25Y/Smile/0.01,0.0067360000
2022-01-31,SWAPTION/RATE_NVOL/EUR/7Y/25Y/Smile/0.015,0.0073140000
2022-01-31,SWAPTION/RATE_NVOL/EUR/7Y/25Y/Smile/0.02,0.0079210000
2022-01-31,SWAPTION/RATE_NVOL/EUR/7Y/2Y/ATM,0.0068460000
2022-01-31,SWAPTION/RATE_NVOL/EUR/7Y/2Y/Smile/-0.0025,0.0066870000
2022-01-31,SWAPTION/RATE_NVOL/EUR/7Y/2Y/Smile/-0.005,0.0065640000
2022-01-31,SWAPTION/RATE_NVOL/EUR/7Y/2Y/Smile/-0.01,0.0064140000
2022-01-31,SWAPTION/RATE_NVOL/EUR/7Y/2Y/Smile/-0.015,0.0063490000
2022-01-31,SWAPTION/RATE_NVOL/EUR/7Y/2Y/Smile/-0.02,0.0062850000
2022-01-31,SWAPTION/RATE_NVOL/EUR/7Y/2Y/Smile/0.0025,0.0070380000
2022-01-31,SWAPTION/RATE_NVOL/EUR/7Y/2Y/Smile/0.005,0.0072610000
2022-01-31,SWAPTION/RATE_NVOL/EUR/7Y/2Y/Smile/0.01,0.0077800000
2022-01-31,SWAPTION/RATE_NVOL/EUR/7Y/2Y/Smile/0.015,0.0083680000
2022-01-31,SWAPTION/RATE_NVOL/EUR/7Y/2Y/Smile/0.02,0.0089960000
2022-01-31,SWAPTION/RATE_NVOL/EUR/7Y/30Y/ATM,0.0057060000
2022-01-31,SWAPTION/RATE_NVOL/EUR/7Y/30Y/Smile/-0.0025,0.0055420000
2022-01-31,SWAPTION/RATE_NVOL/EUR/7Y/30Y/Smile/-0.005,0.0054160000
2022-01-31,SWAPTION/RATE_NVOL/EUR/7Y/30Y/Smile/-0.01,0.0052670000
2022-01-31,SWAPTION/RATE_NVOL/EUR/7Y/30Y/Smile/-0.015,0.0052090000
2022-01-31,SWAPTION/RATE_NVOL/EUR/7Y/30Y/Smile/-0.02,0.0051430000
2022-01-31,SWAPTION/RATE_NVOL/EUR/7Y/30Y/Smile/0.0025,0.0059040000
2022-01-31,SWAPTION/RATE_NVOL/EUR/7Y/30Y/Smile/0.005,0.0061310000
2022-01-31,SWAPTION/RATE_NVOL/EUR/7Y/30Y/Smile/0.01,0.0066510000
2022-01-31,SWAPTION/RATE_NVOL/EUR/7Y/30Y/Smile/0.015,0.0072280000
2022-01-31,SWAPTION/RATE_NVOL/EUR/7Y/30Y/Smile/0.02,0.0078330000
2022-01-31,SWAPTION/RATE_NVOL/EUR/7Y/3Y/ATM,0.0067580000
2022-01-31,SWAPTION/RATE_NVOL/EUR/7Y/3Y/Smile/-0.0025,0.0065980000
2022-01-31,SWAPTION/RATE_NVOL/EUR/7Y/3Y/Smile/-0.005,0.0064740000
2022-01-31,SWAPTION/RATE_NVOL/EUR/7Y/3Y/Smile/-0.01,0.0063230000
2022-01-31,SWAPTION/RATE_NVOL/EUR/7Y/3Y/Smile/-0.015,0.0062610000
2022-01-31,SWAPTION/RATE_NVOL/EUR/7Y/3Y/Smile/-0.02,0.0062080000
2022-01-31,SWAPTION/RATE_NVOL/EUR/7Y/3Y/Smile/0.0025,0.0069510000
2022-01-31,SWAPTION/RATE_NVOL/EUR/7Y/3Y/Smile/0.005,0.0071750000
2022-01-31,SWAPTION/RATE_NVOL/EUR/7Y/3Y/Smile/0.01,0.0076940000
2022-01-31,SWAPTION/RATE_NVOL/EUR/7Y/3Y/Smile/0.015,0.0082800000
2022-01-31,SWAPTION/RATE_NVOL/EUR/7Y/3Y/Smile/0.02,0.0089040000
2022-01-31,SWAPTION/RATE_NVOL/EUR/7Y/4Y/ATM,0.0066670000
2022-01-31,SWAPTION/RATE_NVOL/EUR/7Y/4Y/Smile/-0.0025,0.0065060000
2022-01-31,SWAPTION/RATE_NVOL/EUR/7Y/4Y/Smile/-0.005,0.0063810000
2022-01-31,SWAPTION/RATE_NVOL/EUR/7Y/4Y/Smile/-0.01,0.0062290000
2022-01-31,SWAPTION/RATE_NVOL/EUR/7Y/4Y/Smile/-0.015,0.0061710000
2022-01-31,SWAPTION/RATE_NVOL/EUR/7Y/4Y/Smile/-0.02,0.0061270000
2022-01-31,SWAPTION/RATE_NVOL/EUR/7Y/4Y/Smile/0.0025,0.0068610000
2022-01-31,SWAPTION/RATE_NVOL/EUR/7Y/4Y/Smile/0.005,0.0070860000
2022-01-31,SWAPTION/RATE_NVOL/EUR/7Y/4Y/Smile/0.01,0.0076050000
2022-01-31,SWAPTION/RATE_NVOL/EUR/7Y/4Y/Smile/0.015,0.0081890000
2022-01-31,SWAPTION/RATE_NVOL/EUR/7Y/4Y/Smile/0.02,0.0088110000
2022-01-31,SWAPTION/RATE_NVOL/EUR/7Y/5Y/ATM,0.0065790000
2022-01-31,SWAPTION/RATE_NVOL/EUR/7Y/5Y/Smile/-0.0025,0.0064170000
2022-01-31,SWAPTION/RATE_NVOL/EUR/7Y/5Y/Smile/-0.005,0.0062910000
2022-01-31,SWAPTION/RATE_NVOL/EUR/7Y/5Y/Smile/-0.01,0.0061390000
2022-01-31,SWAPTION/RATE_NVOL/EUR/7Y/5Y/Smile/-0.015,0.0060820000
2022-01-31,SWAPTION/RATE_NVOL/EUR/7Y/5Y/Smile/-0.02,0.0060460000
2022-01-31,SWAPTION/RATE_NVOL/EUR/7Y/5Y/Smile/0.0025,0.0067740000
2022-01-31,SWAPTION/RATE_NVOL/EUR/7Y/5Y/Smile/0.005,0.0069990000
2022-01-31,SWAPTION/RATE_NVOL/EUR/7Y/5Y/Smile/0.01,0.0075180000
2022-01-31,SWAPTION/RATE_NVOL/EUR/7Y/5Y/Smile/0.015,0.0081010000
2022-01-31,SWAPTION/RATE_NVOL/EUR/7Y/5Y/Smile/0.02,0.0087190000
2022-01-31,SWAPTION/RATE_NVOL/EUR/7Y/6Y/ATM,0.0065090000
2022-01-31,SWAPTION/RATE_NVOL/EUR/7Y/6Y/Smile/-0.0025,0.0063470000
2022-01-31,SWAPTION/RATE_NVOL/EUR/7Y/6Y/Smile/-0.005,0.0062200000
2022-01-31,SWAPTION/RATE_NVOL/EUR/7Y/6Y/Smile/-0.01,0.0060670000
2022-01-31,SWAPTION/RATE_NVOL/EUR/7Y/6Y/Smile/-0.015,0.0060130000
2022-01-31,SWAPTION/RATE_NVOL/EUR/7Y/6Y/Smile/-0.02,0.0059820000
2022-01-31,SWAPTION/RATE_NVOL/EUR/7Y/6Y/Smile/0.0025,0.0067050000
2022-01-31,SWAPTION/RATE_NVOL/EUR/7Y/6Y/Smile/0.005,0.0069300000
2022-01-31,SWAPTION/RATE_NVOL/EUR/7Y/6Y/Smile/0.01,0.0074500000
2022-01-31,SWAPTION/RATE_NVOL/EUR/7Y/6Y/Smile/0.015,0.0080310000
2022-01-31,SWAPTION/RATE_NVOL/EUR/7Y/6Y/Smile/0.02,0.0086480000
2022-01-31,SWAPTION/RATE_NVOL/EUR/7Y/7Y/ATM,0.0064380000
2022-01-31,SWAPTION/RATE_NVOL/EUR/7Y/7Y/Smile/-0.0025,0.0062750000
2022-01-31,SWAPTION/RATE_NVOL/EUR/7Y/7Y/Smile/-0.005,0.0061470000
2022-01-31,SWAPTION/RATE_NVOL/EUR/7Y/7Y/Smile/-0.01,0.0059950000
2022-01-31,SWAPTION/RATE_NVOL/EUR/7Y/7Y/Smile/-0.015,0.0059420000
2022-01-31,SWAPTION/RATE_NVOL/EUR/7Y/7Y/Smile/-0.02,0.0059150000
2022-01-31,SWAPTION/RATE_NVOL/EUR/7Y/7Y/Smile/0.0025,0.0066340000
2022-01-31,SWAPTION/RATE_NVOL/EUR/7Y/7Y/Smile/0.005,0.0068600000
2022-01-31,SWAPTION/RATE_NVOL/EUR/7Y/7Y/Smile/0.01,0.0073800000
2022-01-31,SWAPTION/RATE_NVOL/EUR/7Y/7Y/Smile/0.015,0.0079600000
2022-01-31,SWAPTION/RATE_NVOL/EUR/7Y/7Y/Smile/0.02,0.0085740000
2022-01-31,SWAPTION/RATE_NVOL/EUR/7Y/8Y/ATM,0.0063550000
2022-01-31,SWAPTION/RATE_NVOL/EUR/7Y/8Y/Smile/-0.0025,0.0061910000
2022-01-31,SWAPTION/RATE_NVOL/EUR/7Y/8Y/Smile/-0.005,0.0060630000
2022-01-31,SWAPTION/RATE_NVOL/EUR/7Y/8Y/Smile/-0.01,0.0059100000
2022-01-31,SWAPTION/RATE_NVOL/EUR/7Y/8Y/Smile/-0.015,0.0058590000
2022-01-31,SWAPTION/RATE_NVOL/EUR/7Y/8Y/Smile/-0.02,0.0058350000
2022-01-31,SWAPTION/RATE_NVOL/EUR/7Y/8Y/Smile/0.0025,0.0065520000
2022-01-31,SWAPTION/RATE_NVOL/EUR/7Y/8Y/Smile/0.005,0.0067780000
2022-01-31,SWAPTION/RATE_NVOL/EUR/7Y/8Y/Smile/0.01,0.0072980000
2022-01-31,SWAPTION/RATE_NVOL/EUR/7Y/8Y/Smile/0.015,0.0078770000
2022-01-31,SWAPTION/RATE_NVOL/EUR/7Y/8Y/Smile/0.02,0.0084900000
2022-01-31,SWAPTION/RATE_NVOL/EUR/7Y/9Y/ATM,0.0062890000
2022-01-31,SWAPTION/RATE_NVOL/EUR/7Y/9Y/Smile/-0.0025,0.0061250000
2022-01-31,SWAPTION/RATE_NVOL/EUR/7Y/9Y/Smile/-0.005,0.0059970000
2022-01-31,SWAPTION/RATE_NVOL/EUR/7Y/9Y/Smile/-0.01,0.0058440000
2022-01-31,SWAPTION/RATE_NVOL/EUR/7Y/9Y/Smile/-0.015,0.0057930000
2022-01-31,SWAPTION/RATE_NVOL/EUR/7Y/9Y/Smile/-0.02,0.0057700000
2022-01-31,SWAPTION/RATE_NVOL/EUR/7Y/9Y/Smile/0.0025,0.0064870000
2022-01-31,SWAPTION/RATE_NVOL/EUR/7Y/9Y/Smile/0.005,0.0067130000
2022-01-31,SWAPTION/RATE_NVOL/EUR/7Y/9Y/Smile/0.01,0.0072330000
2022-01-31,SWAPTION/RATE_NVOL/EUR/7Y/9Y/Smile/0.015,0.0078110000
2022-01-31,SWAPTION/RATE_NVOL/EUR/7Y/9Y/Smile/0.02,0.0084230000
2022-01-31,SWAPTION/RATE_NVOL/EUR/9M/10Y/ATM,0.0063780000
2022-01-31,SWAPTION/RATE_NVOL/EUR/9M/15Y/ATM,0.0065390000
2022-01-31,SWAPTION/RATE_NVOL/EUR/9M/1Y/ATM,0.0058300000
2022-01-31,SWAPTION/RATE_NVOL/EUR/9M/20Y/ATM,0.0065290000
2022-01-31,SWAPTION/RATE_NVOL/EUR/9M/25Y/ATM,0.0065590000
2022-01-31,SWAPTION/RATE_NVOL/EUR/9M/2Y/ATM,0.0063600000
2022-01-31,SWAPTION/RATE_NVOL/EUR/9M/30Y/ATM,0.0065320000
2022-01-31,SWAPTION/RATE_NVOL/EUR/9M/3Y/ATM,0.0065700000
2022-01-31,SWAPTION/RATE_NVOL/EUR/9M/4Y/ATM,0.0066800000
2022-01-31,SWAPTION/RATE_NVOL/EUR/9M/5Y/ATM,0.0067400000
2022-01-31,SWAPTION/RATE_NVOL/EUR/9M/6Y/ATM,0.0067400000
2022-01-31,SWAPTION/RATE_NVOL/EUR/9M/7Y/ATM,0.0066700000
2022-01-31,SWAPTION/RATE_NVOL/EUR/9M/8Y/ATM,0.0065780000
2022-01-31,SWAPTION/RATE_NVOL/EUR/9M/9Y/ATM,0.0064770000
2022-01-31,SWAPTION/RATE_NVOL/GBP/10Y/10Y/ATM,0.0064900000
2022-01-31,SWAPTION/RATE_NVOL/GBP/10Y/10Y/Smile/-0.0025,0.0062950000
2022-01-31,SWAPTION/RATE_NVOL/GBP/10Y/10Y/Smile/-0.005,0.0060870000
2022-01-31,SWAPTION/RATE_NVOL/GBP/10Y/10Y/Smile/-0.01,0.0056210000
2022-01-31,SWAPTION/RATE_NVOL/GBP/10Y/10Y/Smile/-0.015,0.0050470000
2022-01-31,SWAPTION/RATE_NVOL/GBP/10Y/10Y/Smile/-0.02,0.0042030000
2022-01-31,SWAPTION/RATE_NVOL/GBP/10Y/10Y/Smile/0.0025,0.0066750000
2022-01-31,SWAPTION/RATE_NVOL/GBP/10Y/10Y/Smile/0.005,0.0068510000
2022-01-31,SWAPTION/RATE_NVOL/GBP/10Y/10Y/Smile/0.01,0.0071800000
2022-01-31,SWAPTION/RATE_NVOL/GBP/10Y/10Y/Smile/0.015,0.0074860000
2022-01-31,SWAPTION/RATE_NVOL/GBP/10Y/10Y/Smile/0.02,0.0077720000
2022-01-31,SWAPTION/RATE_NVOL/GBP/10Y/15Y/ATM,0.0062900000
2022-01-31,SWAPTION/RATE_NVOL/GBP/10Y/15Y/Smile/-0.0025,0.0060980000
2022-01-31,SWAPTION/RATE_NVOL/GBP/10Y/15Y/Smile/-0.005,0.0058930000
2022-01-31,SWAPTION/RATE_NVOL/GBP/10Y/15Y/Smile/-0.01,0.0054320000
2022-01-31,SWAPTION/RATE_NVOL/GBP/10Y/15Y/Smile/-0.015,0.0048600000
2022-01-31,SWAPTION/RATE_NVOL/GBP/10Y/15Y/Smile/-0.02,0.0039970000
2022-01-31,SWAPTION/RATE_NVOL/GBP/10Y/15Y/Smile/0.0025,0.0064720000
2022-01-31,SWAPTION/RATE_NVOL/GBP/10Y/15Y/Smile/0.005,0.0066450000
2022-01-31,SWAPTION/RATE_NVOL/GBP/10Y/15Y/Smile/0.01,0.0069690000
2022-01-31,SWAPTION/RATE_NVOL/GBP/10Y/15Y/Smile/0.015,0.0072690000
2022-01-31,SWAPTION/RATE_NVOL/GBP/10Y/15Y/Smile/0.02,0.0075500000
2022-01-31,SWAPTION/RATE_NVOL/GBP/10Y/1Y/ATM,0.0073200000
2022-01-31,SWAPTION/RATE_NVOL/GBP/10Y/1Y/Smile/-0.0025,0.0070900000
2022-01-31,SWAPTION/RATE_NVOL/GBP/10Y/1Y/Smile/-0.005,0.0068450000
2022-01-31,SWAPTION/RATE_NVOL/GBP/10Y/1Y/Smile/-0.01,0.0062900000
2022-01-31,SWAPTION/RATE_NVOL/GBP/10Y/1Y/Smile/-0.015,0.0055930000
2022-01-31,SWAPTION/RATE_NVOL/GBP/10Y/1Y/Smile/-0.02,0.0044930000
2022-01-31,SWAPTION/RATE_NVOL/GBP/10Y/1Y/Smile/0.0025,0.0075370000
2022-01-31,SWAPTION/RATE_NVOL/GBP/10Y/1Y/Smile/0.005,0.0077430000
2022-01-31,SWAPTION/RATE_NVOL/GBP/10Y/1Y/Smile/0.01,0.0081280000
2022-01-31,SWAPTION/RATE_NVOL/GBP/10Y/1Y/Smile/0.015,0.0084840000
2022-01-31,SWAPTION/RATE_NVOL/GBP/10Y/1Y/Smile/0.02,0.0088160000
2022-01-31,SWAPTION/RATE_NVOL/GBP/10Y/20Y/ATM,0.0061300000
2022-01-31,SWAPTION/RATE_NVOL/GBP/10Y/20Y/Smile/-0.0025,0.0059400000
2022-01-31,SWAPTION/RATE_NVOL/GBP/10Y/20Y/Smile/-0.005,0.0057370000
2022-01-31,SWAPTION/RATE_NVOL/GBP/10Y/20Y/Smile/-0.01,0.0052800000
2022-01-31,SWAPTION/RATE_NVOL/GBP/10Y/20Y/Smile/-0.015,0.0047100000
2022-01-31,SWAPTION/RATE_NVOL/GBP/10Y/20Y/Smile/-0.02,0.0038270000
2022-01-31,SWAPTION/RATE_NVOL/GBP/10Y/20Y/Smile/0.0025,0.0063100000
2022-01-31,SWAPTION/RATE_NVOL/GBP/10Y/20Y/Smile/0.005,0.0064800000
2022-01-31,SWAPTION/RATE_NVOL/GBP/10Y/20Y/Smile/0.01,0.0068000000
2022-01-31,SWAPTION/RATE_NVOL/GBP/10Y/20Y/Smile/0.015,0.0070960000
2022-01-31,SWAPTION/RATE_NVOL/GBP/10Y/20Y/Smile/0.02,0.0073730000
2022-01-31,SWAPTION/RATE_NVOL/GBP/10Y/25Y/ATM,0.0059500000
2022-01-31,SWAPTION/RATE_NVOL/GBP/10Y/25Y/Smile/-0.0025,0.0057620000
2022-01-31,SWAPTION/RATE_NVOL/GBP/10Y/25Y/Smile/-0.005,0.0055610000
2022-01-31,SWAPTION/RATE_NVOL/GBP/10Y/25Y/Smile/-0.01,0.0051070000
2022-01-31,SWAPTION/RATE_NVOL/GBP/10Y/25Y/Smile/-0.015,0.0045340000
2022-01-31,SWAPTION/RATE_NVOL/GBP/10Y/25Y/Smile/-0.02,0.0036110000
2022-01-31,SWAPTION/RATE_NVOL/GBP/10Y/25Y/Smile/0.0025,0.0061280000
2022-01-31,SWAPTION/RATE_NVOL/GBP/10Y/25Y/Smile/0.005,0.0062960000
2022-01-31,SWAPTION/RATE_NVOL/GBP/10Y/25Y/Smile/0.01,0.0066120000
2022-01-31,SWAPTION/RATE_NVOL/GBP/10Y/25Y/Smile/0.015,0.0069030000
2022-01-31,SWAPTION/RATE_NVOL/GBP/10Y/25Y/Smile/0.02,0.0071760000
2022-01-31,SWAPTION/RATE_NVOL/GBP/10Y/2Y/ATM,0.0072100000
2022-01-31,SWAPTION/RATE_NVOL/GBP/10Y/2Y/Smile/-0.0025,0.0070000000
2022-01-31,SWAPTION/RATE_NVOL/GBP/10Y/2Y/Smile/-0.005,0.0067770000
2022-01-31,SWAPTION/RATE_NVOL/GBP/10Y/2Y/Smile/-0.01,0.0062790000
2022-01-31,SWAPTION/RATE_NVOL/GBP/10Y/2Y/Smile/-0.015,0.0056710000
2022-01-31,SWAPTION/RATE_NVOL/GBP/10Y/2Y/Smile/-0.02,0.0048150000
2022-01-31,SWAPTION/RATE_NVOL/GBP/10Y/2Y/Smile/0.0025,0.0074090000
2022-01-31,SWAPTION/RATE_NVOL/GBP/10Y/2Y/Smile/0.005,0.0075990000
2022-01-31,SWAPTION/RATE_NVOL/GBP/10Y/2Y/Smile/0.01,0.0079550000
2022-01-31,SWAPTION/RATE_NVOL/GBP/10Y/2Y/Smile/0.015,0.0082860000
2022-01-31,SWAPTION/RATE_NVOL/GBP/10Y/2Y/Smile/0.02,0.0085960000
2022-01-31,SWAPTION/RATE_NVOL/GBP/10Y/30Y/ATM,0.0058300000
2022-01-31,SWAPTION/RATE_NVOL/GBP/10Y/30Y/Smile/-0.0025,0.0056410000
2022-01-31,SWAPTION/RATE_NVOL/GBP/10Y/30Y/Smile/-0.005,0.0054390000
2022-01-31,SWAPTION/RATE_NVOL/GBP/10Y/30Y/Smile/-0.01,0.0049810000
2022-01-31,SWAPTION/RATE_NVOL/GBP/10Y/30Y/Smile/-0.015,0.0043970000
2022-01-31,SWAPTION/RATE_NVOL/GBP/10Y/30Y/Smile/-0.02,0.0033920000
2022-01-31,SWAPTION/RATE_NVOL/GBP/10Y/30Y/Smile/0.0025,0.0060080000
2022-01-31,SWAPTION/RATE_NVOL/GBP/10Y/30Y/Smile/0.005,0.0061770000
2022-01-31,SWAPTION/RATE_NVOL/GBP/10Y/30Y/Smile/0.01,0.0064920000
2022-01-31,SWAPTION/RATE_NVOL/GBP/10Y/30Y/Smile/0.015,0.0067830000
2022-01-31,SWAPTION/RATE_NVOL/GBP/10Y/30Y/Smile/0.02,0.0070550000
2022-01-31,SWAPTION/RATE_NVOL/GBP/10Y/3Y/ATM,0.0070800000
2022-01-31,SWAPTION/RATE_NVOL/GBP/10Y/3Y/Smile/-0.0025,0.0068730000
2022-01-31,SWAPTION/RATE_NVOL/GBP/10Y/3Y/Smile/-0.005,0.0066520000
2022-01-31,SWAPTION/RATE_NVOL/GBP/10Y/3Y/Smile/-0.01,0.0061600000
2022-01-31,SWAPTION/RATE_NVOL/GBP/10Y/3Y/Smile/-0.015,0.0055580000
2022-01-31,SWAPTION/RATE_NVOL/GBP/10Y/3Y/Smile/-0.02,0.0047040000
2022-01-31,SWAPTION/RATE_NVOL/GBP/10Y/3Y/Smile/0.0025,0.0072770000
2022-01-31,SWAPTION/RATE_NVOL/GBP/10Y/3Y/Smile/0.005,0.0074640000
2022-01-31,SWAPTION/RATE_NVOL/GBP/10Y/3Y/Smile/0.01,0.0078150000
2022-01-31,SWAPTION/RATE_NVOL/GBP/10Y/3Y/Smile/0.015,0.0081420000
2022-01-31,SWAPTION/RATE_NVOL/GBP/10Y/3Y/Smile/0.02,0.0084470000
2022-01-31,SWAPTION/RATE_NVOL/GBP/10Y/4Y/ATM,0.0069800000
2022-01-31,SWAPTION/RATE_NVOL/GBP/10Y/4Y/Smile/-0.0025,0.0067750000
2022-01-31,SWAPTION/RATE_NVOL/GBP/10Y/4Y/Smile/-0.005,0.0065560000
2022-01-31,SWAPTION/RATE_NVOL/GBP/10Y/4Y/Smile/-0.01,0.0060680000
2022-01-31,SWAPTION/RATE_NVOL/GBP/10Y/4Y/Smile/-0.015,0.0054710000
2022-01-31,SWAPTION/RATE_NVOL/GBP/10Y/4Y/Smile/-0.02,0.0046190000
2022-01-31,SWAPTION/RATE_NVOL/GBP/10Y/4Y/Smile/0.0025,0.0071750000
2022-01-31,SWAPTION/RATE_NVOL/GBP/10Y/4Y/Smile/0.005,0.0073600000
2022-01-31,SWAPTION/RATE_NVOL/GBP/10Y/4Y/Smile/0.01,0.0077080000
2022-01-31,SWAPTION/RATE_NVOL/GBP/10Y/4Y/Smile/0.015,0.0080310000
2022-01-31,SWAPTION/RATE_NVOL/GBP/10Y/4Y/Smile/0.02,0.0083330000
2022-01-31,SWAPTION/RATE_NVOL/GBP/10Y/5Y/ATM,0.0068700000
2022-01-31,SWAPTION/RATE_NVOL/GBP/10Y/5Y/Smile/-0.0025,0.0066670000
2022-01-31,SWAPTION/RATE_NVOL/GBP/10Y/5Y/Smile/-0.005,0.0064510000
2022-01-31,SWAPTION/RATE_NVOL/GBP/10Y/5Y/Smile/-0.01,0.0059690000
2022-01-31,SWAPTION/RATE_NVOL/GBP/10Y/5Y/Smile/-0.015,0.0053780000
2022-01-31,SWAPTION/RATE_NVOL/GBP/10Y/5Y/Smile/-0.02,0.0045310000
2022-01-31,SWAPTION/RATE_NVOL/GBP/10Y/5Y/Smile/0.0025,0.0070620000
2022-01-31,SWAPTION/RATE_NVOL/GBP/10Y/5Y/Smile/0.005,0.0072450000
2022-01-31,SWAPTION/RATE_NVOL/GBP/10Y/5Y/Smile/0.01,0.0075890000
2022-01-31,SWAPTION/RATE_NVOL/GBP/10Y/5Y/Smile/0.015,0.0079070000
2022-01-31,SWAPTION/RATE_NVOL/GBP/10Y/5Y/Smile/0.02,0.0082060000
2022-01-31,SWAPTION/RATE_NVOL/GBP/10Y/6Y/ATM,0.0067800000
2022-01-31,SWAPTION/RATE_NVOL/GBP/10Y/6Y/Smile/-0.0025,0.0065790000
2022-01-31,SWAPTION/RATE_NVOL/GBP/10Y/6Y/Smile/-0.005,0.0063650000
2022-01-31,SWAPTION/RATE_NVOL/GBP/10Y/6Y/Smile/-0.01,0.0058870000
2022-01-31,SWAPTION/RATE_NVOL/GBP/10Y/6Y/Smile/-0.015,0.0053000000
2022-01-31,SWAPTION/RATE_NVOL/GBP/10Y/6Y/Smile/-0.02,0.0044530000
2022-01-31,SWAPTION/RATE_NVOL/GBP/10Y/6Y/Smile/0.0025,0.0069700000
2022-01-31,SWAPTION/RATE_NVOL/GBP/10Y/6Y/Smile/0.005,0.0071520000
2022-01-31,SWAPTION/RATE_NVOL/GBP/10Y/6Y/Smile/0.01,0.0074920000
2022-01-31,SWAPTION/RATE_NVOL/GBP/10Y/6Y/Smile/0.015,0.0078070000
2022-01-31,SWAPTION/RATE_NVOL/GBP/10Y/6Y/Smile/0.02,0.0081030000
2022-01-31,SWAPTION/RATE_NVOL/GBP/10Y/7Y/ATM,0.0067100000
2022-01-31,SWAPTION/RATE_NVOL/GBP/10Y/7Y/Smile/-0.0025,0.0065100000
2022-01-31,SWAPTION/RATE_NVOL/GBP/10Y/7Y/Smile/-0.005,0.0062980000
2022-01-31,SWAPTION/RATE_NVOL/GBP/10Y/7Y/Smile/-0.01,0.0058220000
2022-01-31,SWAPTION/RATE_NVOL/GBP/10Y/7Y/Smile/-0.015,0.0052370000
2022-01-31,SWAPTION/RATE_NVOL/GBP/10Y/7Y/Smile/-0.02,0.0043900000
2022-01-31,SWAPTION/RATE_NVOL/GBP/10Y/7Y/Smile/0.0025,0.0068990000
2022-01-31,SWAPTION/RATE_NVOL/GBP/10Y/7Y/Smile/0.005,0.0070790000
2022-01-31,SWAPTION/RATE_NVOL/GBP/10Y/7Y/Smile/0.01,0.0074170000
2022-01-31,SWAPTION/RATE_NVOL/GBP/10Y/7Y/Smile/0.015,0.0077300000
2022-01-31,SWAPTION/RATE_NVOL/GBP/10Y/7Y/Smile/0.02,0.0080240000
2022-01-31,SWAPTION/RATE_NVOL/GBP/10Y/8Y/ATM,0.0066400000
2022-01-31,SWAPTION/RATE_NVOL/GBP/10Y/8Y/Smile/-0.0025,0.0064420000
2022-01-31,SWAPTION/RATE_NVOL/GBP/10Y/8Y/Smile/-0.005,0.0062310000
2022-01-31,SWAPTION/RATE_NVOL/GBP/10Y/8Y/Smile/-0.01,0.0057580000
2022-01-31,SWAPTION/RATE_NVOL/GBP/10Y/8Y/Smile/-0.015,0.0051760000
2022-01-31,SWAPTION/RATE_NVOL/GBP/10Y/8Y/Smile/-0.02,0.0043300000
2022-01-31,SWAPTION/RATE_NVOL/GBP/10Y/8Y/Smile/0.0025,0.0068280000
2022-01-31,SWAPTION/RATE_NVOL/GBP/10Y/8Y/Smile/0.005,0.0070070000
2022-01-31,SWAPTION/RATE_NVOL/GBP/10Y/8Y/Smile/0.01,0.0073420000
2022-01-31,SWAPTION/RATE_NVOL/GBP/10Y/8Y/Smile/0.015,0.0076530000
2022-01-31,SWAPTION/RATE_NVOL/GBP/10Y/8Y/Smile/0.02,0.0079440000
2022-01-31,SWAPTION/RATE_NVOL/GBP/10Y/9Y/ATM,0.0065700000
2022-01-31,SWAPTION/RATE_NVOL/GBP/10Y/9Y/Smile/-0.0025,0.0063730000
2022-01-31,SWAPTION/RATE_NVOL/GBP/10Y/9Y/Smile/-0.005,0.0061640000
2022-01-31,SWAPTION/RATE_NVOL/GBP/10Y/9Y/Smile/-0.01,0.0056940000
2022-01-31,SWAPTION/RATE_NVOL/GBP/10Y/9Y/Smile/-0.015,0.0051150000
2022-01-31,SWAPTION/RATE_NVOL/GBP/10Y/9Y/Smile/-0.02,0.0042690000
2022-01-31,SWAPTION/RATE_NVOL/GBP/10Y/9Y/Smile/0.0025,0.0067560000
2022-01-31,SWAPTION/RATE_NVOL/GBP/10Y/9Y/Smile/0.005,0.0069340000
2022-01-31,SWAPTION/RATE_NVOL/GBP/10Y/9Y/Smile/0.01,0.0072660000
2022-01-31,SWAPTION/RATE_NVOL/GBP/10Y/9Y/Smile/0.015,0.0075750000
2022-01-31,SWAPTION/RATE_NVOL/GBP/10Y/9Y/Smile/0.02,0.0078640000
2022-01-31,SWAPTION/RATE_NVOL/GBP/15Y/10Y/ATM,0.0061400000
2022-01-31,SWAPTION/RATE_NVOL/GBP/15Y/10Y/Smile/-0.0025,0.0059430000
2022-01-31,SWAPTION/RATE_NVOL/GBP/15Y/10Y/Smile/-0.005,0.0057320000
2022-01-31,SWAPTION/RATE_NVOL/GBP/15Y/10Y/Smile/-0.01,0.0052550000
2022-01-31,SWAPTION/RATE_NVOL/GBP/15Y/10Y/Smile/-0.015,0.0046510000
2022-01-31,SWAPTION/RATE_NVOL/GBP/15Y/10Y/Smile/-0.02,0.0036720000
2022-01-31,SWAPTION/RATE_NVOL/GBP/15Y/10Y/Smile/0.0025,0.0063260000
2022-01-31,SWAPTION/RATE_NVOL/GBP/15Y/10Y/Smile/0.005,0.0065030000
2022-01-31,SWAPTION/RATE_NVOL/GBP/15Y/10Y/Smile/0.01,0.0068320000
2022-01-31,SWAPTION/RATE_NVOL/GBP/15Y/10Y/Smile/0.015,0.0071370000
2022-01-31,SWAPTION/RATE_NVOL/GBP/15Y/10Y/Smile/0.02,0.0074230000
2022-01-31,SWAPTION/RATE_NVOL/GBP/15Y/15Y/ATM,0.0059200000
2022-01-31,SWAPTION/RATE_NVOL/GBP/15Y/15Y/Smile/-0.0025,0.0057280000
2022-01-31,SWAPTION/RATE_NVOL/GBP/15Y/15Y/Smile/-0.005,0.0055220000
2022-01-31,SWAPTION/RATE_NVOL/GBP/15Y/15Y/Smile/-0.01,0.0050560000
2022-01-31,SWAPTION/RATE_NVOL/GBP/15Y/15Y/Smile/-0.015,0.0044620000
2022-01-31,SWAPTION/RATE_NVOL/GBP/15Y/15Y/Smile/-0.02,0.0034710000
2022-01-31,SWAPTION/RATE_NVOL/GBP/15Y/15Y/Smile/0.0025,0.0061010000
2022-01-31,SWAPTION/RATE_NVOL/GBP/15Y/15Y/Smile/0.005,0.0062730000
2022-01-31,SWAPTION/RATE_NVOL/GBP/15Y/15Y/Smile/0.01,0.0065940000
2022-01-31,SWAPTION/RATE_NVOL/GBP/15Y/15Y/Smile/0.015,0.0068910000
2022-01-31,SWAPTION/RATE_NVOL/GBP/15Y/15Y/Smile/0.02,0.0071680000
2022-01-31,SWAPTION/RATE_NVOL/GBP/15Y/1Y/ATM,0.0068700000
2022-01-31,SWAPTION/RATE_NVOL/GBP/15Y/1Y/Smile/-0.0025,0.0066350000
2022-01-31,SWAPTION/RATE_NVOL/GBP/15Y/1Y/Smile/-0.005,0.0063820000
2022-01-31,SWAPTION/RATE_NVOL/GBP/15Y/1Y/Smile/-0.01,0.0058020000
2022-01-31,SWAPTION/RATE_NVOL/GBP/15Y/1Y/Smile/-0.015,0.0050430000
2022-01-31,SWAPTION/RATE_NVOL/GBP/15Y/1Y/Smile/-0.02,0.0035950000
2022-01-31,SWAPTION/RATE_NVOL/GBP/15Y/1Y/Smile/0.0025,0.0070910000
2022-01-31,SWAPTION/RATE_NVOL/GBP/15Y/1Y/Smile/0.005,0.0073000000
2022-01-31,SWAPTION/RATE_NVOL/GBP/15Y/1Y/Smile/0.01,0.0076890000
2022-01-31,SWAPTION/RATE_NVOL/GBP/15Y/1Y/Smile/0.015,0.0080480000
2022-01-31,SWAPTION/RATE_NVOL/GBP/15Y/1Y/Smile/0.02,0.0083820000
2022-01-31,SWAPTION/RATE_NVOL/GBP/15Y/20Y/ATM,0.0056900000
2022-01-31,SWAPTION/RATE_NVOL/GBP/15Y/20Y/Smile/-0.0025,0.0055020000
2022-01-31,SWAPTION/RATE_NVOL/GBP/15Y/20Y/Smile/-0.005,0.0053000000
2022-01-31,SWAPTION/RATE_NVOL/GBP/15Y/20Y/Smile/-0.01,0.0048400000
2022-01-31,SWAPTION/RATE_NVOL/GBP/15Y/20Y/Smile/-0.015,0.0042500000
2022-01-31,SWAPTION/RATE_NVOL/GBP/15Y/20Y/Smile/-0.02,0.0032010000
2022-01-31,SWAPTION/RATE_NVOL/GBP/15Y/20Y/Smile/0.0025,0.0058670000
2022-01-31,SWAPTION/RATE_NVOL/GBP/15Y/20Y/Smile/0.005,0.0060360000
2022-01-31,SWAPTION/RATE_NVOL/GBP/15Y/20Y/Smile/0.01,0.0063500000
2022-01-31,SWAPTION/RATE_NVOL/GBP/15Y/20Y/Smile/0.015,0.0066390000
2022-01-31,SWAPTION/RATE_NVOL/GBP/15Y/20Y/Smile/0.02,0.0069100000
2022-01-31,SWAPTION/RATE_NVOL/GBP/15Y/25Y/ATM,0.0054600000
2022-01-31,SWAPTION/RATE_NVOL/GBP/15Y/25Y/Smile/-0.0025,0.0052750000
2022-01-31,SWAPTION/RATE_NVOL/GBP/15Y/25Y/Smile/-0.005,0.0050770000
2022-01-31,SWAPTION/RATE_NVOL/GBP/15Y/25Y/Smile/-0.01,0.0046230000
2022-01-31,SWAPTION/RATE_NVOL/GBP/15Y/25Y/Smile/-0.015,0.0040320000
2022-01-31,SWAPTION/RATE_NVOL/GBP/15Y/25Y/Smile/-0.02,0.0028660000
2022-01-31,SWAPTION/RATE_NVOL/GBP/15Y/25Y/Smile/0.0025,0.0056340000
2022-01-31,SWAPTION/RATE_NVOL/GBP/15Y/25Y/Smile/0.005,0.0057980000
2022-01-31,SWAPTION/RATE_NVOL/GBP/15Y/25Y/Smile/0.01,0.0061050000
2022-01-31,SWAPTION/RATE_NVOL/GBP/15Y/25Y/Smile/0.015,0.0063880000
2022-01-31,SWAPTION/RATE_NVOL/GBP/15Y/25Y/Smile/0.02,0.0066510000
2022-01-31,SWAPTION/RATE_NVOL/GBP/15Y/2Y/ATM,0.0067900000
2022-01-31,SWAPTION/RATE_NVOL/GBP/15Y/2Y/Smile/-0.0025,0.0065750000
2022-01-31,SWAPTION/RATE_NVOL/GBP/15Y/2Y/Smile/-0.005,0.0063460000
2022-01-31,SWAPTION/RATE_NVOL/GBP/15Y/2Y/Smile/-0.01,0.0058280000
2022-01-31,SWAPTION/RATE_NVOL/GBP/15Y/2Y/Smile/-0.015,0.0051780000
2022-01-31,SWAPTION/RATE_NVOL/GBP/15Y/2Y/Smile/-0.02,0.0041640000
2022-01-31,SWAPTION/RATE_NVOL/GBP/15Y/2Y/Smile/0.0025,0.0069930000
2022-01-31,SWAPTION/RATE_NVOL/GBP/15Y/2Y/Smile/0.005,0.0071850000
2022-01-31,SWAPTION/RATE_NVOL/GBP/15Y/2Y/Smile/0.01,0.0075450000
2022-01-31,SWAPTION/RATE_NVOL/GBP/15Y/2Y/Smile/0.015,0.0078780000
2022-01-31,SWAPTION/RATE_NVOL/GBP/15Y/2Y/Smile/0.02,0.0081890000
2022-01-31,SWAPTION/RATE_NVOL/GBP/15Y/30Y/ATM,0.0053400000
2022-01-31,SWAPTION/RATE_NVOL/GBP/15Y/30Y/Smile/-0.0025,0.0051540000
2022-01-31,SWAPTION/RATE_NVOL/GBP/15Y/30Y/Smile/-0.005,0.0049550000
2022-01-31,SWAPTION/RATE_NVOL/GBP/15Y/30Y/Smile/-0.01,0.0044960000
2022-01-31,SWAPTION/RATE_NVOL/GBP/15Y/30Y/Smile/-0.015,0.0038880000
2022-01-31,SWAPTION/RATE_NVOL/GBP/15Y/30Y/Smile/-0.02,0.0024170000
2022-01-31,SWAPTION/RATE_NVOL/GBP/15Y/30Y/Smile/0.0025,0.0055140000
2022-01-31,SWAPTION/RATE_NVOL/GBP/15Y/30Y/Smile/0.005,0.0056790000
2022-01-31,SWAPTION/RATE_NVOL/GBP/15Y/30Y/Smile/0.01,0.0059860000
2022-01-31,SWAPTION/RATE_NVOL/GBP/15Y/30Y/Smile/0.015,0.0062680000
2022-01-31,SWAPTION/RATE_NVOL/GBP/15Y/30Y/Smile/0.02,0.0065310000
2022-01-31,SWAPTION/RATE_NVOL/GBP/15Y/3Y/ATM,0.0066500000
2022-01-31,SWAPTION/RATE_NVOL/GBP/15Y/3Y/Smile/-0.0025,0.0064400000
2022-01-31,SWAPTION/RATE_NVOL/GBP/15Y/3Y/Smile/-0.005,0.0062150000
2022-01-31,SWAPTION/RATE_NVOL/GBP/15Y/3Y/Smile/-0.01,0.0057080000
2022-01-31,SWAPTION/RATE_NVOL/GBP/15Y/3Y/Smile/-0.015,0.0050720000
2022-01-31,SWAPTION/RATE_NVOL/GBP/15Y/3Y/Smile/-0.02,0.0040780000
2022-01-31,SWAPTION/RATE_NVOL/GBP/15Y/3Y/Smile/0.0025,0.0068480000
2022-01-31,SWAPTION/RATE_NVOL/GBP/15Y/3Y/Smile/0.005,0.0070370000
2022-01-31,SWAPTION/RATE_NVOL/GBP/15Y/3Y/Smile/0.01,0.0073890000
2022-01-31,SWAPTION/RATE_NVOL/GBP/15Y/3Y/Smile/0.015,0.0077150000
2022-01-31,SWAPTION/RATE_NVOL/GBP/15Y/3Y/Smile/0.02,0.0080200000
2022-01-31,SWAPTION/RATE_NVOL/GBP/15Y/4Y/ATM,0.0065400000
2022-01-31,SWAPTION/RATE_NVOL/GBP/15Y/4Y/Smile/-0.0025,0.0063330000
2022-01-31,SWAPTION/RATE_NVOL/GBP/15Y/4Y/Smile/-0.005,0.0061120000
2022-01-31,SWAPTION/RATE_NVOL/GBP/15Y/4Y/Smile/-0.01,0.0056120000
2022-01-31,SWAPTION/RATE_NVOL/GBP/15Y/4Y/Smile/-0.015,0.0049850000
2022-01-31,SWAPTION/RATE_NVOL/GBP/15Y/4Y/Smile/-0.02,0.0040020000
2022-01-31,SWAPTION/RATE_NVOL/GBP/15Y/4Y/Smile/0.0025,0.0067350000
2022-01-31,SWAPTION/RATE_NVOL/GBP/15Y/4Y/Smile/0.005,0.0069210000
2022-01-31,SWAPTION/RATE_NVOL/GBP/15Y/4Y/Smile/0.01,0.0072680000
2022-01-31,SWAPTION/RATE_NVOL/GBP/15Y/4Y/Smile/0.015,0.0075890000
2022-01-31,SWAPTION/RATE_NVOL/GBP/15Y/4Y/Smile/0.02,0.0078890000
2022-01-31,SWAPTION/RATE_NVOL/GBP/15Y/5Y/ATM,0.0064600000
2022-01-31,SWAPTION/RATE_NVOL/GBP/15Y/5Y/Smile/-0.0025,0.0062550000
2022-01-31,SWAPTION/RATE_NVOL/GBP/15Y/5Y/Smile/-0.005,0.0060360000
2022-01-31,SWAPTION/RATE_NVOL/GBP/15Y/5Y/Smile/-0.01,0.0055410000
2022-01-31,SWAPTION/RATE_NVOL/GBP/15Y/5Y/Smile/-0.015,0.0049190000
2022-01-31,SWAPTION/RATE_NVOL/GBP/15Y/5Y/Smile/-0.02,0.0039380000
2022-01-31,SWAPTION/RATE_NVOL/GBP/15Y/5Y/Smile/0.0025,0.0066530000
2022-01-31,SWAPTION/RATE_NVOL/GBP/15Y/5Y/Smile/0.005,0.0068370000
2022-01-31,SWAPTION/RATE_NVOL/GBP/15Y/5Y/Smile/0.01,0.0071810000
2022-01-31,SWAPTION/RATE_NVOL/GBP/15Y/5Y/Smile/0.015,0.0074980000
2022-01-31,SWAPTION/RATE_NVOL/GBP/15Y/5Y/Smile/0.02,0.0077950000
2022-01-31,SWAPTION/RATE_NVOL/GBP/15Y/6Y/ATM,0.0063900000
2022-01-31,SWAPTION/RATE_NVOL/GBP/15Y/6Y/Smile/-0.0025,0.0061870000
2022-01-31,SWAPTION/RATE_NVOL/GBP/15Y/6Y/Smile/-0.005,0.0059700000
2022-01-31,SWAPTION/RATE_NVOL/GBP/15Y/6Y/Smile/-0.01,0.0054780000
2022-01-31,SWAPTION/RATE_NVOL/GBP/15Y/6Y/Smile/-0.015,0.0048600000
2022-01-31,SWAPTION/RATE_NVOL/GBP/15Y/6Y/Smile/-0.02,0.0038800000
2022-01-31,SWAPTION/RATE_NVOL/GBP/15Y/6Y/Smile/0.0025,0.0065820000
2022-01-31,SWAPTION/RATE_NVOL/GBP/15Y/6Y/Smile/0.005,0.0067640000
2022-01-31,SWAPTION/RATE_NVOL/GBP/15Y/6Y/Smile/0.01,0.0071050000
2022-01-31,SWAPTION/RATE_NVOL/GBP/15Y/6Y/Smile/0.015,0.0074190000
2022-01-31,SWAPTION/RATE_NVOL/GBP/15Y/6Y/Smile/0.02,0.0077140000
2022-01-31,SWAPTION/RATE_NVOL/GBP/15Y/7Y/ATM,0.0063400000
2022-01-31,SWAPTION/RATE_NVOL/GBP/15Y/7Y/Smile/-0.0025,0.0061380000
2022-01-31,SWAPTION/RATE_NVOL/GBP/15Y/7Y/Smile/-0.005,0.0059220000
2022-01-31,SWAPTION/RATE_NVOL/GBP/15Y/7Y/Smile/-0.01,0.0054330000
2022-01-31,SWAPTION/RATE_NVOL/GBP/15Y/7Y/Smile/-0.015,0.0048170000
2022-01-31,SWAPTION/RATE_NVOL/GBP/15Y/7Y/Smile/-0.02,0.0038340000
2022-01-31,SWAPTION/RATE_NVOL/GBP/15Y/7Y/Smile/0.0025,0.0065310000
2022-01-31,SWAPTION/RATE_NVOL/GBP/15Y/7Y/Smile/0.005,0.0067120000
2022-01-31,SWAPTION/RATE_NVOL/GBP/15Y/7Y/Smile/0.01,0.0070510000
2022-01-31,SWAPTION/RATE_NVOL/GBP/15Y/7Y/Smile/0.015,0.0073640000
2022-01-31,SWAPTION/RATE_NVOL/GBP/15Y/7Y/Smile/0.02,0.0076560000
2022-01-31,SWAPTION/RATE_NVOL/GBP/15Y/8Y/ATM,0.0062700000
2022-01-31,SWAPTION/RATE_NVOL/GBP/15Y/8Y/Smile/-0.0025,0.0060690000
2022-01-31,SWAPTION/RATE_NVOL/GBP/15Y/8Y/Smile/-0.005,0.0058550000
2022-01-31,SWAPTION/RATE_NVOL/GBP/15Y/8Y/Smile/-0.01,0.0053700000
2022-01-31,SWAPTION/RATE_NVOL/GBP/15Y/8Y/Smile/-0.015,0.0047580000
2022-01-31,SWAPTION/RATE_NVOL/GBP/15Y/8Y/Smile/-0.02,0.0037760000
2022-01-31,SWAPTION/RATE_NVOL/GBP/15Y/8Y/Smile/0.0025,0.0064590000
2022-01-31,SWAPTION/RATE_NVOL/GBP/15Y/8Y/Smile/0.005,0.0066390000
2022-01-31,SWAPTION/RATE_NVOL/GBP/15Y/8Y/Smile/0.01,0.0069740000
2022-01-31,SWAPTION/RATE_NVOL/GBP/15Y/8Y/Smile/0.015,0.0072850000
2022-01-31,SWAPTION/RATE_NVOL/GBP/15Y/8Y/Smile/0.02,0.0075750000
2022-01-31,SWAPTION/RATE_NVOL/GBP/15Y/9Y/ATM,0.0062300000
2022-01-31,SWAPTION/RATE_NVOL/GBP/15Y/9Y/Smile/-0.0025,0.0060300000
2022-01-31,SWAPTION/RATE_NVOL/GBP/15Y/9Y/Smile/-0.005,0.0058170000
2022-01-31,SWAPTION/RATE_NVOL/GBP/15Y/9Y/Smile/-0.01,0.0053330000
2022-01-31,SWAPTION/RATE_NVOL/GBP/15Y/9Y/Smile/-0.015,0.0047220000
2022-01-31,SWAPTION/RATE_NVOL/GBP/15Y/9Y/Smile/-0.02,0.0037340000
2022-01-31,SWAPTION/RATE_NVOL/GBP/15Y/9Y/Smile/0.0025,0.0064180000
2022-01-31,SWAPTION/RATE_NVOL/GBP/15Y/9Y/Smile/0.005,0.0065970000
2022-01-31,SWAPTION/RATE_NVOL/GBP/15Y/9Y/Smile/0.01,0.0069320000
2022-01-31,SWAPTION/RATE_NVOL/GBP/15Y/9Y/Smile/0.015,0.0072410000
2022-01-31,SWAPTION/RATE_NVOL/GBP/15Y/9Y/Smile/0.02,0.0075300000
2022-01-31,SWAPTION/RATE_NVOL/GBP/1M/10Y/ATM,0.0082100000
2022-01-31,SWAPTION/RATE_NVOL/GBP/1M/10Y/Smile/-0.0025,0.0078430000
2022-01-31,SWAPTION/RATE_NVOL/GBP/1M/10Y/Smile/-0.005,0.0077300000
2022-01-31,SWAPTION/RATE_NVOL/GBP/1M/10Y/Smile/-0.01,0.0080860000
2022-01-31,SWAPTION/RATE_NVOL/GBP/1M/10Y/Smile/-0.015,0.0087520000
2022-01-31,SWAPTION/RATE_NVOL/GBP/1M/10Y/Smile/-0.02,0.0093730000
2022-01-31,SWAPTION/RATE_NVOL/GBP/1M/10Y/Smile/0.0025,0.0087920000
2022-01-31,SWAPTION/RATE_NVOL/GBP/1M/10Y/Smile/0.005,0.0095120000
2022-01-31,SWAPTION/RATE_NVOL/GBP/1M/10Y/Smile/0.01,0.0111430000
2022-01-31,SWAPTION/RATE_NVOL/GBP/1M/10Y/Smile/0.015,0.0128510000
2022-01-31,SWAPTION/RATE_NVOL/GBP/1M/10Y/Smile/0.02,0.0145590000
2022-01-31,SWAPTION/RATE_NVOL/GBP/1M/15Y/ATM,0.0084000000
2022-01-31,SWAPTION/RATE_NVOL/GBP/1M/15Y/Smile/-0.0025,0.0080220000
2022-01-31,SWAPTION/RATE_NVOL/GBP/1M/15Y/Smile/-0.005,0.0078900000
2022-01-31,SWAPTION/RATE_NVOL/GBP/1M/15Y/Smile/-0.01,0.0082000000
2022-01-31,SWAPTION/RATE_NVOL/GBP/1M/15Y/Smile/-0.015,0.0088260000
2022-01-31,SWAPTION/RATE_NVOL/GBP/1M/15Y/Smile/-0.02,0.0094010000
2022-01-31,SWAPTION/RATE_NVOL/GBP/1M/15Y/Smile/0.0025,0.0089850000
2022-01-31,SWAPTION/RATE_NVOL/GBP/1M/15Y/Smile/0.005,0.0097040000
2022-01-31,SWAPTION/RATE_NVOL/GBP/1M/15Y/Smile/0.01,0.0113330000
2022-01-31,SWAPTION/RATE_NVOL/GBP/1M/15Y/Smile/0.015,0.0130410000
2022-01-31,SWAPTION/RATE_NVOL/GBP/1M/15Y/Smile/0.02,0.0147520000
2022-01-31,SWAPTION/RATE_NVOL/GBP/1M/1Y/ATM,0.0072500000
2022-01-31,SWAPTION/RATE_NVOL/GBP/1M/1Y/Smile/-0.0025,0.0068570000
2022-01-31,SWAPTION/RATE_NVOL/GBP/1M/1Y/Smile/-0.005,0.0067320000
2022-01-31,SWAPTION/RATE_NVOL/GBP/1M/1Y/Smile/-0.01,0.0070720000
2022-01-31,SWAPTION/RATE_NVOL/GBP/1M/1Y/Smile/-0.015,0.0076760000
2022-01-31,SWAPTION/RATE_NVOL/GBP/1M/1Y/Smile/-0.02,0.0081070000
2022-01-31,SWAPTION/RATE_NVOL/GBP/1M/1Y/Smile/0.0025,0.0078580000
2022-01-31,SWAPTION/RATE_NVOL/GBP/1M/1Y/Smile/0.005,0.0085940000
2022-01-31,SWAPTION/RATE_NVOL/GBP/1M/1Y/Smile/0.01,0.0102190000
2022-01-31,SWAPTION/RATE_NVOL/GBP/1M/1Y/Smile/0.015,0.0118920000
2022-01-31,SWAPTION/RATE_NVOL/GBP/1M/1Y/Smile/0.02,0.0135500000
2022-01-31,SWAPTION/RATE_NVOL/GBP/1M/20Y/ATM,0.0084800000
2022-01-31,SWAPTION/RATE_NVOL/GBP/1M/20Y/Smile/-0.0025,0.0081100000
2022-01-31,SWAPTION/RATE_NVOL/GBP/1M/20Y/Smile/-0.005,0.0079830000
2022-01-31,SWAPTION/RATE_NVOL/GBP/1M/20Y/Smile/-0.01,0.0082920000
2022-01-31,SWAPTION/RATE_NVOL/GBP/1M/20Y/Smile/-0.015,0.0089060000
2022-01-31,SWAPTION/RATE_NVOL/GBP/1M/20Y/Smile/-0.02,0.0094500000
2022-01-31,SWAPTION/RATE_NVOL/GBP/1M/20Y/Smile/0.0025,0.0090570000
2022-01-31,SWAPTION/RATE_NVOL/GBP/1M/20Y/Smile/0.005,0.0097700000
2022-01-31,SWAPTION/RATE_NVOL/GBP/1M/20Y/Smile/0.01,0.0113930000
2022-01-31,SWAPTION/RATE_NVOL/GBP/1M/20Y/Smile/0.015,0.0131010000
2022-01-31,SWAPTION/RATE_NVOL/GBP/1M/20Y/Smile/0.02,0.0148140000
2022-01-31,SWAPTION/RATE_NVOL/GBP/1M/25Y/ATM,0.0085600000
2022-01-31,SWAPTION/RATE_NVOL/GBP/1M/25Y/Smile/-0.0025,0.0081960000
2022-01-31,SWAPTION/RATE_NVOL/GBP/1M/25Y/Smile/-0.005,0.0080730000
2022-01-31,SWAPTION/RATE_NVOL/GBP/1M/25Y/Smile/-0.01,0.0083820000
2022-01-31,SWAPTION/RATE_NVOL/GBP/1M/25Y/Smile/-0.015,0.0089860000
2022-01-31,SWAPTION/RATE_NVOL/GBP/1M/25Y/Smile/-0.02,0.0095000000
2022-01-31,SWAPTION/RATE_NVOL/GBP/1M/25Y/Smile/0.0025,0.0091310000
2022-01-31,SWAPTION/RATE_NVOL/GBP/1M/25Y/Smile/0.005,0.0098410000
2022-01-31,SWAPTION/RATE_NVOL/GBP/1M/25Y/Smile/0.01,0.0114630000
2022-01-31,SWAPTION/RATE_NVOL/GBP/1M/25Y/Smile/0.015,0.0131730000
2022-01-31,SWAPTION/RATE_NVOL/GBP/1M/25Y/Smile/0.02,0.0148910000
2022-01-31,SWAPTION/RATE_NVOL/GBP/1M/2Y/ATM,0.0076200000
2022-01-31,SWAPTION/RATE_NVOL/GBP/1M/2Y/Smile/-0.0025,0.0072190000
2022-01-31,SWAPTION/RATE_NVOL/GBP/1M/2Y/Smile/-0.005,0.0070790000
2022-01-31,SWAPTION/RATE_NVOL/GBP/1M/2Y/Smile/-0.01,0.0074040000
2022-01-31,SWAPTION/RATE_NVOL/GBP/1M/2Y/Smile/-0.015,0.0080470000
2022-01-31,SWAPTION/RATE_NVOL/GBP/1M/2Y/Smile/-0.02,0.0086450000
2022-01-31,SWAPTION/RATE_NVOL/GBP/1M/2Y/Smile/0.0025,0.0082280000
2022-01-31,SWAPTION/RATE_NVOL/GBP/1M/2Y/Smile/0.005,0.0089610000
2022-01-31,SWAPTION/RATE_NVOL/GBP/1M/2Y/Smile/0.01,0.0105850000
2022-01-31,SWAPTION/RATE_NVOL/GBP/1M/2Y/Smile/0.015,0.0122610000
2022-01-31,SWAPTION/RATE_NVOL/GBP/1M/2Y/Smile/0.02,0.0139270000
2022-01-31,SWAPTION/RATE_NVOL/GBP/1M/30Y/ATM,0.0086300000
2022-01-31,SWAPTION/RATE_NVOL/GBP/1M/30Y/Smile/-0.0025,0.0082680000
2022-01-31,SWAPTION/RATE_NVOL/GBP/1M/30Y/Smile/-0.005,0.0081480000
2022-01-31,SWAPTION/RATE_NVOL/GBP/1M/30Y/Smile/-0.01,0.0084580000
2022-01-31,SWAPTION/RATE_NVOL/GBP/1M/30Y/Smile/-0.015,0.0090560000
2022-01-31,SWAPTION/RATE_NVOL/GBP/1M/30Y/Smile/-0.02,0.0095450000
2022-01-31,SWAPTION/RATE_NVOL/GBP/1M/30Y/Smile/0.0025,0.0092000000
2022-01-31,SWAPTION/RATE_NVOL/GBP/1M/30Y/Smile/0.005,0.0099110000
2022-01-31,SWAPTION/RATE_NVOL/GBP/1M/30Y/Smile/0.01,0.0115390000
2022-01-31,SWAPTION/RATE_NVOL/GBP/1M/30Y/Smile/0.015,0.0132590000
2022-01-31,SWAPTION/RATE_NVOL/GBP/1M/30Y/Smile/0.02,0.0149870000
2022-01-31,SWAPTION/RATE_NVOL/GBP/1M/3Y/ATM,0.0077500000
2022-01-31,SWAPTION/RATE_NVOL/GBP/1M/3Y/Smile/-0.0025,0.0073420000
2022-01-31,SWAPTION/RATE_NVOL/GBP/1M/3Y/Smile/-0.005,0.0071900000
2022-01-31,SWAPTION/RATE_NVOL/GBP/1M/3Y/Smile/-0.01,0.0075080000
2022-01-31,SWAPTION/RATE_NVOL/GBP/1M/3Y/Smile/-0.015,0.0081760000
2022-01-31,SWAPTION/RATE_NVOL/GBP/1M/3Y/Smile/-0.02,0.0088540000
2022-01-31,SWAPTION/RATE_NVOL/GBP/1M/3Y/Smile/0.0025,0.0083610000
2022-01-31,SWAPTION/RATE_NVOL/GBP/1M/3Y/Smile/0.005,0.0090940000
2022-01-31,SWAPTION/RATE_NVOL/GBP/1M/3Y/Smile/0.01,0.0107130000
2022-01-31,SWAPTION/RATE_NVOL/GBP/1M/3Y/Smile/0.015,0.0123850000
2022-01-31,SWAPTION/RATE_NVOL/GBP/1M/3Y/Smile/0.02,0.0140450000
2022-01-31,SWAPTION/RATE_NVOL/GBP/1M/4Y/ATM,0.0078800000
2022-01-31,SWAPTION/RATE_NVOL/GBP/1M/4Y/Smile/-0.0025,0.0074760000
2022-01-31,SWAPTION/RATE_NVOL/GBP/1M/4Y/Smile/-0.005,0.0073280000
2022-01-31,SWAPTION/RATE_NVOL/GBP/1M/4Y/Smile/-0.01,0.0076440000
2022-01-31,SWAPTION/RATE_NVOL/GBP/1M/4Y/Smile/-0.015,0.0083070000
2022-01-31,SWAPTION/RATE_NVOL/GBP/1M/4Y/Smile/-0.02,0.0089720000
2022-01-31,SWAPTION/RATE_NVOL/GBP/1M/4Y/Smile/0.0025,0.0084870000
2022-01-31,SWAPTION/RATE_NVOL/GBP/1M/4Y/Smile/0.005,0.0092180000
2022-01-31,SWAPTION/RATE_NVOL/GBP/1M/4Y/Smile/0.01,0.0108410000
2022-01-31,SWAPTION/RATE_NVOL/GBP/1M/4Y/Smile/0.015,0.0125210000
2022-01-31,SWAPTION/RATE_NVOL/GBP/1M/4Y/Smile/0.02,0.0141930000
2022-01-31,SWAPTION/RATE_NVOL/GBP/1M/5Y/ATM,0.0080100000
2022-01-31,SWAPTION/RATE_NVOL/GBP/1M/5Y/Smile/-0.0025,0.0076110000
2022-01-31,SWAPTION/RATE_NVOL/GBP/1M/5Y/Smile/-0.005,0.0074660000
2022-01-31,SWAPTION/RATE_NVOL/GBP/1M/5Y/Smile/-0.01,0.0077790000
2022-01-31,SWAPTION/RATE_NVOL/GBP/1M/5Y/Smile/-0.015,0.0084360000
2022-01-31,SWAPTION/RATE_NVOL/GBP/1M/5Y/Smile/-0.02,0.0090910000
2022-01-31,SWAPTION/RATE_NVOL/GBP/1M/5Y/Smile/0.0025,0.0086120000
2022-01-31,SWAPTION/RATE_NVOL/GBP/1M/5Y/Smile/0.005,0.0093410000
2022-01-31,SWAPTION/RATE_NVOL/GBP/1M/5Y/Smile/0.01,0.0109650000
2022-01-31,SWAPTION/RATE_NVOL/GBP/1M/5Y/Smile/0.015,0.0126510000
2022-01-31,SWAPTION/RATE_NVOL/GBP/1M/5Y/Smile/0.02,0.0143310000
2022-01-31,SWAPTION/RATE_NVOL/GBP/1M/6Y/ATM,0.0080600000
2022-01-31,SWAPTION/RATE_NVOL/GBP/1M/6Y/Smile/-0.0025,0.0076660000
2022-01-31,SWAPTION/RATE_NVOL/GBP/1M/6Y/Smile/-0.005,0.0075240000
2022-01-31,SWAPTION/RATE_NVOL/GBP/1M/6Y/Smile/-0.01,0.0078370000
2022-01-31,SWAPTION/RATE_NVOL/GBP/1M/6Y/Smile/-0.015,0.0084860000
2022-01-31,SWAPTION/RATE_NVOL/GBP/1M/6Y/Smile/-0.02,0.0091240000
2022-01-31,SWAPTION/RATE_NVOL/GBP/1M/6Y/Smile/0.0025,0.0086570000
2022-01-31,SWAPTION/RATE_NVOL/GBP/1M/6Y/Smile/0.005,0.0093830000
2022-01-31,SWAPTION/RATE_NVOL/GBP/1M/6Y/Smile/0.01,0.0110040000
2022-01-31,SWAPTION/RATE_NVOL/GBP/1M/6Y/Smile/0.015,0.0126910000
2022-01-31,SWAPTION/RATE_NVOL/GBP/1M/6Y/Smile/0.02,0.0143730000
2022-01-31,SWAPTION/RATE_NVOL/GBP/1M/7Y/ATM,0.0080900000
2022-01-31,SWAPTION/RATE_NVOL/GBP/1M/7Y/Smile/-0.0025,0.0077020000
2022-01-31,SWAPTION/RATE_NVOL/GBP/1M/7Y/Smile/-0.005,0.0075670000
2022-01-31,SWAPTION/RATE_NVOL/GBP/1M/7Y/Smile/-0.01,0.0078900000
2022-01-31,SWAPTION/RATE_NVOL/GBP/1M/7Y/Smile/-0.015,0.0085420000
2022-01-31,SWAPTION/RATE_NVOL/GBP/1M/7Y/Smile/-0.02,0.0091700000
2022-01-31,SWAPTION/RATE_NVOL/GBP/1M/7Y/Smile/0.0025,0.0086850000
2022-01-31,SWAPTION/RATE_NVOL/GBP/1M/7Y/Smile/0.005,0.0094100000
2022-01-31,SWAPTION/RATE_NVOL/GBP/1M/7Y/Smile/0.01,0.0110370000
2022-01-31,SWAPTION/RATE_NVOL/GBP/1M/7Y/Smile/0.015,0.0127310000
2022-01-31,SWAPTION/RATE_NVOL/GBP/1M/7Y/Smile/0.02,0.0144220000
2022-01-31,SWAPTION/RATE_NVOL/GBP/1M/8Y/ATM,0.0081400000
2022-01-31,SWAPTION/RATE_NVOL/GBP/1M/8Y/Smile/-0.0025,0.0077510000
2022-01-31,SWAPTION/RATE_NVOL/GBP/1M/8Y/Smile/-0.005,0.0076120000
2022-01-31,SWAPTION/RATE_NVOL/GBP/1M/8Y/Smile/-0.01,0.0079250000
2022-01-31,SWAPTION/RATE_NVOL/GBP/1M/8Y/Smile/-0.015,0.0085670000
2022-01-31,SWAPTION/RATE_NVOL/GBP/1M/8Y/Smile/-0.02,0.0091810000
2022-01-31,SWAPTION/RATE_NVOL/GBP/1M/8Y/Smile/0.0025,0.0087350000
2022-01-31,SWAPTION/RATE_NVOL/GBP/1M/8Y/Smile/0.005,0.0094600000
2022-01-31,SWAPTION/RATE_NVOL/GBP/1M/8Y/Smile/0.01,0.0110860000
2022-01-31,SWAPTION/RATE_NVOL/GBP/1M/8Y/Smile/0.015,0.0127810000
2022-01-31,SWAPTION/RATE_NVOL/GBP/1M/8Y/Smile/0.02,0.0144730000
2022-01-31,SWAPTION/RATE_NVOL/GBP/1M/9Y/ATM,0.0081800000
2022-01-31,SWAPTION/RATE_NVOL/GBP/1M/9Y/Smile/-0.0025,0.0077930000
2022-01-31,SWAPTION/RATE_NVOL/GBP/1M/9Y/Smile/-0.005,0.0076560000
2022-01-31,SWAPTION/RATE_NVOL/GBP/1M/9Y/Smile/-0.01,0.0079700000
2022-01-31,SWAPTION/RATE_NVOL/GBP/1M/9Y/Smile/-0.015,0.0086100000
2022-01-31,SWAPTION/RATE_NVOL/GBP/1M/9Y/Smile/-0.02,0.0092170000
2022-01-31,SWAPTION/RATE_NVOL/GBP/1M/9Y/Smile/0.0025,0.0087730000
2022-01-31,SWAPTION/RATE_NVOL/GBP/1M/9Y/Smile/0.005,0.0094970000
2022-01-31,SWAPTION/RATE_NVOL/GBP/1M/9Y/Smile/0.01,0.0111240000
2022-01-31,SWAPTION/RATE_NVOL/GBP/1M/9Y/Smile/0.015,0.0128210000
2022-01-31,SWAPTION/RATE_NVOL/GBP/1M/9Y/Smile/0.02,0.0145170000
2022-01-31,SWAPTION/RATE_NVOL/GBP/1Y/10Y/ATM,0.0078700000
2022-01-31,SWAPTION/RATE_NVOL/GBP/1Y/10Y/Smile/-0.0025,0.0073550000
2022-01-31,SWAPTION/RATE_NVOL/GBP/1Y/10Y/Smile/-0.005,0.0070180000
2022-01-31,SWAPTION/RATE_NVOL/GBP/1Y/10Y/Smile/-0.01,0.0069100000
2022-01-31,SWAPTION/RATE_NVOL/GBP/1Y/10Y/Smile/-0.015,0.0072420000
2022-01-31,SWAPTION/RATE_NVOL/GBP/1Y/10Y/Smile/-0.02,0.0076420000
2022-01-31,SWAPTION/RATE_NVOL/GBP/1Y/10Y/Smile/0.0025,0.0085080000
2022-01-31,SWAPTION/RATE_NVOL/GBP/1Y/10Y/Smile/0.005,0.0092170000
2022-01-31,SWAPTION/RATE_NVOL/GBP/1Y/10Y/Smile/0.01,0.0107240000
2022-01-31,SWAPTION/RATE_NVOL/GBP/1Y/10Y/Smile/0.015,0.0122570000
2022-01-31,SWAPTION/RATE_NVOL/GBP/1Y/10Y/Smile/0.02,0.0137750000
2022-01-31,SWAPTION/RATE_NVOL/GBP/1Y/15Y/ATM,0.0079900000
2022-01-31,SWAPTION/RATE_NVOL/GBP/1Y/15Y/Smile/-0.0025,0.0074810000
2022-01-31,SWAPTION/RATE_NVOL/GBP/1Y/15Y/Smile/-0.005,0.0071500000
2022-01-31,SWAPTION/RATE_NVOL/GBP/1Y/15Y/Smile/-0.01,0.0070410000
2022-01-31,SWAPTION/RATE_NVOL/GBP/1Y/15Y/Smile/-0.015,0.0073620000
2022-01-31,SWAPTION/RATE_NVOL/GBP/1Y/15Y/Smile/-0.02,0.0077330000
2022-01-31,SWAPTION/RATE_NVOL/GBP/1Y/15Y/Smile/0.0025,0.0086230000
2022-01-31,SWAPTION/RATE_NVOL/GBP/1Y/15Y/Smile/0.005,0.0093300000
2022-01-31,SWAPTION/RATE_NVOL/GBP/1Y/15Y/Smile/0.01,0.0108380000
2022-01-31,SWAPTION/RATE_NVOL/GBP/1Y/15Y/Smile/0.015,0.0123770000
2022-01-31,SWAPTION/RATE_NVOL/GBP/1Y/15Y/Smile/0.02,0.0139040000
2022-01-31,SWAPTION/RATE_NVOL/GBP/1Y/1Y/ATM,0.0081200000
2022-01-31,SWAPTION/RATE_NVOL/GBP/1Y/1Y/Smile/-0.0025,0.0076040000
2022-01-31,SWAPTION/RATE_NVOL/GBP/1Y/1Y/Smile/-0.005,0.0072630000
2022-01-31,SWAPTION/RATE_NVOL/GBP/1Y/1Y/Smile/-0.01,0.0071450000
2022-01-31,SWAPTION/RATE_NVOL/GBP/1Y/1Y/Smile/-0.015,0.0074920000
2022-01-31,SWAPTION/RATE_NVOL/GBP/1Y/1Y/Smile/-0.02,0.0079520000
2022-01-31,SWAPTION/RATE_NVOL/GBP/1Y/1Y/Smile/0.0025,0.0087570000
2022-01-31,SWAPTION/RATE_NVOL/GBP/1Y/1Y/Smile/0.005,0.0094650000
2022-01-31,SWAPTION/RATE_NVOL/GBP/1Y/1Y/Smile/0.01,0.0109710000
2022-01-31,SWAPTION/RATE_NVOL/GBP/1Y/1Y/Smile/0.015,0.0125070000
2022-01-31,SWAPTION/RATE_NVOL/GBP/1Y/1Y/Smile/0.02,0.0140300000
2022-01-31,SWAPTION/RATE_NVOL/GBP/1Y/20Y/ATM,0.0080700000
2022-01-31,SWAPTION/RATE_NVOL/GBP/1Y/20Y/Smile/-0.0025,0.0075670000
2022-01-31,SWAPTION/RATE_NVOL/GBP/1Y/20Y/Smile/-0.005,0.0072400000
2022-01-31,SWAPTION/RATE_NVOL/GBP/1Y/20Y/Smile/-0.01,0.0071320000
2022-01-31,SWAPTION/RATE_NVOL/GBP/1Y/20Y/Smile/-0.015,0.0074420000
2022-01-31,SWAPTION/RATE_NVOL/GBP/1Y/20Y/Smile/-0.02,0.0077850000
2022-01-31,SWAPTION/RATE_NVOL/GBP/1Y/20Y/Smile/0.0025,0.0086990000
2022-01-31,SWAPTION/RATE_NVOL/GBP/1Y/20Y/Smile/0.005,0.0094030000
2022-01-31,SWAPTION/RATE_NVOL/GBP/1Y/20Y/Smile/0.01,0.0109110000
2022-01-31,SWAPTION/RATE_NVOL/GBP/1Y/20Y/Smile/0.015,0.0124530000
2022-01-31,SWAPTION/RATE_NVOL/GBP/1Y/20Y/Smile/0.02,0.0139840000
2022-01-31,SWAPTION/RATE_NVOL/GBP/1Y/25Y/ATM,0.0081200000
2022-01-31,SWAPTION/RATE_NVOL/GBP/1Y/25Y/Smile/-0.0025,0.0076210000
2022-01-31,SWAPTION/RATE_NVOL/GBP/1Y/25Y/Smile/-0.005,0.0072970000
2022-01-31,SWAPTION/RATE_NVOL/GBP/1Y/25Y/Smile/-0.01,0.0071900000
2022-01-31,SWAPTION/RATE_NVOL/GBP/1Y/25Y/Smile/-0.015,0.0074920000
2022-01-31,SWAPTION/RATE_NVOL/GBP/1Y/25Y/Smile/-0.02,0.0078090000
2022-01-31,SWAPTION/RATE_NVOL/GBP/1Y/25Y/Smile/0.0025,0.0087460000
2022-01-31,SWAPTION/RATE_NVOL/GBP/1Y/25Y/Smile/0.005,0.0094490000
2022-01-31,SWAPTION/RATE_NVOL/GBP/1Y/25Y/Smile/0.01,0.0109580000
2022-01-31,SWAPTION/RATE_NVOL/GBP/1Y/25Y/Smile/0.015,0.0125020000
2022-01-31,SWAPTION/RATE_NVOL/GBP/1Y/25Y/Smile/0.02,0.0140380000
2022-01-31,SWAPTION/RATE_NVOL/GBP/1Y/2Y/ATM,0.0083000000
2022-01-31,SWAPTION/RATE_NVOL/GBP/1Y/2Y/Smile/-0.0025,0.0077860000
2022-01-31,SWAPTION/RATE_NVOL/GBP/1Y/2Y/Smile/-0.005,0.0074450000
2022-01-31,SWAPTION/RATE_NVOL/GBP/1Y/2Y/Smile/-0.01,0.0073230000
2022-01-31,SWAPTION/RATE_NVOL/GBP/1Y/2Y/Smile/-0.015,0.0076720000
2022-01-31,SWAPTION/RATE_NVOL/GBP/1Y/2Y/Smile/-0.02,0.0081510000
2022-01-31,SWAPTION/RATE_NVOL/GBP/1Y/2Y/Smile/0.0025,0.0089350000
2022-01-31,SWAPTION/RATE_NVOL/GBP/1Y/2Y/Smile/0.005,0.0096420000
2022-01-31,SWAPTION/RATE_NVOL/GBP/1Y/2Y/Smile/0.01,0.0111490000
2022-01-31,SWAPTION/RATE_NVOL/GBP/1Y/2Y/Smile/0.015,0.0126880000
2022-01-31,SWAPTION/RATE_NVOL/GBP/1Y/2Y/Smile/0.02,0.0142170000
2022-01-31,SWAPTION/RATE_NVOL/GBP/1Y/30Y/ATM,0.0081700000
2022-01-31,SWAPTION/RATE_NVOL/GBP/1Y/30Y/Smile/-0.0025,0.0076760000
2022-01-31,SWAPTION/RATE_NVOL/GBP/1Y/30Y/Smile/-0.005,0.0073580000
2022-01-31,SWAPTION/RATE_NVOL/GBP/1Y/30Y/Smile/-0.01,0.0072560000
2022-01-31,SWAPTION/RATE_NVOL/GBP/1Y/30Y/Smile/-0.015,0.0075510000
2022-01-31,SWAPTION/RATE_NVOL/GBP/1Y/30Y/Smile/-0.02,0.0078410000
2022-01-31,SWAPTION/RATE_NVOL/GBP/1Y/30Y/Smile/0.0025,0.0087920000
2022-01-31,SWAPTION/RATE_NVOL/GBP/1Y/30Y/Smile/0.005,0.0094930000
2022-01-31,SWAPTION/RATE_NVOL/GBP/1Y/30Y/Smile/0.01,0.0110010000
2022-01-31,SWAPTION/RATE_NVOL/GBP/1Y/30Y/Smile/0.015,0.0125480000
2022-01-31,SWAPTION/RATE_NVOL/GBP/1Y/30Y/Smile/0.02,0.0140880000
2022-01-31,SWAPTION/RATE_NVOL/GBP/1Y/3Y/ATM,0.0082200000
2022-01-31,SWAPTION/RATE_NVOL/GBP/1Y/3Y/Smile/-0.0025,0.0077070000
2022-01-31,SWAPTION/RATE_NVOL/GBP/1Y/3Y/Smile/-0.005,0.0073670000
2022-01-31,SWAPTION/RATE_NVOL/GBP/1Y/3Y/Smile/-0.01,0.0072480000
2022-01-31,SWAPTION/RATE_NVOL/GBP/1Y/3Y/Smile/-0.015,0.0075920000
2022-01-31,SWAPTION/RATE_NVOL/GBP/1Y/3Y/Smile/-0.02,0.0080520000
2022-01-31,SWAPTION/RATE_NVOL/GBP/1Y/3Y/Smile/0.0025,0.0088550000
2022-01-31,SWAPTION/RATE_NVOL/GBP/1Y/3Y/Smile/0.005,0.0095620000
2022-01-31,SWAPTION/RATE_NVOL/GBP/1Y/3Y/Smile/0.01,0.0110690000
2022-01-31,SWAPTION/RATE_NVOL/GBP/1Y/3Y/Smile/0.015,0.0126070000
2022-01-31,SWAPTION/RATE_NVOL/GBP/1Y/3Y/Smile/0.02,0.0141340000
2022-01-31,SWAPTION/RATE_NVOL/GBP/1Y/4Y/ATM,0.0081600000
2022-01-31,SWAPTION/RATE_NVOL/GBP/1Y/4Y/Smile/-0.0025,0.0076470000
2022-01-31,SWAPTION/RATE_NVOL/GBP/1Y/4Y/Smile/-0.005,0.0073090000
2022-01-31,SWAPTION/RATE_NVOL/GBP/1Y/4Y/Smile/-0.01,0.0071910000
2022-01-31,SWAPTION/RATE_NVOL/GBP/1Y/4Y/Smile/-0.015,0.0075320000
2022-01-31,SWAPTION/RATE_NVOL/GBP/1Y/4Y/Smile/-0.02,0.0079790000
2022-01-31,SWAPTION/RATE_NVOL/GBP/1Y/4Y/Smile/0.0025,0.0087950000
2022-01-31,SWAPTION/RATE_NVOL/GBP/1Y/4Y/Smile/0.005,0.0095020000
2022-01-31,SWAPTION/RATE_NVOL/GBP/1Y/4Y/Smile/0.01,0.0110080000
2022-01-31,SWAPTION/RATE_NVOL/GBP/1Y/4Y/Smile/0.015,0.0125450000
2022-01-31,SWAPTION/RATE_NVOL/GBP/1Y/4Y/Smile/0.02,0.0140710000
2022-01-31,SWAPTION/RATE_NVOL/GBP/1Y/5Y/ATM,0.0080900000
2022-01-31,SWAPTION/RATE_NVOL/GBP/1Y/5Y/Smile/-0.0025,0.0075770000
2022-01-31,SWAPTION/RATE_NVOL/GBP/1Y/5Y/Smile/-0.005,0.0072390000
2022-01-31,SWAPTION/RATE_NVOL/GBP/1Y/5Y/Smile/-0.01,0.0071240000
2022-01-31,SWAPTION/RATE_NVOL/GBP/1Y/5Y/Smile/-0.015,0.0074620000
2022-01-31,SWAPTION/RATE_NVOL/GBP/1Y/5Y/Smile/-0.02,0.0078950000
2022-01-31,SWAPTION/RATE_NVOL/GBP/1Y/5Y/Smile/0.0025,0.0087250000
2022-01-31,SWAPTION/RATE_NVOL/GBP/1Y/5Y/Smile/0.005,0.0094330000
2022-01-31,SWAPTION/RATE_NVOL/GBP/1Y/5Y/Smile/0.01,0.0109400000
2022-01-31,SWAPTION/RATE_NVOL/GBP/1Y/5Y/Smile/0.015,0.0124770000
2022-01-31,SWAPTION/RATE_NVOL/GBP/1Y/5Y/Smile/0.02,0.0140020000
2022-01-31,SWAPTION/RATE_NVOL/GBP/1Y/6Y/ATM,0.0080300000
2022-01-31,SWAPTION/RATE_NVOL/GBP/1Y/6Y/Smile/-0.0025,0.0075170000
2022-01-31,SWAPTION/RATE_NVOL/GBP/1Y/6Y/Smile/-0.005,0.0071800000
2022-01-31,SWAPTION/RATE_NVOL/GBP/1Y/6Y/Smile/-0.01,0.0070680000
2022-01-31,SWAPTION/RATE_NVOL/GBP/1Y/6Y/Smile/-0.015,0.0074020000
2022-01-31,SWAPTION/RATE_NVOL/GBP/1Y/6Y/Smile/-0.02,0.0078210000
2022-01-31,SWAPTION/RATE_NVOL/GBP/1Y/6Y/Smile/0.0025,0.0086660000
2022-01-31,SWAPTION/RATE_NVOL/GBP/1Y/6Y/Smile/0.005,0.0093730000
2022-01-31,SWAPTION/RATE_NVOL/GBP/1Y/6Y/Smile/0.01,0.0108800000
2022-01-31,SWAPTION/RATE_NVOL/GBP/1Y/6Y/Smile/0.015,0.0124170000
2022-01-31,SWAPTION/RATE_NVOL/GBP/1Y/6Y/Smile/0.02,0.0139410000
2022-01-31,SWAPTION/RATE_NVOL/GBP/1Y/7Y/ATM,0.0079900000
2022-01-31,SWAPTION/RATE_NVOL/GBP/1Y/7Y/Smile/-0.0025,0.0074770000
2022-01-31,SWAPTION/RATE_NVOL/GBP/1Y/7Y/Smile/-0.005,0.0071410000
2022-01-31,SWAPTION/RATE_NVOL/GBP/1Y/7Y/Smile/-0.01,0.0070290000
2022-01-31,SWAPTION/RATE_NVOL/GBP/1Y/7Y/Smile/-0.015,0.0073620000
2022-01-31,SWAPTION/RATE_NVOL/GBP/1Y/7Y/Smile/-0.02,0.0077730000
2022-01-31,SWAPTION/RATE_NVOL/GBP/1Y/7Y/Smile/0.0025,0.0086260000
2022-01-31,SWAPTION/RATE_NVOL/GBP/1Y/7Y/Smile/0.005,0.0093340000
2022-01-31,SWAPTION/RATE_NVOL/GBP/1Y/7Y/Smile/0.01,0.0108410000
2022-01-31,SWAPTION/RATE_NVOL/GBP/1Y/7Y/Smile/0.015,0.0123770000
2022-01-31,SWAPTION/RATE_NVOL/GBP/1Y/7Y/Smile/0.02,0.0139000000
2022-01-31,SWAPTION/RATE_NVOL/GBP/1Y/8Y/ATM,0.0079400000
2022-01-31,SWAPTION/RATE_NVOL/GBP/1Y/8Y/Smile/-0.0025,0.0074260000
2022-01-31,SWAPTION/RATE_NVOL/GBP/1Y/8Y/Smile/-0.005,0.0070900000
2022-01-31,SWAPTION/RATE_NVOL/GBP/1Y/8Y/Smile/-0.01,0.0069800000
2022-01-31,SWAPTION/RATE_NVOL/GBP/1Y/8Y/Smile/-0.015,0.0073120000
2022-01-31,SWAPTION/RATE_NVOL/GBP/1Y/8Y/Smile/-0.02,0.0077170000
2022-01-31,SWAPTION/RATE_NVOL/GBP/1Y/8Y/Smile/0.0025,0.0085770000
2022-01-31,SWAPTION/RATE_NVOL/GBP/1Y/8Y/Smile/0.005,0.0092850000
2022-01-31,SWAPTION/RATE_NVOL/GBP/1Y/8Y/Smile/0.01,0.0107920000
2022-01-31,SWAPTION/RATE_NVOL/GBP/1Y/8Y/Smile/0.015,0.0123270000
2022-01-31,SWAPTION/RATE_NVOL/GBP/1Y/8Y/Smile/0.02,0.0138480000
2022-01-31,SWAPTION/RATE_NVOL/GBP/1Y/9Y/ATM,0.0079100000
2022-01-31,SWAPTION/RATE_NVOL/GBP/1Y/9Y/Smile/-0.0025,0.0073960000
2022-01-31,SWAPTION/RATE_NVOL/GBP/1Y/9Y/Smile/-0.005,0.0070600000
2022-01-31,SWAPTION/RATE_NVOL/GBP/1Y/9Y/Smile/-0.01,0.0069500000
2022-01-31,SWAPTION/RATE_NVOL/GBP/1Y/9Y/Smile/-0.015,0.0072820000
2022-01-31,SWAPTION/RATE_NVOL/GBP/1Y/9Y/Smile/-0.02,0.0076840000
2022-01-31,SWAPTION/RATE_NVOL/GBP/1Y/9Y/Smile/0.0025,0.0085470000
2022-01-31,SWAPTION/RATE_NVOL/GBP/1Y/9Y/Smile/0.005,0.0092560000
2022-01-31,SWAPTION/RATE_NVOL/GBP/1Y/9Y/Smile/0.01,0.0107630000
2022-01-31,SWAPTION/RATE_NVOL/GBP/1Y/9Y/Smile/0.015,0.0122970000
2022-01-31,SWAPTION/RATE_NVOL/GBP/1Y/9Y/Smile/0.02,0.0138170000
2022-01-31,SWAPTION/RATE_NVOL/GBP/20Y/10Y/ATM,0.0059400000
2022-01-31,SWAPTION/RATE_NVOL/GBP/20Y/10Y/Smile/-0.0025,0.0057380000
2022-01-31,SWAPTION/RATE_NVOL/GBP/20Y/10Y/Smile/-0.005,0.0055210000
2022-01-31,SWAPTION/RATE_NVOL/GBP/20Y/10Y/Smile/-0.01,0.0050240000
2022-01-31,SWAPTION/RATE_NVOL/GBP/20Y/10Y/Smile/-0.015,0.0043800000
2022-01-31,SWAPTION/RATE_NVOL/GBP/20Y/10Y/Smile/-0.02,0.0031980000
2022-01-31,SWAPTION/RATE_NVOL/GBP/20Y/10Y/Smile/0.0025,0.0061300000
2022-01-31,SWAPTION/RATE_NVOL/GBP/20Y/10Y/Smile/0.005,0.0063100000
2022-01-31,SWAPTION/RATE_NVOL/GBP/20Y/10Y/Smile/0.01,0.0066460000
2022-01-31,SWAPTION/RATE_NVOL/GBP/20Y/10Y/Smile/0.015,0.0069550000
2022-01-31,SWAPTION/RATE_NVOL/GBP/20Y/10Y/Smile/0.02,0.0072440000
2022-01-31,SWAPTION/RATE_NVOL/GBP/20Y/15Y/ATM,0.0056900000
2022-01-31,SWAPTION/RATE_NVOL/GBP/20Y/15Y/Smile/-0.0025,0.0054920000
2022-01-31,SWAPTION/RATE_NVOL/GBP/20Y/15Y/Smile/-0.005,0.0052780000
2022-01-31,SWAPTION/RATE_NVOL/GBP/20Y/15Y/Smile/-0.01,0.0047890000
2022-01-31,SWAPTION/RATE_NVOL/GBP/20Y/15Y/Smile/-0.015,0.0041460000
2022-01-31,SWAPTION/RATE_NVOL/GBP/20Y/15Y/Smile/-0.02,0.0028370000
2022-01-31,SWAPTION/RATE_NVOL/GBP/20Y/15Y/Smile/0.0025,0.0058760000
2022-01-31,SWAPTION/RATE_NVOL/GBP/20Y/15Y/Smile/0.005,0.0060530000
2022-01-31,SWAPTION/RATE_NVOL/GBP/20Y/15Y/Smile/0.01,0.0063810000
2022-01-31,SWAPTION/RATE_NVOL/GBP/20Y/15Y/Smile/0.015,0.0066830000
2022-01-31,SWAPTION/RATE_NVOL/GBP/20Y/15Y/Smile/0.02,0.0069650000
2022-01-31,SWAPTION/RATE_NVOL/GBP/20Y/1Y/ATM,0.0065900000
2022-01-31,SWAPTION/RATE_NVOL/GBP/20Y/1Y/Smile/-0.0025,0.0063460000
2022-01-31,SWAPTION/RATE_NVOL/GBP/20Y/1Y/Smile/-0.005,0.0060810000
2022-01-31,SWAPTION/RATE_NVOL/GBP/20Y/1Y/Smile/-0.01,0.0054660000
2022-01-31,SWAPTION/RATE_NVOL/GBP/20Y/1Y/Smile/-0.015,0.0046280000
2022-01-31,SWAPTION/RATE_NVOL/GBP/20Y/1Y/Smile/-0.02,0.0023790000
2022-01-31,SWAPTION/RATE_NVOL/GBP/20Y/1Y/Smile/0.0025,0.0068190000
2022-01-31,SWAPTION/RATE_NVOL/GBP/20Y/1Y/Smile/0.005,0.0070340000
2022-01-31,SWAPTION/RATE_NVOL/GBP/20Y/1Y/Smile/0.01,0.0074330000
2022-01-31,SWAPTION/RATE_NVOL/GBP/20Y/1Y/Smile/0.015,0.0077990000
2022-01-31,SWAPTION/RATE_NVOL/GBP/20Y/1Y/Smile/0.02,0.0081390000
2022-01-31,SWAPTION/RATE_NVOL/GBP/20Y/20Y/ATM,0.0054600000
2022-01-31,SWAPTION/RATE_NVOL/GBP/20Y/20Y/Smile/-0.0025,0.0052650000
2022-01-31,SWAPTION/RATE_NVOL/GBP/20Y/20Y/Smile/-0.005,0.0050540000
2022-01-31,SWAPTION/RATE_NVOL/GBP/20Y/20Y/Smile/-0.01,0.0045680000
2022-01-31,SWAPTION/RATE_NVOL/GBP/20Y/20Y/Smile/-0.015,0.0039180000
2022-01-31,SWAPTION/RATE_NVOL/GBP/20Y/20Y/Smile/-0.02,0.0022590000
2022-01-31,SWAPTION/RATE_NVOL/GBP/20Y/20Y/Smile/0.0025,0.0056430000
2022-01-31,SWAPTION/RATE_NVOL/GBP/20Y/20Y/Smile/0.005,0.0058160000
2022-01-31,SWAPTION/RATE_NVOL/GBP/20Y/20Y/Smile/0.01,0.0061380000
2022-01-31,SWAPTION/RATE_NVOL/GBP/20Y/20Y/Smile/0.015,0.0064340000
2022-01-31,SWAPTION/RATE_NVOL/GBP/20Y/20Y/Smile/0.02,0.0067100000
2022-01-31,SWAPTION/RATE_NVOL/GBP/20Y/25Y/ATM,0.0052300000
2022-01-31,SWAPTION/RATE_NVOL/GBP/20Y/25Y/Smile/-0.0025,0.0050380000
2022-01-31,SWAPTION/RATE_NVOL/GBP/20Y/25Y/Smile/-0.005,0.0048300000
2022-01-31,SWAPTION/RATE_NVOL/GBP/20Y/25Y/Smile/-0.01,0.0043490000
2022-01-31,SWAPTION/RATE_NVOL/GBP/20Y/25Y/Smile/-0.015,0.0036930000
2022-01-31,SWAPTION/RATE_NVOL/GBP/20Y/25Y/Smile/-0.02,0.0034750000
2022-01-31,SWAPTION/RATE_NVOL/GBP/20Y/25Y/Smile/0.0025,0.0054100000
2022-01-31,SWAPTION/RATE_NVOL/GBP/20Y/25Y/Smile/0.005,0.0055800000
2022-01-31,SWAPTION/RATE_NVOL/GBP/20Y/25Y/Smile/0.01,0.0058950000
2022-01-31,SWAPTION/RATE_NVOL/GBP/20Y/25Y/Smile/0.015,0.0061840000
2022-01-31,SWAPTION/RATE_NVOL/GBP/20Y/25Y/Smile/0.02,0.0064540000
2022-01-31,SWAPTION/RATE_NVOL/GBP/20Y/2Y/ATM,0.0065500000
2022-01-31,SWAPTION/RATE_NVOL/GBP/20Y/2Y/Smile/-0.0025,0.0063280000
2022-01-31,SWAPTION/RATE_NVOL/GBP/20Y/2Y/Smile/-0.005,0.0060900000
2022-01-31,SWAPTION/RATE_NVOL/GBP/20Y/2Y/Smile/-0.01,0.0055470000
2022-01-31,SWAPTION/RATE_NVOL/GBP/20Y/2Y/Smile/-0.015,0.0048460000
2022-01-31,SWAPTION/RATE_NVOL/GBP/20Y/2Y/Smile/-0.02,0.0036210000
2022-01-31,SWAPTION/RATE_NVOL/GBP/20Y/2Y/Smile/0.0025,0.0067590000
2022-01-31,SWAPTION/RATE_NVOL/GBP/20Y/2Y/Smile/0.005,0.0069560000
2022-01-31,SWAPTION/RATE_NVOL/GBP/20Y/2Y/Smile/0.01,0.0073240000
2022-01-31,SWAPTION/RATE_NVOL/GBP/20Y/2Y/Smile/0.015,0.0076630000
2022-01-31,SWAPTION/RATE_NVOL/GBP/20Y/2Y/Smile/0.02,0.0079790000
2022-01-31,SWAPTION/RATE_NVOL/GBP/20Y/30Y/ATM,0.0050600000
2022-01-31,SWAPTION/RATE_NVOL/GBP/20Y/30Y/Smile/-0.0025,0.0048700000
2022-01-31,SWAPTION/RATE_NVOL/GBP/20Y/30Y/Smile/-0.005,0.0046650000
2022-01-31,SWAPTION/RATE_NVOL/GBP/20Y/30Y/Smile/-0.01,0.0041850000
2022-01-31,SWAPTION/RATE_NVOL/GBP/20Y/30Y/Smile/-0.015,0.0035210000
2022-01-31,SWAPTION/RATE_NVOL/GBP/20Y/30Y/Smile/-0.02,0.0033940000
2022-01-31,SWAPTION/RATE_NVOL/GBP/20Y/30Y/Smile/0.0025,0.0052380000
2022-01-31,SWAPTION/RATE_NVOL/GBP/20Y/30Y/Smile/0.005,0.0054050000
2022-01-31,SWAPTION/RATE_NVOL/GBP/20Y/30Y/Smile/0.01,0.0057160000
2022-01-31,SWAPTION/RATE_NVOL/GBP/20Y/30Y/Smile/0.015,0.0060000000
2022-01-31,SWAPTION/RATE_NVOL/GBP/20Y/30Y/Smile/0.02,0.0062650000
2022-01-31,SWAPTION/RATE_NVOL/GBP/20Y/3Y/ATM,0.0064200000
2022-01-31,SWAPTION/RATE_NVOL/GBP/20Y/3Y/Smile/-0.0025,0.0062020000
2022-01-31,SWAPTION/RATE_NVOL/GBP/20Y/3Y/Smile/-0.005,0.0059690000
2022-01-31,SWAPTION/RATE_NVOL/GBP/20Y/3Y/Smile/-0.01,0.0054350000
2022-01-31,SWAPTION/RATE_NVOL/GBP/20Y/3Y/Smile/-0.015,0.0047460000
2022-01-31,SWAPTION/RATE_NVOL/GBP/20Y/3Y/Smile/-0.02,0.0035280000
2022-01-31,SWAPTION/RATE_NVOL/GBP/20Y/3Y/Smile/0.0025,0.0066250000
2022-01-31,SWAPTION/RATE_NVOL/GBP/20Y/3Y/Smile/0.005,0.0068180000
2022-01-31,SWAPTION/RATE_NVOL/GBP/20Y/3Y/Smile/0.01,0.0071800000
2022-01-31,SWAPTION/RATE_NVOL/GBP/20Y/3Y/Smile/0.015,0.0075120000
2022-01-31,SWAPTION/RATE_NVOL/GBP/20Y/3Y/Smile/0.02,0.0078230000
2022-01-31,SWAPTION/RATE_NVOL/GBP/20Y/4Y/ATM,0.0063400000
2022-01-31,SWAPTION/RATE_NVOL/GBP/20Y/4Y/Smile/-0.0025,0.0061250000
2022-01-31,SWAPTION/RATE_NVOL/GBP/20Y/4Y/Smile/-0.005,0.0058940000
2022-01-31,SWAPTION/RATE_NVOL/GBP/20Y/4Y/Smile/-0.01,0.0053680000
2022-01-31,SWAPTION/RATE_NVOL/GBP/20Y/4Y/Smile/-0.015,0.0046870000
2022-01-31,SWAPTION/RATE_NVOL/GBP/20Y/4Y/Smile/-0.02,0.0034790000
2022-01-31,SWAPTION/RATE_NVOL/GBP/20Y/4Y/Smile/0.0025,0.0065420000
2022-01-31,SWAPTION/RATE_NVOL/GBP/20Y/4Y/Smile/0.005,0.0067340000
2022-01-31,SWAPTION/RATE_NVOL/GBP/20Y/4Y/Smile/0.01,0.0070900000
2022-01-31,SWAPTION/RATE_NVOL/GBP/20Y/4Y/Smile/0.015,0.0074190000
2022-01-31,SWAPTION/RATE_NVOL/GBP/20Y/4Y/Smile/0.02,0.0077250000
2022-01-31,SWAPTION/RATE_NVOL/GBP/20Y/5Y/ATM,0.0062500000
2022-01-31,SWAPTION/RATE_NVOL/GBP/20Y/5Y/Smile/-0.0025,0.0060380000
2022-01-31,SWAPTION/RATE_NVOL/GBP/20Y/5Y/Smile/-0.005,0.0058110000
2022-01-31,SWAPTION/RATE_NVOL/GBP/20Y/5Y/Smile/-0.01,0.0052920000
2022-01-31,SWAPTION/RATE_NVOL/GBP/20Y/5Y/Smile/-0.015,0.0046210000
2022-01-31,SWAPTION/RATE_NVOL/GBP/20Y/5Y/Smile/-0.02,0.0034280000
2022-01-31,SWAPTION/RATE_NVOL/GBP/20Y/5Y/Smile/0.0025,0.0064490000
2022-01-31,SWAPTION/RATE_NVOL/GBP/20Y/5Y/Smile/0.005,0.0066380000
2022-01-31,SWAPTION/RATE_NVOL/GBP/20Y/5Y/Smile/0.01,0.0069890000
2022-01-31,SWAPTION/RATE_NVOL/GBP/20Y/5Y/Smile/0.015,0.0073130000
2022-01-31,SWAPTION/RATE_NVOL/GBP/20Y/5Y/Smile/0.02,0.0076150000
2022-01-31,SWAPTION/RATE_NVOL/GBP/20Y/6Y/ATM,0.0061800000
2022-01-31,SWAPTION/RATE_NVOL/GBP/20Y/6Y/Smile/-0.0025,0.0059710000
2022-01-31,SWAPTION/RATE_NVOL/GBP/20Y/6Y/Smile/-0.005,0.0057460000
2022-01-31,SWAPTION/RATE_NVOL/GBP/20Y/6Y/Smile/-0.01,0.0052330000
2022-01-31,SWAPTION/RATE_NVOL/GBP/20Y/6Y/Smile/-0.015,0.0045690000
2022-01-31,SWAPTION/RATE_NVOL/GBP/20Y/6Y/Smile/-0.02,0.0033850000
2022-01-31,SWAPTION/RATE_NVOL/GBP/20Y/6Y/Smile/0.0025,0.0063770000
2022-01-31,SWAPTION/RATE_NVOL/GBP/20Y/6Y/Smile/0.005,0.0065630000
2022-01-31,SWAPTION/RATE_NVOL/GBP/20Y/6Y/Smile/0.01,0.0069110000
2022-01-31,SWAPTION/RATE_NVOL/GBP/20Y/6Y/Smile/0.015,0.0072310000
2022-01-31,SWAPTION/RATE_NVOL/GBP/20Y/6Y/Smile/0.02,0.0075300000
2022-01-31,SWAPTION/RATE_NVOL/GBP/20Y/7Y/ATM,0.0061400000
2022-01-31,SWAPTION/RATE_NVOL/GBP/20Y/7Y/Smile/-0.0025,0.0059320000
2022-01-31,SWAPTION/RATE_NVOL/GBP/20Y/7Y/Smile/-0.005,0.0057090000
2022-01-31,SWAPTION/RATE_NVOL/GBP/20Y/7Y/Smile/-0.01,0.0051980000
2022-01-31,SWAPTION/RATE_NVOL/GBP/20Y/7Y/Smile/-0.015,0.0045390000
2022-01-31,SWAPTION/RATE_NVOL/GBP/20Y/7Y/Smile/-0.02,0.0033570000
2022-01-31,SWAPTION/RATE_NVOL/GBP/20Y/7Y/Smile/0.0025,0.0063360000
2022-01-31,SWAPTION/RATE_NVOL/GBP/20Y/7Y/Smile/0.005,0.0065210000
2022-01-31,SWAPTION/RATE_NVOL/GBP/20Y/7Y/Smile/0.01,0.0068670000
2022-01-31,SWAPTION/RATE_NVOL/GBP/20Y/7Y/Smile/0.015,0.0071850000
2022-01-31,SWAPTION/RATE_NVOL/GBP/20Y/7Y/Smile/0.02,0.0074820000
2022-01-31,SWAPTION/RATE_NVOL/GBP/20Y/8Y/ATM,0.0060700000
2022-01-31,SWAPTION/RATE_NVOL/GBP/20Y/8Y/Smile/-0.0025,0.0058640000
2022-01-31,SWAPTION/RATE_NVOL/GBP/20Y/8Y/Smile/-0.005,0.0056430000
2022-01-31,SWAPTION/RATE_NVOL/GBP/20Y/8Y/Smile/-0.01,0.0051380000
2022-01-31,SWAPTION/RATE_NVOL/GBP/20Y/8Y/Smile/-0.015,0.0044840000
2022-01-31,SWAPTION/RATE_NVOL/GBP/20Y/8Y/Smile/-0.02,0.0033030000
2022-01-31,SWAPTION/RATE_NVOL/GBP/20Y/8Y/Smile/0.0025,0.0062640000
2022-01-31,SWAPTION/RATE_NVOL/GBP/20Y/8Y/Smile/0.005,0.0064470000
2022-01-31,SWAPTION/RATE_NVOL/GBP/20Y/8Y/Smile/0.01,0.0067890000
2022-01-31,SWAPTION/RATE_NVOL/GBP/20Y/8Y/Smile/0.015,0.0071040000
2022-01-31,SWAPTION/RATE_NVOL/GBP/20Y/8Y/Smile/0.02,0.0073980000
2022-01-31,SWAPTION/RATE_NVOL/GBP/20Y/9Y/ATM,0.0060300000
2022-01-31,SWAPTION/RATE_NVOL/GBP/20Y/9Y/Smile/-0.0025,0.0058250000
2022-01-31,SWAPTION/RATE_NVOL/GBP/20Y/9Y/Smile/-0.005,0.0056050000
2022-01-31,SWAPTION/RATE_NVOL/GBP/20Y/9Y/Smile/-0.01,0.0051020000
2022-01-31,SWAPTION/RATE_NVOL/GBP/20Y/9Y/Smile/-0.015,0.0044500000
2022-01-31,SWAPTION/RATE_NVOL/GBP/20Y/9Y/Smile/-0.02,0.0032630000
2022-01-31,SWAPTION/RATE_NVOL/GBP/20Y/9Y/Smile/0.0025,0.0062230000
2022-01-31,SWAPTION/RATE_NVOL/GBP/20Y/9Y/Smile/0.005,0.0064050000
2022-01-31,SWAPTION/RATE_NVOL/GBP/20Y/9Y/Smile/0.01,0.0067460000
2022-01-31,SWAPTION/RATE_NVOL/GBP/20Y/9Y/Smile/0.015,0.0070590000
2022-01-31,SWAPTION/RATE_NVOL/GBP/20Y/9Y/Smile/0.02,0.0073520000
2022-01-31,SWAPTION/RATE_NVOL/GBP/25Y/10Y/ATM,0.0057700000
2022-01-31,SWAPTION/RATE_NVOL/GBP/25Y/10Y/Smile/-0.0025,0.0055570000
2022-01-31,SWAPTION/RATE_NVOL/GBP/25Y/10Y/Smile/-0.005,0.0053270000
2022-01-31,SWAPTION/RATE_NVOL/GBP/25Y/10Y/Smile/-0.01,0.0047930000
2022-01-31,SWAPTION/RATE_NVOL/GBP/25Y/10Y/Smile/-0.015,0.0040700000
2022-01-31,SWAPTION/RATE_NVOL/GBP/25Y/10Y/Smile/-0.02,0.0022090000
2022-01-31,SWAPTION/RATE_NVOL/GBP/25Y/10Y/Smile/0.0025,0.0059700000
2022-01-31,SWAPTION/RATE_NVOL/GBP/25Y/10Y/Smile/0.005,0.0061580000
2022-01-31,SWAPTION/RATE_NVOL/GBP/25Y/10Y/Smile/0.01,0.0065070000
2022-01-31,SWAPTION/RATE_NVOL/GBP/25Y/10Y/Smile/0.015,0.0068280000
2022-01-31,SWAPTION/RATE_NVOL/GBP/25Y/10Y/Smile/0.02,0.0071260000
2022-01-31,SWAPTION/RATE_NVOL/GBP/25Y/15Y/ATM,0.0055000000
2022-01-31,SWAPTION/RATE_NVOL/GBP/25Y/15Y/Smile/-0.0025,0.0052910000
2022-01-31,SWAPTION/RATE_NVOL/GBP/25Y/15Y/Smile/-0.005,0.0050640000
2022-01-31,SWAPTION/RATE_NVOL/GBP/25Y/15Y/Smile/-0.01,0.0045340000
2022-01-31,SWAPTION/RATE_NVOL/GBP/25Y/15Y/Smile/-0.015,0.0038000000
2022-01-31,SWAPTION/RATE_NVOL/GBP/25Y/15Y/Smile/-0.02,0.0035830000
2022-01-31,SWAPTION/RATE_NVOL/GBP/25Y/15Y/Smile/0.0025,0.0056960000
2022-01-31,SWAPTION/RATE_NVOL/GBP/25Y/15Y/Smile/0.005,0.0058800000
2022-01-31,SWAPTION/RATE_NVOL/GBP/25Y/15Y/Smile/0.01,0.0062210000
2022-01-31,SWAPTION/RATE_NVOL/GBP/25Y/15Y/Smile/0.015,0.0065340000
2022-01-31,SWAPTION/RATE_NVOL/GBP/25Y/15Y/Smile/0.02,0.0068250000
2022-01-31,SWAPTION/RATE_NVOL/GBP/25Y/1Y/ATM,0.0063900000
2022-01-31,SWAPTION/RATE_NVOL/GBP/25Y/1Y/Smile/-0.0025,0.0061350000
2022-01-31,SWAPTION/RATE_NVOL/GBP/25Y/1Y/Smile/-0.005,0.0058580000
2022-01-31,SWAPTION/RATE_NVOL/GBP/25Y/1Y/Smile/-0.01,0.0052060000
2022-01-31,SWAPTION/RATE_NVOL/GBP/25Y/1Y/Smile/-0.015,0.0042830000
2022-01-31,SWAPTION/RATE_NVOL/GBP/25Y/1Y/Smile/-0.02,0.0035660000
2022-01-31,SWAPTION/RATE_NVOL/GBP/25Y/1Y/Smile/0.0025,0.0066270000
2022-01-31,SWAPTION/RATE_NVOL/GBP/25Y/1Y/Smile/0.005,0.0068500000
2022-01-31,SWAPTION/RATE_NVOL/GBP/25Y/1Y/Smile/0.01,0.0072620000
2022-01-31,SWAPTION/RATE_NVOL/GBP/25Y/1Y/Smile/0.015,0.0076380000
2022-01-31,SWAPTION/RATE_NVOL/GBP/25Y/1Y/Smile/0.02,0.0079870000
2022-01-31,SWAPTION/RATE_NVOL/GBP/25Y/20Y/ATM,0.0052500000
2022-01-31,SWAPTION/RATE_NVOL/GBP/25Y/20Y/Smile/-0.0025,0.0050450000
2022-01-31,SWAPTION/RATE_NVOL/GBP/25Y/20Y/Smile/-0.005,0.0048220000
2022-01-31,SWAPTION/RATE_NVOL/GBP/25Y/20Y/Smile/-0.01,0.0042980000
2022-01-31,SWAPTION/RATE_NVOL/GBP/25Y/20Y/Smile/-0.015,0.0035530000
2022-01-31,SWAPTION/RATE_NVOL/GBP/25Y/20Y/Smile/-0.02,0.0034560000
2022-01-31,SWAPTION/RATE_NVOL/GBP/25Y/20Y/Smile/0.0025,0.0054420000
2022-01-31,SWAPTION/RATE_NVOL/GBP/25Y/20Y/Smile/0.005,0.0056220000
2022-01-31,SWAPTION/RATE_NVOL/GBP/25Y/20Y/Smile/0.01,0.0059550000
2022-01-31,SWAPTION/RATE_NVOL/GBP/25Y/20Y/Smile/0.015,0.0062600000
2022-01-31,SWAPTION/RATE_NVOL/GBP/25Y/20Y/Smile/0.02,0.0065430000
2022-01-31,SWAPTION/RATE_NVOL/GBP/25Y/25Y/ATM,0.0050100000
2022-01-31,SWAPTION/RATE_NVOL/GBP/25Y/25Y/Smile/-0.0025,0.0048100000
2022-01-31,SWAPTION/RATE_NVOL/GBP/25Y/25Y/Smile/-0.005,0.0045930000
2022-01-31,SWAPTION/RATE_NVOL/GBP/25Y/25Y/Smile/-0.01,0.0040800000
2022-01-31,SWAPTION/RATE_NVOL/GBP/25Y/25Y/Smile/-0.015,0.0033370000
2022-01-31,SWAPTION/RATE_NVOL/GBP/25Y/25Y/Smile/-0.02,0.0033070000
2022-01-31,SWAPTION/RATE_NVOL/GBP/25Y/25Y/Smile/0.0025,0.0051960000
2022-01-31,SWAPTION/RATE_NVOL/GBP/25Y/25Y/Smile/0.005,0.0053710000
2022-01-31,SWAPTION/RATE_NVOL/GBP/25Y/25Y/Smile/0.01,0.0056940000
2022-01-31,SWAPTION/RATE_NVOL/GBP/25Y/25Y/Smile/0.015,0.0059890000
2022-01-31,SWAPTION/RATE_NVOL/GBP/25Y/25Y/Smile/0.02,0.0062630000
2022-01-31,SWAPTION/RATE_NVOL/GBP/25Y/2Y/ATM,0.0063400000
2022-01-31,SWAPTION/RATE_NVOL/GBP/25Y/2Y/Smile/-0.0025,0.0061130000
2022-01-31,SWAPTION/RATE_NVOL/GBP/25Y/2Y/Smile/-0.005,0.0058680000
2022-01-31,SWAPTION/RATE_NVOL/GBP/25Y/2Y/Smile/-0.01,0.0053050000
2022-01-31,SWAPTION/RATE_NVOL/GBP/25Y/2Y/Smile/-0.015,0.0045610000
2022-01-31,SWAPTION/RATE_NVOL/GBP/25Y/2Y/Smile/-0.02,0.0031050000
2022-01-31,SWAPTION/RATE_NVOL/GBP/25Y/2Y/Smile/0.0025,0.0065530000
2022-01-31,SWAPTION/RATE_NVOL/GBP/25Y/2Y/Smile/0.005,0.0067540000
2022-01-31,SWAPTION/RATE_NVOL/GBP/25Y/2Y/Smile/0.01,0.0071280000
2022-01-31,SWAPTION/RATE_NVOL/GBP/25Y/2Y/Smile/0.015,0.0074720000
2022-01-31,SWAPTION/RATE_NVOL/GBP/25Y/2Y/Smile/0.02,0.0077930000
2022-01-31,SWAPTION/RATE_NVOL/GBP/25Y/30Y/ATM,0.0048300000
2022-01-31,SWAPTION/RATE_NVOL/GBP/25Y/30Y/Smile/-0.0025,0.0046430000
2022-01-31,SWAPTION/RATE_NVOL/GBP/25Y/30Y/Smile/-0.005,0.0044410000
2022-01-31,SWAPTION/RATE_NVOL/GBP/25Y/30Y/Smile/-0.01,0.0039660000
2022-01-31,SWAPTION/RATE_NVOL/GBP/25Y/30Y/Smile/-0.015,0.0032960000
2022-01-31,SWAPTION/RATE_NVOL/GBP/25Y/30Y/Smile/-0.02,0.0032160000
2022-01-31,SWAPTION/RATE_NVOL/GBP/25Y/30Y/Smile/0.0025,0.0050040000
2022-01-31,SWAPTION/RATE_NVOL/GBP/25Y/30Y/Smile/0.005,0.0051680000
2022-01-31,SWAPTION/RATE_NVOL/GBP/25Y/30Y/Smile/0.01,0.0054720000
2022-01-31,SWAPTION/RATE_NVOL/GBP/25Y/30Y/Smile/0.015,0.0057510000
2022-01-31,SWAPTION/RATE_NVOL/GBP/25Y/30Y/Smile/0.02,0.0060100000
2022-01-31,SWAPTION/RATE_NVOL/GBP/25Y/3Y/ATM,0.0062700000
2022-01-31,SWAPTION/RATE_NVOL/GBP/25Y/3Y/Smile/-0.0025,0.0060450000
2022-01-31,SWAPTION/RATE_NVOL/GBP/25Y/3Y/Smile/-0.005,0.0058020000
2022-01-31,SWAPTION/RATE_NVOL/GBP/25Y/3Y/Smile/-0.01,0.0052420000
2022-01-31,SWAPTION/RATE_NVOL/GBP/25Y/3Y/Smile/-0.015,0.0045010000
2022-01-31,SWAPTION/RATE_NVOL/GBP/25Y/3Y/Smile/-0.02,0.0030190000
2022-01-31,SWAPTION/RATE_NVOL/GBP/25Y/3Y/Smile/0.0025,0.0064810000
2022-01-31,SWAPTION/RATE_NVOL/GBP/25Y/3Y/Smile/0.005,0.0066810000
2022-01-31,SWAPTION/RATE_NVOL/GBP/25Y/3Y/Smile/0.01,0.0070520000
2022-01-31,SWAPTION/RATE_NVOL/GBP/25Y/3Y/Smile/0.015,0.0073930000
2022-01-31,SWAPTION/RATE_NVOL/GBP/25Y/3Y/Smile/0.02,0.0077110000
2022-01-31,SWAPTION/RATE_NVOL/GBP/25Y/4Y/ATM,0.0061600000
2022-01-31,SWAPTION/RATE_NVOL/GBP/25Y/4Y/Smile/-0.0025,0.0059390000
2022-01-31,SWAPTION/RATE_NVOL/GBP/25Y/4Y/Smile/-0.005,0.0057010000
2022-01-31,SWAPTION/RATE_NVOL/GBP/25Y/4Y/Smile/-0.01,0.0051510000
2022-01-31,SWAPTION/RATE_NVOL/GBP/25Y/4Y/Smile/-0.015,0.0044240000
2022-01-31,SWAPTION/RATE_NVOL/GBP/25Y/4Y/Smile/-0.02,0.0029550000
2022-01-31,SWAPTION/RATE_NVOL/GBP/25Y/4Y/Smile/0.0025,0.0063670000
2022-01-31,SWAPTION/RATE_NVOL/GBP/25Y/4Y/Smile/0.005,0.0065630000
2022-01-31,SWAPTION/RATE_NVOL/GBP/25Y/4Y/Smile/0.01,0.0069280000
2022-01-31,SWAPTION/RATE_NVOL/GBP/25Y/4Y/Smile/0.015,0.0072630000
2022-01-31,SWAPTION/RATE_NVOL/GBP/25Y/4Y/Smile/0.02,0.0075740000
2022-01-31,SWAPTION/RATE_NVOL/GBP/25Y/5Y/ATM,0.0061000000
2022-01-31,SWAPTION/RATE_NVOL/GBP/25Y/5Y/Smile/-0.0025,0.0058800000
2022-01-31,SWAPTION/RATE_NVOL/GBP/25Y/5Y/Smile/-0.005,0.0056430000
2022-01-31,SWAPTION/RATE_NVOL/GBP/25Y/5Y/Smile/-0.01,0.0050970000
2022-01-31,SWAPTION/RATE_NVOL/GBP/25Y/5Y/Smile/-0.015,0.0043710000
2022-01-31,SWAPTION/RATE_NVOL/GBP/25Y/5Y/Smile/-0.02,0.0028730000
2022-01-31,SWAPTION/RATE_NVOL/GBP/25Y/5Y/Smile/0.0025,0.0063060000
2022-01-31,SWAPTION/RATE_NVOL/GBP/25Y/5Y/Smile/0.005,0.0065010000
2022-01-31,SWAPTION/RATE_NVOL/GBP/25Y/5Y/Smile/0.01,0.0068630000
2022-01-31,SWAPTION/RATE_NVOL/GBP/25Y/5Y/Smile/0.015,0.0071950000
2022-01-31,SWAPTION/RATE_NVOL/GBP/25Y/5Y/Smile/0.02,0.0075050000
2022-01-31,SWAPTION/RATE_NVOL/GBP/25Y/6Y/ATM,0.0060200000
2022-01-31,SWAPTION/RATE_NVOL/GBP/25Y/6Y/Smile/-0.0025,0.0058020000
2022-01-31,SWAPTION/RATE_NVOL/GBP/25Y/6Y/Smile/-0.005,0.0055680000
2022-01-31,SWAPTION/RATE_NVOL/GBP/25Y/6Y/Smile/-0.01,0.0050260000
2022-01-31,SWAPTION/RATE_NVOL/GBP/25Y/6Y/Smile/-0.015,0.0043050000
2022-01-31,SWAPTION/RATE_NVOL/GBP/25Y/6Y/Smile/-0.02,0.0027770000
2022-01-31,SWAPTION/RATE_NVOL/GBP/25Y/6Y/Smile/0.0025,0.0062240000
2022-01-31,SWAPTION/RATE_NVOL/GBP/25Y/6Y/Smile/0.005,0.0064170000
2022-01-31,SWAPTION/RATE_NVOL/GBP/25Y/6Y/Smile/0.01,0.0067750000
2022-01-31,SWAPTION/RATE_NVOL/GBP/25Y/6Y/Smile/0.015,0.0071040000
2022-01-31,SWAPTION/RATE_NVOL/GBP/25Y/6Y/Smile/0.02,0.0074100000
2022-01-31,SWAPTION/RATE_NVOL/GBP/25Y/7Y/ATM,0.0059600000
2022-01-31,SWAPTION/RATE_NVOL/GBP/25Y/7Y/Smile/-0.0025,0.0057430000
2022-01-31,SWAPTION/RATE_NVOL/GBP/25Y/7Y/Smile/-0.005,0.0055100000
2022-01-31,SWAPTION/RATE_NVOL/GBP/25Y/7Y/Smile/-0.01,0.0049700000
2022-01-31,SWAPTION/RATE_NVOL/GBP/25Y/7Y/Smile/-0.015,0.0042490000
2022-01-31,SWAPTION/RATE_NVOL/GBP/25Y/7Y/Smile/-0.02,0.0026650000
2022-01-31,SWAPTION/RATE_NVOL/GBP/25Y/7Y/Smile/0.0025,0.0061630000
2022-01-31,SWAPTION/RATE_NVOL/GBP/25Y/7Y/Smile/0.005,0.0063550000
2022-01-31,SWAPTION/RATE_NVOL/GBP/25Y/7Y/Smile/0.01,0.0067110000
2022-01-31,SWAPTION/RATE_NVOL/GBP/25Y/7Y/Smile/0.015,0.0070380000
2022-01-31,SWAPTION/RATE_NVOL/GBP/25Y/7Y/Smile/0.02,0.0073420000
2022-01-31,SWAPTION/RATE_NVOL/GBP/25Y/8Y/ATM,0.0059000000
2022-01-31,SWAPTION/RATE_NVOL/GBP/25Y/8Y/Smile/-0.0025,0.0056850000
2022-01-31,SWAPTION/RATE_NVOL/GBP/25Y/8Y/Smile/-0.005,0.0054520000
2022-01-31,SWAPTION/RATE_NVOL/GBP/25Y/8Y/Smile/-0.01,0.0049150000
2022-01-31,SWAPTION/RATE_NVOL/GBP/25Y/8Y/Smile/-0.015,0.0041930000
2022-01-31,SWAPTION/RATE_NVOL/GBP/25Y/8Y/Smile/-0.02,0.0025430000
2022-01-31,SWAPTION/RATE_NVOL/GBP/25Y/8Y/Smile/0.0025,0.0061020000
2022-01-31,SWAPTION/RATE_NVOL/GBP/25Y/8Y/Smile/0.005,0.0062920000
2022-01-31,SWAPTION/RATE_NVOL/GBP/25Y/8Y/Smile/0.01,0.0066460000
2022-01-31,SWAPTION/RATE_NVOL/GBP/25Y/8Y/Smile/0.015,0.0069710000
2022-01-31,SWAPTION/RATE_NVOL/GBP/25Y/8Y/Smile/0.02,0.0072730000
2022-01-31,SWAPTION/RATE_NVOL/GBP/25Y/9Y/ATM,0.0058400000
2022-01-31,SWAPTION/RATE_NVOL/GBP/25Y/9Y/Smile/-0.0025,0.0056250000
2022-01-31,SWAPTION/RATE_NVOL/GBP/25Y/9Y/Smile/-0.005,0.0053940000
2022-01-31,SWAPTION/RATE_NVOL/GBP/25Y/9Y/Smile/-0.01,0.0048570000
2022-01-31,SWAPTION/RATE_NVOL/GBP/25Y/9Y/Smile/-0.015,0.0041330000
2022-01-31,SWAPTION/RATE_NVOL/GBP/25Y/9Y/Smile/-0.02,0.0023780000
2022-01-31,SWAPTION/RATE_NVOL/GBP/25Y/9Y/Smile/0.0025,0.0060410000
2022-01-31,SWAPTION/RATE_NVOL/GBP/25Y/9Y/Smile/0.005,0.0062310000
2022-01-31,SWAPTION/RATE_NVOL/GBP/25Y/9Y/Smile/0.01,0.0065830000
2022-01-31,SWAPTION/RATE_NVOL/GBP/25Y/9Y/Smile/0.015,0.0069060000
2022-01-31,SWAPTION/RATE_NVOL/GBP/25Y/9Y/Smile/0.02,0.0072070000
2022-01-31,SWAPTION/RATE_NVOL/GBP/2Y/10Y/ATM,0.0077200000
2022-01-31,SWAPTION/RATE_NVOL/GBP/2Y/10Y/Smile/-0.0025,0.0073870000
2022-01-31,SWAPTION/RATE_NVOL/GBP/2Y/10Y/Smile/-0.005,0.0072000000
2022-01-31,SWAPTION/RATE_NVOL/GBP/2Y/10Y/Smile/-0.01,0.0072200000
2022-01-31,SWAPTION/RATE_NVOL/GBP/2Y/10Y/Smile/-0.015,0.0075250000
2022-01-31,SWAPTION/RATE_NVOL/GBP/2Y/10Y/Smile/-0.02,0.0078310000
2022-01-31,SWAPTION/RATE_NVOL/GBP/2Y/10Y/Smile/0.0025,0.0081740000
2022-01-31,SWAPTION/RATE_NVOL/GBP/2Y/10Y/Smile/0.005,0.0087150000
2022-01-31,SWAPTION/RATE_NVOL/GBP/2Y/10Y/Smile/0.01,0.0099350000
2022-01-31,SWAPTION/RATE_NVOL/GBP/2Y/10Y/Smile/0.015,0.0112310000
2022-01-31,SWAPTION/RATE_NVOL/GBP/2Y/10Y/Smile/0.02,0.0125430000
2022-01-31,SWAPTION/RATE_NVOL/GBP/2Y/15Y/ATM,0.0077700000
2022-01-31,SWAPTION/RATE_NVOL/GBP/2Y/15Y/Smile/-0.0025,0.0074460000
2022-01-31,SWAPTION/RATE_NVOL/GBP/2Y/15Y/Smile/-0.005,0.0072690000
2022-01-31,SWAPTION/RATE_NVOL/GBP/2Y/15Y/Smile/-0.01,0.0073040000
2022-01-31,SWAPTION/RATE_NVOL/GBP/2Y/15Y/Smile/-0.015,0.0076100000
2022-01-31,SWAPTION/RATE_NVOL/GBP/2Y/15Y/Smile/-0.02,0.0078930000
2022-01-31,SWAPTION/RATE_NVOL/GBP/2Y/15Y/Smile/0.0025,0.0082190000
2022-01-31,SWAPTION/RATE_NVOL/GBP/2Y/15Y/Smile/0.005,0.0087560000
2022-01-31,SWAPTION/RATE_NVOL/GBP/2Y/15Y/Smile/0.01,0.0099780000
2022-01-31,SWAPTION/RATE_NVOL/GBP/2Y/15Y/Smile/0.015,0.0112810000
2022-01-31,SWAPTION/RATE_NVOL/GBP/2Y/15Y/Smile/0.02,0.0126010000
2022-01-31,SWAPTION/RATE_NVOL/GBP/2Y/1Y/ATM,0.0086600000
2022-01-31,SWAPTION/RATE_NVOL/GBP/2Y/1Y/Smile/-0.0025,0.0083300000
2022-01-31,SWAPTION/RATE_NVOL/GBP/2Y/1Y/Smile/-0.005,0.0081350000
2022-01-31,SWAPTION/RATE_NVOL/GBP/2Y/1Y/Smile/-0.01,0.0081160000
2022-01-31,SWAPTION/RATE_NVOL/GBP/2Y/1Y/Smile/-0.015,0.0083890000
2022-01-31,SWAPTION/RATE_NVOL/GBP/2Y/1Y/Smile/-0.02,0.0086950000
2022-01-31,SWAPTION/RATE_NVOL/GBP/2Y/1Y/Smile/0.0025,0.0091070000
2022-01-31,SWAPTION/RATE_NVOL/GBP/2Y/1Y/Smile/0.005,0.0096400000
2022-01-31,SWAPTION/RATE_NVOL/GBP/2Y/1Y/Smile/0.01,0.0108590000
2022-01-31,SWAPTION/RATE_NVOL/GBP/2Y/1Y/Smile/0.015,0.0121710000
2022-01-31,SWAPTION/RATE_NVOL/GBP/2Y/1Y/Smile/0.02,0.0135110000
2022-01-31,SWAPTION/RATE_NVOL/GBP/2Y/20Y/ATM,0.0078300000
2022-01-31,SWAPTION/RATE_NVOL/GBP/2Y/20Y/Smile/-0.0025,0.0075030000
2022-01-31,SWAPTION/RATE_NVOL/GBP/2Y/20Y/Smile/-0.005,0.0073210000
2022-01-31,SWAPTION/RATE_NVOL/GBP/2Y/20Y/Smile/-0.01,0.0073380000
2022-01-31,SWAPTION/RATE_NVOL/GBP/2Y/20Y/Smile/-0.015,0.0076210000
2022-01-31,SWAPTION/RATE_NVOL/GBP/2Y/20Y/Smile/-0.02,0.0078650000
2022-01-31,SWAPTION/RATE_NVOL/GBP/2Y/20Y/Smile/0.0025,0.0082800000
2022-01-31,SWAPTION/RATE_NVOL/GBP/2Y/20Y/Smile/0.005,0.0088170000
2022-01-31,SWAPTION/RATE_NVOL/GBP/2Y/20Y/Smile/0.01,0.0100390000
2022-01-31,SWAPTION/RATE_NVOL/GBP/2Y/20Y/Smile/0.015,0.0113410000
2022-01-31,SWAPTION/RATE_NVOL/GBP/2Y/20Y/Smile/0.02,0.0126620000
2022-01-31,SWAPTION/RATE_NVOL/GBP/2Y/25Y/ATM,0.0078400000
2022-01-31,SWAPTION/RATE_NVOL/GBP/2Y/25Y/Smile/-0.0025,0.0075260000
2022-01-31,SWAPTION/RATE_NVOL/GBP/2Y/25Y/Smile/-0.005,0.0073590000
2022-01-31,SWAPTION/RATE_NVOL/GBP/2Y/25Y/Smile/-0.01,0.0074050000
2022-01-31,SWAPTION/RATE_NVOL/GBP/2Y/25Y/Smile/-0.015,0.0077020000
2022-01-31,SWAPTION/RATE_NVOL/GBP/2Y/25Y/Smile/-0.02,0.0079300000
2022-01-31,SWAPTION/RATE_NVOL/GBP/2Y/25Y/Smile/0.0025,0.0082820000
2022-01-31,SWAPTION/RATE_NVOL/GBP/2Y/25Y/Smile/0.005,0.0088160000
2022-01-31,SWAPTION/RATE_NVOL/GBP/2Y/25Y/Smile/0.01,0.0100400000
2022-01-31,SWAPTION/RATE_NVOL/GBP/2Y/25Y/Smile/0.015,0.0113510000
2022-01-31,SWAPTION/RATE_NVOL/GBP/2Y/25Y/Smile/0.02,0.0126820000
2022-01-31,SWAPTION/RATE_NVOL/GBP/2Y/2Y/ATM,0.0086700000
2022-01-31,SWAPTION/RATE_NVOL/GBP/2Y/2Y/Smile/-0.0025,0.0083460000
2022-01-31,SWAPTION/RATE_NVOL/GBP/2Y/2Y/Smile/-0.005,0.0081630000
2022-01-31,SWAPTION/RATE_NVOL/GBP/2Y/2Y/Smile/-0.01,0.0081830000
2022-01-31,SWAPTION/RATE_NVOL/GBP/2Y/2Y/Smile/-0.015,0.0085140000
2022-01-31,SWAPTION/RATE_NVOL/GBP/2Y/2Y/Smile/-0.02,0.0089170000
2022-01-31,SWAPTION/RATE_NVOL/GBP/2Y/2Y/Smile/0.0025,0.0091140000
2022-01-31,SWAPTION/RATE_NVOL/GBP/2Y/2Y/Smile/0.005,0.0096460000
2022-01-31,SWAPTION/RATE_NVOL/GBP/2Y/2Y/Smile/0.01,0.0108660000
2022-01-31,SWAPTION/RATE_NVOL/GBP/2Y/2Y/Smile/0.015,0.0121810000
2022-01-31,SWAPTION/RATE_NVOL/GBP/2Y/2Y/Smile/0.02,0.0135230000
2022-01-31,SWAPTION/RATE_NVOL/GBP/2Y/30Y/ATM,0.0079000000
2022-01-31,SWAPTION/RATE_NVOL/GBP/2Y/30Y/Smile/-0.0025,0.0075840000
2022-01-31,SWAPTION/RATE_NVOL/GBP/2Y/30Y/Smile/-0.005,0.0074140000
2022-01-31,SWAPTION/RATE_NVOL/GBP/2Y/30Y/Smile/-0.01,0.0074480000
2022-01-31,SWAPTION/RATE_NVOL/GBP/2Y/30Y/Smile/-0.015,0.0077250000
2022-01-31,SWAPTION/RATE_NVOL/GBP/2Y/30Y/Smile/-0.02,0.0079130000
2022-01-31,SWAPTION/RATE_NVOL/GBP/2Y/30Y/Smile/0.0025,0.0083420000
2022-01-31,SWAPTION/RATE_NVOL/GBP/2Y/30Y/Smile/0.005,0.0088760000
2022-01-31,SWAPTION/RATE_NVOL/GBP/2Y/30Y/Smile/0.01,0.0101000000
2022-01-31,SWAPTION/RATE_NVOL/GBP/2Y/30Y/Smile/0.015,0.0114110000
2022-01-31,SWAPTION/RATE_NVOL/GBP/2Y/30Y/Smile/0.02,0.0127440000
2022-01-31,SWAPTION/RATE_NVOL/GBP/2Y/3Y/ATM,0.0085100000
2022-01-31,SWAPTION/RATE_NVOL/GBP/2Y/3Y/Smile/-0.0025,0.0081850000
2022-01-31,SWAPTION/RATE_NVOL/GBP/2Y/3Y/Smile/-0.005,0.0080010000
2022-01-31,SWAPTION/RATE_NVOL/GBP/2Y/3Y/Smile/-0.01,0.0080170000
2022-01-31,SWAPTION/RATE_NVOL/GBP/2Y/3Y/Smile/-0.015,0.0083350000
2022-01-31,SWAPTION/RATE_NVOL/GBP/2Y/3Y/Smile/-0.02,0.0087090000
2022-01-31,SWAPTION/RATE_NVOL/GBP/2Y/3Y/Smile/0.0025,0.0089550000
2022-01-31,SWAPTION/RATE_NVOL/GBP/2Y/3Y/Smile/0.005,0.0094880000
2022-01-31,SWAPTION/RATE_NVOL/GBP/2Y/3Y/Smile/0.01,0.0107090000
2022-01-31,SWAPTION/RATE_NVOL/GBP/2Y/3Y/Smile/0.015,0.0120210000
2022-01-31,SWAPTION/RATE_NVOL/GBP/2Y/3Y/Smile/0.02,0.0133590000
2022-01-31,SWAPTION/RATE_NVOL/GBP/2Y/4Y/ATM,0.0083700000
2022-01-31,SWAPTION/RATE_NVOL/GBP/2Y/4Y/Smile/-0.0025,0.0080550000
2022-01-31,SWAPTION/RATE_NVOL/GBP/2Y/4Y/Smile/-0.005,0.0078840000
2022-01-31,SWAPTION/RATE_NVOL/GBP/2Y/4Y/Smile/-0.01,0.0079280000
2022-01-31,SWAPTION/RATE_NVOL/GBP/2Y/4Y/Smile/-0.015,0.0082600000
2022-01-31,SWAPTION/RATE_NVOL/GBP/2Y/4Y/Smile/-0.02,0.0086230000
2022-01-31,SWAPTION/RATE_NVOL/GBP/2Y/4Y/Smile/0.0025,0.0088100000
2022-01-31,SWAPTION/RATE_NVOL/GBP/2Y/4Y/Smile/0.005,0.0093420000
2022-01-31,SWAPTION/RATE_NVOL/GBP/2Y/4Y/Smile/0.01,0.0105640000
2022-01-31,SWAPTION/RATE_NVOL/GBP/2Y/4Y/Smile/0.015,0.0118810000
2022-01-31,SWAPTION/RATE_NVOL/GBP/2Y/4Y/Smile/0.02,0.0132230000
2022-01-31,SWAPTION/RATE_NVOL/GBP/2Y/5Y/ATM,0.0082100000
2022-01-31,SWAPTION/RATE_NVOL/GBP/2Y/5Y/Smile/-0.0025,0.0078940000
2022-01-31,SWAPTION/RATE_NVOL/GBP/2Y/5Y/Smile/-0.005,0.0077230000
2022-01-31,SWAPTION/RATE_NVOL/GBP/2Y/5Y/Smile/-0.01,0.0077680000
2022-01-31,SWAPTION/RATE_NVOL/GBP/2Y/5Y/Smile/-0.015,0.0080950000
2022-01-31,SWAPTION/RATE_NVOL/GBP/2Y/5Y/Smile/-0.02,0.0084380000
2022-01-31,SWAPTION/RATE_NVOL/GBP/2Y/5Y/Smile/0.0025,0.0086510000
2022-01-31,SWAPTION/RATE_NVOL/GBP/2Y/5Y/Smile/0.005,0.0091840000
2022-01-31,SWAPTION/RATE_NVOL/GBP/2Y/5Y/Smile/0.01,0.0104070000
2022-01-31,SWAPTION/RATE_NVOL/GBP/2Y/5Y/Smile/0.015,0.0117210000
2022-01-31,SWAPTION/RATE_NVOL/GBP/2Y/5Y/Smile/0.02,0.0130590000
2022-01-31,SWAPTION/RATE_NVOL/GBP/2Y/6Y/ATM,0.0081100000
2022-01-31,SWAPTION/RATE_NVOL/GBP/2Y/6Y/Smile/-0.0025,0.0077860000
2022-01-31,SWAPTION/RATE_NVOL/GBP/2Y/6Y/Smile/-0.005,0.0076050000
2022-01-31,SWAPTION/RATE_NVOL/GBP/2Y/6Y/Smile/-0.01,0.0076300000
2022-01-31,SWAPTION/RATE_NVOL/GBP/2Y/6Y/Smile/-0.015,0.0079390000
2022-01-31,SWAPTION/RATE_NVOL/GBP/2Y/6Y/Smile/-0.02,0.0082600000
2022-01-31,SWAPTION/RATE_NVOL/GBP/2Y/6Y/Smile/0.0025,0.0085570000
2022-01-31,SWAPTION/RATE_NVOL/GBP/2Y/6Y/Smile/0.005,0.0090920000
2022-01-31,SWAPTION/RATE_NVOL/GBP/2Y/6Y/Smile/0.01,0.0103140000
2022-01-31,SWAPTION/RATE_NVOL/GBP/2Y/6Y/Smile/0.015,0.0116210000
2022-01-31,SWAPTION/RATE_NVOL/GBP/2Y/6Y/Smile/0.02,0.0129500000
2022-01-31,SWAPTION/RATE_NVOL/GBP/2Y/7Y/ATM,0.0080100000
2022-01-31,SWAPTION/RATE_NVOL/GBP/2Y/7Y/Smile/-0.0025,0.0076910000
2022-01-31,SWAPTION/RATE_NVOL/GBP/2Y/7Y/Smile/-0.005,0.0075180000
2022-01-31,SWAPTION/RATE_NVOL/GBP/2Y/7Y/Smile/-0.01,0.0075610000
2022-01-31,SWAPTION/RATE_NVOL/GBP/2Y/7Y/Smile/-0.015,0.0078820000
2022-01-31,SWAPTION/RATE_NVOL/GBP/2Y/7Y/Smile/-0.02,0.0082060000
2022-01-31,SWAPTION/RATE_NVOL/GBP/2Y/7Y/Smile/0.0025,0.0084540000
2022-01-31,SWAPTION/RATE_NVOL/GBP/2Y/7Y/Smile/0.005,0.0089890000
2022-01-31,SWAPTION/RATE_NVOL/GBP/2Y/7Y/Smile/0.01,0.0102120000
2022-01-31,SWAPTION/RATE_NVOL/GBP/2Y/7Y/Smile/0.015,0.0115210000
2022-01-31,SWAPTION/RATE_NVOL/GBP/2Y/7Y/Smile/0.02,0.0128510000
2022-01-31,SWAPTION/RATE_NVOL/GBP/2Y/8Y/ATM,0.0079100000
2022-01-31,SWAPTION/RATE_NVOL/GBP/2Y/8Y/Smile/-0.0025,0.0075690000
2022-01-31,SWAPTION/RATE_NVOL/GBP/2Y/8Y/Smile/-0.005,0.0073690000
2022-01-31,SWAPTION/RATE_NVOL/GBP/2Y/8Y/Smile/-0.01,0.0073550000
2022-01-31,SWAPTION/RATE_NVOL/GBP/2Y/8Y/Smile/-0.015,0.0076320000
2022-01-31,SWAPTION/RATE_NVOL/GBP/2Y/8Y/Smile/-0.02,0.0079250000
2022-01-31,SWAPTION/RATE_NVOL/GBP/2Y/8Y/Smile/0.0025,0.0083670000
2022-01-31,SWAPTION/RATE_NVOL/GBP/2Y/8Y/Smile/0.005,0.0089070000
2022-01-31,SWAPTION/RATE_NVOL/GBP/2Y/8Y/Smile/0.01,0.0101250000
2022-01-31,SWAPTION/RATE_NVOL/GBP/2Y/8Y/Smile/0.015,0.0114180000
2022-01-31,SWAPTION/RATE_NVOL/GBP/2Y/8Y/Smile/0.02,0.0127280000
2022-01-31,SWAPTION/RATE_NVOL/GBP/2Y/9Y/ATM,0.0078200000
2022-01-31,SWAPTION/RATE_NVOL/GBP/2Y/9Y/Smile/-0.0025,0.0075010000
2022-01-31,SWAPTION/RATE_NVOL/GBP/2Y/9Y/Smile/-0.005,0.0073320000
2022-01-31,SWAPTION/RATE_NVOL/GBP/2Y/9Y/Smile/-0.01,0.0073860000
2022-01-31,SWAPTION/RATE_NVOL/GBP/2Y/9Y/Smile/-0.015,0.0077150000
2022-01-31,SWAPTION/RATE_NVOL/GBP/2Y/9Y/Smile/-0.02,0.0080390000
2022-01-31,SWAPTION/RATE_NVOL/GBP/2Y/9Y/Smile/0.0025,0.0082650000
2022-01-31,SWAPTION/RATE_NVOL/GBP/2Y/9Y/Smile/0.005,0.0088020000
2022-01-31,SWAPTION/RATE_NVOL/GBP/2Y/9Y/Smile/0.01,0.0100250000
2022-01-31,SWAPTION/RATE_NVOL/GBP/2Y/9Y/Smile/0.015,0.0113310000
2022-01-31,SWAPTION/RATE_NVOL/GBP/2Y/9Y/Smile/0.02,0.0126560000
2022-01-31,SWAPTION/RATE_NVOL/GBP/30Y/10Y/ATM,0.0056200000
2022-01-31,SWAPTION/RATE_NVOL/GBP/30Y/10Y/Smile/-0.0025,0.0053850000
2022-01-31,SWAPTION/RATE_NVOL/GBP/30Y/10Y/Smile/-0.005,0.0051290000
2022-01-31,SWAPTION/RATE_NVOL/GBP/30Y/10Y/Smile/-0.01,0.0045200000
2022-01-31,SWAPTION/RATE_NVOL/GBP/30Y/10Y/Smile/-0.015,0.0036210000
2022-01-31,SWAPTION/RATE_NVOL/GBP/30Y/10Y/Smile/-0.02,0.0035890000
2022-01-31,SWAPTION/RATE_NVOL/GBP/30Y/10Y/Smile/0.0025,0.0058380000
2022-01-31,SWAPTION/RATE_NVOL/GBP/30Y/10Y/Smile/0.005,0.0060420000
2022-01-31,SWAPTION/RATE_NVOL/GBP/30Y/10Y/Smile/0.01,0.0064190000
2022-01-31,SWAPTION/RATE_NVOL/GBP/30Y/10Y/Smile/0.015,0.0067630000
2022-01-31,SWAPTION/RATE_NVOL/GBP/30Y/10Y/Smile/0.02,0.0070800000
2022-01-31,SWAPTION/RATE_NVOL/GBP/30Y/15Y/ATM,0.0053900000
2022-01-31,SWAPTION/RATE_NVOL/GBP/30Y/15Y/Smile/-0.0025,0.0051590000
2022-01-31,SWAPTION/RATE_NVOL/GBP/30Y/15Y/Smile/-0.005,0.0049050000
2022-01-31,SWAPTION/RATE_NVOL/GBP/30Y/15Y/Smile/-0.01,0.0042980000
2022-01-31,SWAPTION/RATE_NVOL/GBP/30Y/15Y/Smile/-0.015,0.0033700000
2022-01-31,SWAPTION/RATE_NVOL/GBP/30Y/15Y/Smile/-0.02,0.0034830000
2022-01-31,SWAPTION/RATE_NVOL/GBP/30Y/15Y/Smile/0.0025,0.0056040000
2022-01-31,SWAPTION/RATE_NVOL/GBP/30Y/15Y/Smile/0.005,0.0058050000
2022-01-31,SWAPTION/RATE_NVOL/GBP/30Y/15Y/Smile/0.01,0.0061750000
2022-01-31,SWAPTION/RATE_NVOL/GBP/30Y/15Y/Smile/0.015,0.0065110000
2022-01-31,SWAPTION/RATE_NVOL/GBP/30Y/15Y/Smile/0.02,0.0068220000
2022-01-31,SWAPTION/RATE_NVOL/GBP/30Y/1Y/ATM,0.0062100000
2022-01-31,SWAPTION/RATE_NVOL/GBP/30Y/1Y/Smile/-0.0025,0.0059310000
2022-01-31,SWAPTION/RATE_NVOL/GBP/30Y/1Y/Smile/-0.005,0.0056240000
2022-01-31,SWAPTION/RATE_NVOL/GBP/30Y/1Y/Smile/-0.01,0.0048840000
2022-01-31,SWAPTION/RATE_NVOL/GBP/30Y/1Y/Smile/-0.015,0.0037440000
2022-01-31,SWAPTION/RATE_NVOL/GBP/30Y/1Y/Smile/-0.02,0.0033810000
2022-01-31,SWAPTION/RATE_NVOL/GBP/30Y/1Y/Smile/0.0025,0.0064680000
2022-01-31,SWAPTION/RATE_NVOL/GBP/30Y/1Y/Smile/0.005,0.0067090000
2022-01-31,SWAPTION/RATE_NVOL/GBP/30Y/1Y/Smile/0.01,0.0071520000
2022-01-31,SWAPTION/RATE_NVOL/GBP/30Y/1Y/Smile/0.015,0.0075530000
2022-01-31,SWAPTION/RATE_NVOL/GBP/30Y/1Y/Smile/0.02,0.0079240000
2022-01-31,SWAPTION/RATE_NVOL/GBP/30Y/20Y/ATM,0.0051300000
2022-01-31,SWAPTION/RATE_NVOL/GBP/30Y/20Y/Smile/-0.0025,0.0049070000
2022-01-31,SWAPTION/RATE_NVOL/GBP/30Y/20Y/Smile/-0.005,0.0046630000
2022-01-31,SWAPTION/RATE_NVOL/GBP/30Y/20Y/Smile/-0.01,0.0040740000
2022-01-31,SWAPTION/RATE_NVOL/GBP/30Y/20Y/Smile/-0.015,0.0031540000
2022-01-31,SWAPTION/RATE_NVOL/GBP/30Y/20Y/Smile/-0.02,0.0033500000
2022-01-31,SWAPTION/RATE_NVOL/GBP/30Y/20Y/Smile/0.0025,0.0053360000
2022-01-31,SWAPTION/RATE_NVOL/GBP/30Y/20Y/Smile/0.005,0.0055300000
2022-01-31,SWAPTION/RATE_NVOL/GBP/30Y/20Y/Smile/0.01,0.0058850000
2022-01-31,SWAPTION/RATE_NVOL/GBP/30Y/20Y/Smile/0.015,0.0062080000
2022-01-31,SWAPTION/RATE_NVOL/GBP/30Y/20Y/Smile/0.02,0.0065060000
2022-01-31,SWAPTION/RATE_NVOL/GBP/30Y/25Y/ATM,0.0048700000
2022-01-31,SWAPTION/RATE_NVOL/GBP/30Y/25Y/Smile/-0.0025,0.0046700000
2022-01-31,SWAPTION/RATE_NVOL/GBP/30Y/25Y/Smile/-0.005,0.0044530000
2022-01-31,SWAPTION/RATE_NVOL/GBP/30Y/25Y/Smile/-0.01,0.0039360000
2022-01-31,SWAPTION/RATE_NVOL/GBP/30Y/25Y/Smile/-0.015,0.0031720000
2022-01-31,SWAPTION/RATE_NVOL/GBP/30Y/25Y/Smile/-0.02,0.0032120000
2022-01-31,SWAPTION/RATE_NVOL/GBP/30Y/25Y/Smile/0.0025,0.0050560000
2022-01-31,SWAPTION/RATE_NVOL/GBP/30Y/25Y/Smile/0.005,0.0052300000
2022-01-31,SWAPTION/RATE_NVOL/GBP/30Y/25Y/Smile/0.01,0.0055520000
2022-01-31,SWAPTION/RATE_NVOL/GBP/30Y/25Y/Smile/0.015,0.0058460000
2022-01-31,SWAPTION/RATE_NVOL/GBP/30Y/25Y/Smile/0.02,0.0061180000
2022-01-31,SWAPTION/RATE_NVOL/GBP/30Y/2Y/ATM,0.0061500000
2022-01-31,SWAPTION/RATE_NVOL/GBP/30Y/2Y/Smile/-0.0025,0.0059050000
2022-01-31,SWAPTION/RATE_NVOL/GBP/30Y/2Y/Smile/-0.005,0.0056390000
2022-01-31,SWAPTION/RATE_NVOL/GBP/30Y/2Y/Smile/-0.01,0.0050130000
2022-01-31,SWAPTION/RATE_NVOL/GBP/30Y/2Y/Smile/-0.015,0.0041360000
2022-01-31,SWAPTION/RATE_NVOL/GBP/30Y/2Y/Smile/-0.02,0.0011510000
2022-01-31,SWAPTION/RATE_NVOL/GBP/30Y/2Y/Smile/0.0025,0.0063780000
2022-01-31,SWAPTION/RATE_NVOL/GBP/30Y/2Y/Smile/0.005,0.0065930000
2022-01-31,SWAPTION/RATE_NVOL/GBP/30Y/2Y/Smile/0.01,0.0069900000
2022-01-31,SWAPTION/RATE_NVOL/GBP/30Y/2Y/Smile/0.015,0.0073530000
2022-01-31,SWAPTION/RATE_NVOL/GBP/30Y/2Y/Smile/0.02,0.0076890000
2022-01-31,SWAPTION/RATE_NVOL/GBP/30Y/30Y/ATM,0.0047100000
2022-01-31,SWAPTION/RATE_NVOL/GBP/30Y/30Y/Smile/-0.0025,0.0045230000
2022-01-31,SWAPTION/RATE_NVOL/GBP/30Y/30Y/Smile/-0.005,0.0043200000
2022-01-31,SWAPTION/RATE_NVOL/GBP/30Y/30Y/Smile/-0.01,0.0038430000
2022-01-31,SWAPTION/RATE_NVOL/GBP/30Y/30Y/Smile/-0.015,0.0031570000
2022-01-31,SWAPTION/RATE_NVOL/GBP/30Y/30Y/Smile/-0.02,0.0031120000
2022-01-31,SWAPTION/RATE_NVOL/GBP/30Y/30Y/Smile/0.0025,0.0048840000
2022-01-31,SWAPTION/RATE_NVOL/GBP/30Y/30Y/Smile/0.005,0.0050480000
2022-01-31,SWAPTION/RATE_NVOL/GBP/30Y/30Y/Smile/0.01,0.0053510000
2022-01-31,SWAPTION/RATE_NVOL/GBP/30Y/30Y/Smile/0.015,0.0056280000
2022-01-31,SWAPTION/RATE_NVOL/GBP/30Y/30Y/Smile/0.02,0.0058850000
2022-01-31,SWAPTION/RATE_NVOL/GBP/30Y/3Y/ATM,0.0060700000
2022-01-31,SWAPTION/RATE_NVOL/GBP/30Y/3Y/Smile/-0.0025,0.0058270000
2022-01-31,SWAPTION/RATE_NVOL/GBP/30Y/3Y/Smile/-0.005,0.0055620000
2022-01-31,SWAPTION/RATE_NVOL/GBP/30Y/3Y/Smile/-0.01,0.0049400000
2022-01-31,SWAPTION/RATE_NVOL/GBP/30Y/3Y/Smile/-0.015,0.0040630000
2022-01-31,SWAPTION/RATE_NVOL/GBP/30Y/3Y/Smile/-0.02,0.0004690000
2022-01-31,SWAPTION/RATE_NVOL/GBP/30Y/3Y/Smile/0.0025,0.0062970000
2022-01-31,SWAPTION/RATE_NVOL/GBP/30Y/3Y/Smile/0.005,0.0065100000
2022-01-31,SWAPTION/RATE_NVOL/GBP/30Y/3Y/Smile/0.01,0.0069030000
2022-01-31,SWAPTION/RATE_NVOL/GBP/30Y/3Y/Smile/0.015,0.0072630000
2022-01-31,SWAPTION/RATE_NVOL/GBP/30Y/3Y/Smile/0.02,0.0075960000
2022-01-31,SWAPTION/RATE_NVOL/GBP/30Y/4Y/ATM,0.0059900000
2022-01-31,SWAPTION/RATE_NVOL/GBP/30Y/4Y/Smile/-0.0025,0.0057480000
2022-01-31,SWAPTION/RATE_NVOL/GBP/30Y/4Y/Smile/-0.005,0.0054850000
2022-01-31,SWAPTION/RATE_NVOL/GBP/30Y/4Y/Smile/-0.01,0.0048650000
2022-01-31,SWAPTION/RATE_NVOL/GBP/30Y/4Y/Smile/-0.015,0.0039840000
2022-01-31,SWAPTION/RATE_NVOL/GBP/30Y/4Y/Smile/-0.02,0.0037150000
2022-01-31,SWAPTION/RATE_NVOL/GBP/30Y/4Y/Smile/0.0025,0.0062150000
2022-01-31,SWAPTION/RATE_NVOL/GBP/30Y/4Y/Smile/0.005,0.0064270000
2022-01-31,SWAPTION/RATE_NVOL/GBP/30Y/4Y/Smile/0.01,0.0068170000
2022-01-31,SWAPTION/RATE_NVOL/GBP/30Y/4Y/Smile/0.015,0.0071740000
2022-01-31,SWAPTION/RATE_NVOL/GBP/30Y/4Y/Smile/0.02,0.0075050000
2022-01-31,SWAPTION/RATE_NVOL/GBP/30Y/5Y/ATM,0.0059000000
2022-01-31,SWAPTION/RATE_NVOL/GBP/30Y/5Y/Smile/-0.0025,0.0056610000
2022-01-31,SWAPTION/RATE_NVOL/GBP/30Y/5Y/Smile/-0.005,0.0054010000
2022-01-31,SWAPTION/RATE_NVOL/GBP/30Y/5Y/Smile/-0.01,0.0047870000
2022-01-31,SWAPTION/RATE_NVOL/GBP/30Y/5Y/Smile/-0.015,0.0039110000
2022-01-31,SWAPTION/RATE_NVOL/GBP/30Y/5Y/Smile/-0.02,0.0036790000
2022-01-31,SWAPTION/RATE_NVOL/GBP/30Y/5Y/Smile/0.0025,0.0061220000
2022-01-31,SWAPTION/RATE_NVOL/GBP/30Y/5Y/Smile/0.005,0.0063310000
2022-01-31,SWAPTION/RATE_NVOL/GBP/30Y/5Y/Smile/0.01,0.0067170000
2022-01-31,SWAPTION/RATE_NVOL/GBP/30Y/5Y/Smile/0.015,0.0070700000
2022-01-31,SWAPTION/RATE_NVOL/GBP/30Y/5Y/Smile/0.02,0.0073960000
2022-01-31,SWAPTION/RATE_NVOL/GBP/30Y/6Y/ATM,0.0058500000
2022-01-31,SWAPTION/RATE_NVOL/GBP/30Y/6Y/Smile/-0.0025,0.0056110000
2022-01-31,SWAPTION/RATE_NVOL/GBP/30Y/6Y/Smile/-0.005,0.0053520000
2022-01-31,SWAPTION/RATE_NVOL/GBP/30Y/6Y/Smile/-0.01,0.0047370000
2022-01-31,SWAPTION/RATE_NVOL/GBP/30Y/6Y/Smile/-0.015,0.0038550000
2022-01-31,SWAPTION/RATE_NVOL/GBP/30Y/6Y/Smile/-0.02,0.0036750000
2022-01-31,SWAPTION/RATE_NVOL/GBP/30Y/6Y/Smile/0.0025,0.0060720000
2022-01-31,SWAPTION/RATE_NVOL/GBP/30Y/6Y/Smile/0.005,0.0062800000
2022-01-31,SWAPTION/RATE_NVOL/GBP/30Y/6Y/Smile/0.01,0.0066650000
2022-01-31,SWAPTION/RATE_NVOL/GBP/30Y/6Y/Smile/0.015,0.0070160000
2022-01-31,SWAPTION/RATE_NVOL/GBP/30Y/6Y/Smile/0.02,0.0073420000
2022-01-31,SWAPTION/RATE_NVOL/GBP/30Y/7Y/ATM,0.0057900000
2022-01-31,SWAPTION/RATE_NVOL/GBP/30Y/7Y/Smile/-0.0025,0.0055520000
2022-01-31,SWAPTION/RATE_NVOL/GBP/30Y/7Y/Smile/-0.005,0.0052940000
2022-01-31,SWAPTION/RATE_NVOL/GBP/30Y/7Y/Smile/-0.01,0.0046800000
2022-01-31,SWAPTION/RATE_NVOL/GBP/30Y/7Y/Smile/-0.015,0.0037940000
2022-01-31,SWAPTION/RATE_NVOL/GBP/30Y/7Y/Smile/-0.02,0.0036420000
2022-01-31,SWAPTION/RATE_NVOL/GBP/30Y/7Y/Smile/0.0025,0.0060110000
2022-01-31,SWAPTION/RATE_NVOL/GBP/30Y/7Y/Smile/0.005,0.0062180000
2022-01-31,SWAPTION/RATE_NVOL/GBP/30Y/7Y/Smile/0.01,0.0066010000
2022-01-31,SWAPTION/RATE_NVOL/GBP/30Y/7Y/Smile/0.015,0.0069500000
2022-01-31,SWAPTION/RATE_NVOL/GBP/30Y/7Y/Smile/0.02,0.0072740000
2022-01-31,SWAPTION/RATE_NVOL/GBP/30Y/8Y/ATM,0.0057500000
2022-01-31,SWAPTION/RATE_NVOL/GBP/30Y/8Y/Smile/-0.0025,0.0055120000
2022-01-31,SWAPTION/RATE_NVOL/GBP/30Y/8Y/Smile/-0.005,0.0052530000
2022-01-31,SWAPTION/RATE_NVOL/GBP/30Y/8Y/Smile/-0.01,0.0046380000
2022-01-31,SWAPTION/RATE_NVOL/GBP/30Y/8Y/Smile/-0.015,0.0037430000
2022-01-31,SWAPTION/RATE_NVOL/GBP/30Y/8Y/Smile/-0.02,0.0036290000
2022-01-31,SWAPTION/RATE_NVOL/GBP/30Y/8Y/Smile/0.0025,0.0059710000
2022-01-31,SWAPTION/RATE_NVOL/GBP/30Y/8Y/Smile/0.005,0.0061780000
2022-01-31,SWAPTION/RATE_NVOL/GBP/30Y/8Y/Smile/0.01,0.0065600000
2022-01-31,SWAPTION/RATE_NVOL/GBP/30Y/8Y/Smile/0.015,0.0069090000
2022-01-31,SWAPTION/RATE_NVOL/GBP/30Y/8Y/Smile/0.02,0.0072320000
2022-01-31,SWAPTION/RATE_NVOL/GBP/30Y/9Y/ATM,0.0057000000
2022-01-31,SWAPTION/RATE_NVOL/GBP/30Y/9Y/Smile/-0.0025,0.0054630000
2022-01-31,SWAPTION/RATE_NVOL/GBP/30Y/9Y/Smile/-0.005,0.0052040000
2022-01-31,SWAPTION/RATE_NVOL/GBP/30Y/9Y/Smile/-0.01,0.0045890000
2022-01-31,SWAPTION/RATE_NVOL/GBP/30Y/9Y/Smile/-0.015,0.0036870000
2022-01-31,SWAPTION/RATE_NVOL/GBP/30Y/9Y/Smile/-0.02,0.0036150000
2022-01-31,SWAPTION/RATE_NVOL/GBP/30Y/9Y/Smile/0.0025,0.0059200000
2022-01-31,SWAPTION/RATE_NVOL/GBP/30Y/9Y/Smile/0.005,0.0061270000
2022-01-31,SWAPTION/RATE_NVOL/GBP/30Y/9Y/Smile/0.01,0.0065080000
2022-01-31,SWAPTION/RATE_NVOL/GBP/30Y/9Y/Smile/0.015,0.0068550000
2022-01-31,SWAPTION/RATE_NVOL/GBP/30Y/9Y/Smile/0.02,0.0071770000
2022-01-31,SWAPTION/RATE_NVOL/GBP/3M/10Y/ATM,0.0079900000
2022-01-31,SWAPTION/RATE_NVOL/GBP/3M/10Y/Smile/-0.0025,0.0075260000
2022-01-31,SWAPTION/RATE_NVOL/GBP/3M/10Y/Smile/-0.005,0.0073370000
2022-01-31,SWAPTION/RATE_NVOL/GBP/3M/10Y/Smile/-0.01,0.0076300000
2022-01-31,SWAPTION/RATE_NVOL/GBP/3M/10Y/Smile/-0.015,0.0082950000
2022-01-31,SWAPTION/RATE_NVOL/GBP/3M/10Y/Smile/-0.02,0.0089400000
2022-01-31,SWAPTION/RATE_NVOL/GBP/3M/10Y/Smile/0.0025,0.0086630000
2022-01-31,SWAPTION/RATE_NVOL/GBP/3M/10Y/Smile/0.005,0.0094560000
2022-01-31,SWAPTION/RATE_NVOL/GBP/3M/10Y/Smile/0.01,0.0111890000
2022-01-31,SWAPTION/RATE_NVOL/GBP/3M/10Y/Smile/0.015,0.0129630000
2022-01-31,SWAPTION/RATE_NVOL/GBP/3M/10Y/Smile/0.02,0.0147210000
2022-01-31,SWAPTION/RATE_NVOL/GBP/3M/15Y/ATM,0.0081500000
2022-01-31,SWAPTION/RATE_NVOL/GBP/3M/15Y/Smile/-0.0025,0.0076910000
2022-01-31,SWAPTION/RATE_NVOL/GBP/3M/15Y/Smile/-0.005,0.0075010000
2022-01-31,SWAPTION/RATE_NVOL/GBP/3M/15Y/Smile/-0.01,0.0077820000
2022-01-31,SWAPTION/RATE_NVOL/GBP/3M/15Y/Smile/-0.015,0.0084290000
2022-01-31,SWAPTION/RATE_NVOL/GBP/3M/15Y/Smile/-0.02,0.0090430000
2022-01-31,SWAPTION/RATE_NVOL/GBP/3M/15Y/Smile/0.0025,0.0088180000
2022-01-31,SWAPTION/RATE_NVOL/GBP/3M/15Y/Smile/0.005,0.0096080000
2022-01-31,SWAPTION/RATE_NVOL/GBP/3M/15Y/Smile/0.01,0.0113420000
2022-01-31,SWAPTION/RATE_NVOL/GBP/3M/15Y/Smile/0.015,0.0131230000
2022-01-31,SWAPTION/RATE_NVOL/GBP/3M/15Y/Smile/0.02,0.0148910000
2022-01-31,SWAPTION/RATE_NVOL/GBP/3M/1Y/ATM,0.0072500000
2022-01-31,SWAPTION/RATE_NVOL/GBP/3M/1Y/Smile/-0.0025,0.0067710000
2022-01-31,SWAPTION/RATE_NVOL/GBP/3M/1Y/Smile/-0.005,0.0065840000
2022-01-31,SWAPTION/RATE_NVOL/GBP/3M/1Y/Smile/-0.01,0.0069000000
2022-01-31,SWAPTION/RATE_NVOL/GBP/3M/1Y/Smile/-0.015,0.0075530000
2022-01-31,SWAPTION/RATE_NVOL/GBP/3M/1Y/Smile/-0.02,0.0081240000
2022-01-31,SWAPTION/RATE_NVOL/GBP/3M/1Y/Smile/0.0025,0.0079410000
2022-01-31,SWAPTION/RATE_NVOL/GBP/3M/1Y/Smile/0.005,0.0087450000
2022-01-31,SWAPTION/RATE_NVOL/GBP/3M/1Y/Smile/0.01,0.0104740000
2022-01-31,SWAPTION/RATE_NVOL/GBP/3M/1Y/Smile/0.015,0.0122230000
2022-01-31,SWAPTION/RATE_NVOL/GBP/3M/1Y/Smile/0.02,0.0139460000
2022-01-31,SWAPTION/RATE_NVOL/GBP/3M/20Y/ATM,0.0082800000
2022-01-31,SWAPTION/RATE_NVOL/GBP/3M/20Y/Smile/-0.0025,0.0078220000
2022-01-31,SWAPTION/RATE_NVOL/GBP/3M/20Y/Smile/-0.005,0.0076280000
2022-01-31,SWAPTION/RATE_NVOL/GBP/3M/20Y/Smile/-0.01,0.0078920000
2022-01-31,SWAPTION/RATE_NVOL/GBP/3M/20Y/Smile/-0.015,0.0085190000
2022-01-31,SWAPTION/RATE_NVOL/GBP/3M/20Y/Smile/-0.02,0.0090980000
2022-01-31,SWAPTION/RATE_NVOL/GBP/3M/20Y/Smile/0.0025,0.0089450000
2022-01-31,SWAPTION/RATE_NVOL/GBP/3M/20Y/Smile/0.005,0.0097340000
2022-01-31,SWAPTION/RATE_NVOL/GBP/3M/20Y/Smile/0.01,0.0114670000
2022-01-31,SWAPTION/RATE_NVOL/GBP/3M/20Y/Smile/0.015,0.0132530000
2022-01-31,SWAPTION/RATE_NVOL/GBP/3M/20Y/Smile/0.02,0.0150280000
2022-01-31,SWAPTION/RATE_NVOL/GBP/3M/25Y/ATM,0.0083400000
2022-01-31,SWAPTION/RATE_NVOL/GBP/3M/25Y/Smile/-0.0025,0.0078830000
2022-01-31,SWAPTION/RATE_NVOL/GBP/3M/25Y/Smile/-0.005,0.0076880000
2022-01-31,SWAPTION/RATE_NVOL/GBP/3M/25Y/Smile/-0.01,0.0079430000
2022-01-31,SWAPTION/RATE_NVOL/GBP/3M/25Y/Smile/-0.015,0.0085550000
2022-01-31,SWAPTION/RATE_NVOL/GBP/3M/25Y/Smile/-0.02,0.0091030000
2022-01-31,SWAPTION/RATE_NVOL/GBP/3M/25Y/Smile/0.0025,0.0090030000
2022-01-31,SWAPTION/RATE_NVOL/GBP/3M/25Y/Smile/0.005,0.0097910000
2022-01-31,SWAPTION/RATE_NVOL/GBP/3M/25Y/Smile/0.01,0.0115250000
2022-01-31,SWAPTION/RATE_NVOL/GBP/3M/25Y/Smile/0.015,0.0133130000
2022-01-31,SWAPTION/RATE_NVOL/GBP/3M/25Y/Smile/0.02,0.0150910000
2022-01-31,SWAPTION/RATE_NVOL/GBP/3M/2Y/ATM,0.0075800000
2022-01-31,SWAPTION/RATE_NVOL/GBP/3M/2Y/Smile/-0.0025,0.0071010000
2022-01-31,SWAPTION/RATE_NVOL/GBP/3M/2Y/Smile/-0.005,0.0069050000
2022-01-31,SWAPTION/RATE_NVOL/GBP/3M/2Y/Smile/-0.01,0.0072080000
2022-01-31,SWAPTION/RATE_NVOL/GBP/3M/2Y/Smile/-0.015,0.0078860000
2022-01-31,SWAPTION/RATE_NVOL/GBP/3M/2Y/Smile/-0.02,0.0085540000
2022-01-31,SWAPTION/RATE_NVOL/GBP/3M/2Y/Smile/0.0025,0.0082660000
2022-01-31,SWAPTION/RATE_NVOL/GBP/3M/2Y/Smile/0.005,0.0090660000
2022-01-31,SWAPTION/RATE_NVOL/GBP/3M/2Y/Smile/0.01,0.0107910000
2022-01-31,SWAPTION/RATE_NVOL/GBP/3M/2Y/Smile/0.015,0.0125440000
2022-01-31,SWAPTION/RATE_NVOL/GBP/3M/2Y/Smile/0.02,0.0142740000
2022-01-31,SWAPTION/RATE_NVOL/GBP/3M/30Y/ATM,0.0084100000
2022-01-31,SWAPTION/RATE_NVOL/GBP/3M/30Y/Smile/-0.0025,0.0079540000
2022-01-31,SWAPTION/RATE_NVOL/GBP/3M/30Y/Smile/-0.005,0.0077580000
2022-01-31,SWAPTION/RATE_NVOL/GBP/3M/30Y/Smile/-0.01,0.0080040000
2022-01-31,SWAPTION/RATE_NVOL/GBP/3M/30Y/Smile/-0.015,0.0086010000
2022-01-31,SWAPTION/RATE_NVOL/GBP/3M/30Y/Smile/-0.02,0.0091190000
2022-01-31,SWAPTION/RATE_NVOL/GBP/3M/30Y/Smile/0.0025,0.0090710000
2022-01-31,SWAPTION/RATE_NVOL/GBP/3M/30Y/Smile/0.005,0.0098580000
2022-01-31,SWAPTION/RATE_NVOL/GBP/3M/30Y/Smile/0.01,0.0115920000
2022-01-31,SWAPTION/RATE_NVOL/GBP/3M/30Y/Smile/0.015,0.0133830000
2022-01-31,SWAPTION/RATE_NVOL/GBP/3M/30Y/Smile/0.02,0.0151650000
2022-01-31,SWAPTION/RATE_NVOL/GBP/3M/3Y/ATM,0.0076900000
2022-01-31,SWAPTION/RATE_NVOL/GBP/3M/3Y/Smile/-0.0025,0.0072030000
2022-01-31,SWAPTION/RATE_NVOL/GBP/3M/3Y/Smile/-0.005,0.0069980000
2022-01-31,SWAPTION/RATE_NVOL/GBP/3M/3Y/Smile/-0.01,0.0072960000
2022-01-31,SWAPTION/RATE_NVOL/GBP/3M/3Y/Smile/-0.015,0.0079960000
2022-01-31,SWAPTION/RATE_NVOL/GBP/3M/3Y/Smile/-0.02,0.0087240000
2022-01-31,SWAPTION/RATE_NVOL/GBP/3M/3Y/Smile/0.0025,0.0083800000
2022-01-31,SWAPTION/RATE_NVOL/GBP/3M/3Y/Smile/0.005,0.0091820000
2022-01-31,SWAPTION/RATE_NVOL/GBP/3M/3Y/Smile/0.01,0.0109090000
2022-01-31,SWAPTION/RATE_NVOL/GBP/3M/3Y/Smile/0.015,0.0126630000
2022-01-31,SWAPTION/RATE_NVOL/GBP/3M/3Y/Smile/0.02,0.0143940000
2022-01-31,SWAPTION/RATE_NVOL/GBP/3M/4Y/ATM,0.0077800000
2022-01-31,SWAPTION/RATE_NVOL/GBP/3M/4Y/Smile/-0.0025,0.0072970000
2022-01-31,SWAPTION/RATE_NVOL/GBP/3M/4Y/Smile/-0.005,0.0070930000
2022-01-31,SWAPTION/RATE_NVOL/GBP/3M/4Y/Smile/-0.01,0.0073830000
2022-01-31,SWAPTION/RATE_NVOL/GBP/3M/4Y/Smile/-0.015,0.0080700000
2022-01-31,SWAPTION/RATE_NVOL/GBP/3M/4Y/Smile/-0.02,0.0087760000
2022-01-31,SWAPTION/RATE_NVOL/GBP/3M/4Y/Smile/0.0025,0.0084660000
2022-01-31,SWAPTION/RATE_NVOL/GBP/3M/4Y/Smile/0.005,0.0092660000
2022-01-31,SWAPTION/RATE_NVOL/GBP/3M/4Y/Smile/0.01,0.0109950000
2022-01-31,SWAPTION/RATE_NVOL/GBP/3M/4Y/Smile/0.015,0.0127530000
2022-01-31,SWAPTION/RATE_NVOL/GBP/3M/4Y/Smile/0.02,0.0144910000
2022-01-31,SWAPTION/RATE_NVOL/GBP/3M/5Y/ATM,0.0078800000
2022-01-31,SWAPTION/RATE_NVOL/GBP/3M/5Y/Smile/-0.0025,0.0073910000
2022-01-31,SWAPTION/RATE_NVOL/GBP/3M/5Y/Smile/-0.005,0.0071750000
2022-01-31,SWAPTION/RATE_NVOL/GBP/3M/5Y/Smile/-0.01,0.0074360000
2022-01-31,SWAPTION/RATE_NVOL/GBP/3M/5Y/Smile/-0.015,0.0081000000
2022-01-31,SWAPTION/RATE_NVOL/GBP/3M/5Y/Smile/-0.02,0.0087830000
2022-01-31,SWAPTION/RATE_NVOL/GBP/3M/5Y/Smile/0.0025,0.0085680000
2022-01-31,SWAPTION/RATE_NVOL/GBP/3M/5Y/Smile/0.005,0.0093670000
2022-01-31,SWAPTION/RATE_NVOL/GBP/3M/5Y/Smile/0.01,0.0110940000
2022-01-31,SWAPTION/RATE_NVOL/GBP/3M/5Y/Smile/0.015,0.0128530000
2022-01-31,SWAPTION/RATE_NVOL/GBP/3M/5Y/Smile/0.02,0.0145920000
2022-01-31,SWAPTION/RATE_NVOL/GBP/3M/6Y/ATM,0.0079100000
2022-01-31,SWAPTION/RATE_NVOL/GBP/3M/6Y/Smile/-0.0025,0.0074390000
2022-01-31,SWAPTION/RATE_NVOL/GBP/3M/6Y/Smile/-0.005,0.0072430000
2022-01-31,SWAPTION/RATE_NVOL/GBP/3M/6Y/Smile/-0.01,0.0075370000
2022-01-31,SWAPTION/RATE_NVOL/GBP/3M/6Y/Smile/-0.015,0.0082150000
2022-01-31,SWAPTION/RATE_NVOL/GBP/3M/6Y/Smile/-0.02,0.0088950000
2022-01-31,SWAPTION/RATE_NVOL/GBP/3M/6Y/Smile/0.0025,0.0085880000
2022-01-31,SWAPTION/RATE_NVOL/GBP/3M/6Y/Smile/0.005,0.0093850000
2022-01-31,SWAPTION/RATE_NVOL/GBP/3M/6Y/Smile/0.01,0.0111150000
2022-01-31,SWAPTION/RATE_NVOL/GBP/3M/6Y/Smile/0.015,0.0128830000
2022-01-31,SWAPTION/RATE_NVOL/GBP/3M/6Y/Smile/0.02,0.0146330000
2022-01-31,SWAPTION/RATE_NVOL/GBP/3M/7Y/ATM,0.0079400000
2022-01-31,SWAPTION/RATE_NVOL/GBP/3M/7Y/Smile/-0.0025,0.0074770000
2022-01-31,SWAPTION/RATE_NVOL/GBP/3M/7Y/Smile/-0.005,0.0072870000
2022-01-31,SWAPTION/RATE_NVOL/GBP/3M/7Y/Smile/-0.01,0.0075790000
2022-01-31,SWAPTION/RATE_NVOL/GBP/3M/7Y/Smile/-0.015,0.0082460000
2022-01-31,SWAPTION/RATE_NVOL/GBP/3M/7Y/Smile/-0.02,0.0089060000
2022-01-31,SWAPTION/RATE_NVOL/GBP/3M/7Y/Smile/0.0025,0.0086090000
2022-01-31,SWAPTION/RATE_NVOL/GBP/3M/7Y/Smile/0.005,0.0093980000
2022-01-31,SWAPTION/RATE_NVOL/GBP/3M/7Y/Smile/0.01,0.0111170000
2022-01-31,SWAPTION/RATE_NVOL/GBP/3M/7Y/Smile/0.015,0.0128780000
2022-01-31,SWAPTION/RATE_NVOL/GBP/3M/7Y/Smile/0.02,0.0146220000
2022-01-31,SWAPTION/RATE_NVOL/GBP/3M/8Y/ATM,0.0079700000
2022-01-31,SWAPTION/RATE_NVOL/GBP/3M/8Y/Smile/-0.0025,0.0074700000
2022-01-31,SWAPTION/RATE_NVOL/GBP/3M/8Y/Smile/-0.005,0.0072330000
2022-01-31,SWAPTION/RATE_NVOL/GBP/3M/8Y/Smile/-0.01,0.0074440000
2022-01-31,SWAPTION/RATE_NVOL/GBP/3M/8Y/Smile/-0.015,0.0080610000
2022-01-31,SWAPTION/RATE_NVOL/GBP/3M/8Y/Smile/-0.02,0.0086850000
2022-01-31,SWAPTION/RATE_NVOL/GBP/3M/8Y/Smile/0.0025,0.0086620000
2022-01-31,SWAPTION/RATE_NVOL/GBP/3M/8Y/Smile/0.005,0.0094610000
2022-01-31,SWAPTION/RATE_NVOL/GBP/3M/8Y/Smile/0.01,0.0111860000
2022-01-31,SWAPTION/RATE_NVOL/GBP/3M/8Y/Smile/0.015,0.0129430000
2022-01-31,SWAPTION/RATE_NVOL/GBP/3M/8Y/Smile/0.02,0.0146810000
2022-01-31,SWAPTION/RATE_NVOL/GBP/3M/9Y/ATM,0.0079700000
2022-01-31,SWAPTION/RATE_NVOL/GBP/3M/9Y/Smile/-0.0025,0.0074690000
2022-01-31,SWAPTION/RATE_NVOL/GBP/3M/9Y/Smile/-0.005,0.0072290000
2022-01-31,SWAPTION/RATE_NVOL/GBP/3M/9Y/Smile/-0.01,0.0074360000
2022-01-31,SWAPTION/RATE_NVOL/GBP/3M/9Y/Smile/-0.015,0.0080470000
2022-01-31,SWAPTION/RATE_NVOL/GBP/3M/9Y/Smile/-0.02,0.0086620000
2022-01-31,SWAPTION/RATE_NVOL/GBP/3M/9Y/Smile/0.0025,0.0086620000
2022-01-31,SWAPTION/RATE_NVOL/GBP/3M/9Y/Smile/0.005,0.0094620000
2022-01-31,SWAPTION/RATE_NVOL/GBP/3M/9Y/Smile/0.01,0.0111870000
2022-01-31,SWAPTION/RATE_NVOL/GBP/3M/9Y/Smile/0.015,0.0129430000
2022-01-31,SWAPTION/RATE_NVOL/GBP/3M/9Y/Smile/0.02,0.0146810000
2022-01-31,SWAPTION/RATE_NVOL/GBP/3Y/10Y/ATM,0.0075200000
2022-01-31,SWAPTION/RATE_NVOL/GBP/3Y/10Y/Smile/-0.0025,0.0072750000
2022-01-31,SWAPTION/RATE_NVOL/GBP/3Y/10Y/Smile/-0.005,0.0071290000
2022-01-31,SWAPTION/RATE_NVOL/GBP/3Y/10Y/Smile/-0.01,0.0070930000
2022-01-31,SWAPTION/RATE_NVOL/GBP/3Y/10Y/Smile/-0.015,0.0072410000
2022-01-31,SWAPTION/RATE_NVOL/GBP/3Y/10Y/Smile/-0.02,0.0073380000
2022-01-31,SWAPTION/RATE_NVOL/GBP/3Y/10Y/Smile/0.0025,0.0078540000
2022-01-31,SWAPTION/RATE_NVOL/GBP/3Y/10Y/Smile/0.005,0.0082590000
2022-01-31,SWAPTION/RATE_NVOL/GBP/3Y/10Y/Smile/0.01,0.0092070000
2022-01-31,SWAPTION/RATE_NVOL/GBP/3Y/10Y/Smile/0.015,0.0102480000
2022-01-31,SWAPTION/RATE_NVOL/GBP/3Y/10Y/Smile/0.02,0.0113250000
2022-01-31,SWAPTION/RATE_NVOL/GBP/3Y/15Y/ATM,0.0075200000
2022-01-31,SWAPTION/RATE_NVOL/GBP/3Y/15Y/Smile/-0.0025,0.0072770000
2022-01-31,SWAPTION/RATE_NVOL/GBP/3Y/15Y/Smile/-0.005,0.0071330000
2022-01-31,SWAPTION/RATE_NVOL/GBP/3Y/15Y/Smile/-0.01,0.0070980000
2022-01-31,SWAPTION/RATE_NVOL/GBP/3Y/15Y/Smile/-0.015,0.0072410000
2022-01-31,SWAPTION/RATE_NVOL/GBP/3Y/15Y/Smile/-0.02,0.0073140000
2022-01-31,SWAPTION/RATE_NVOL/GBP/3Y/15Y/Smile/0.0025,0.0078520000
2022-01-31,SWAPTION/RATE_NVOL/GBP/3Y/15Y/Smile/0.005,0.0082570000
2022-01-31,SWAPTION/RATE_NVOL/GBP/3Y/15Y/Smile/0.01,0.0092040000
2022-01-31,SWAPTION/RATE_NVOL/GBP/3Y/15Y/Smile/0.015,0.0102470000
2022-01-31,SWAPTION/RATE_NVOL/GBP/3Y/15Y/Smile/0.02,0.0113250000
2022-01-31,SWAPTION/RATE_NVOL/GBP/3Y/1Y/ATM,0.0086300000
2022-01-31,SWAPTION/RATE_NVOL/GBP/3Y/1Y/Smile/-0.0025,0.0083990000
2022-01-31,SWAPTION/RATE_NVOL/GBP/3Y/1Y/Smile/-0.005,0.0082610000
2022-01-31,SWAPTION/RATE_NVOL/GBP/3Y/1Y/Smile/-0.01,0.0082210000
2022-01-31,SWAPTION/RATE_NVOL/GBP/3Y/1Y/Smile/-0.015,0.0083410000
2022-01-31,SWAPTION/RATE_NVOL/GBP/3Y/1Y/Smile/-0.02,0.0083770000
2022-01-31,SWAPTION/RATE_NVOL/GBP/3Y/1Y/Smile/0.0025,0.0089500000
2022-01-31,SWAPTION/RATE_NVOL/GBP/3Y/1Y/Smile/0.005,0.0093450000
2022-01-31,SWAPTION/RATE_NVOL/GBP/3Y/1Y/Smile/0.01,0.0102930000
2022-01-31,SWAPTION/RATE_NVOL/GBP/3Y/1Y/Smile/0.015,0.0113610000
2022-01-31,SWAPTION/RATE_NVOL/GBP/3Y/1Y/Smile/0.02,0.0124810000
2022-01-31,SWAPTION/RATE_NVOL/GBP/3Y/20Y/ATM,0.0075400000
2022-01-31,SWAPTION/RATE_NVOL/GBP/3Y/20Y/Smile/-0.0025,0.0072960000
2022-01-31,SWAPTION/RATE_NVOL/GBP/3Y/20Y/Smile/-0.005,0.0071500000
2022-01-31,SWAPTION/RATE_NVOL/GBP/3Y/20Y/Smile/-0.01,0.0071090000
2022-01-31,SWAPTION/RATE_NVOL/GBP/3Y/20Y/Smile/-0.015,0.0072400000
2022-01-31,SWAPTION/RATE_NVOL/GBP/3Y/20Y/Smile/-0.02,0.0072800000
2022-01-31,SWAPTION/RATE_NVOL/GBP/3Y/20Y/Smile/0.0025,0.0078730000
2022-01-31,SWAPTION/RATE_NVOL/GBP/3Y/20Y/Smile/0.005,0.0082780000
2022-01-31,SWAPTION/RATE_NVOL/GBP/3Y/20Y/Smile/0.01,0.0092260000
2022-01-31,SWAPTION/RATE_NVOL/GBP/3Y/20Y/Smile/0.015,0.0102710000
2022-01-31,SWAPTION/RATE_NVOL/GBP/3Y/20Y/Smile/0.02,0.0113510000
2022-01-31,SWAPTION/RATE_NVOL/GBP/3Y/25Y/ATM,0.0075400000
2022-01-31,SWAPTION/RATE_NVOL/GBP/3Y/25Y/Smile/-0.0025,0.0073040000
2022-01-31,SWAPTION/RATE_NVOL/GBP/3Y/25Y/Smile/-0.005,0.0071660000
2022-01-31,SWAPTION/RATE_NVOL/GBP/3Y/25Y/Smile/-0.01,0.0071390000
2022-01-31,SWAPTION/RATE_NVOL/GBP/3Y/25Y/Smile/-0.015,0.0072730000
2022-01-31,SWAPTION/RATE_NVOL/GBP/3Y/25Y/Smile/-0.02,0.0072910000
2022-01-31,SWAPTION/RATE_NVOL/GBP/3Y/25Y/Smile/0.0025,0.0078670000
2022-01-31,SWAPTION/RATE_NVOL/GBP/3Y/25Y/Smile/0.005,0.0082690000
2022-01-31,SWAPTION/RATE_NVOL/GBP/3Y/25Y/Smile/0.01,0.0092150000
2022-01-31,SWAPTION/RATE_NVOL/GBP/3Y/25Y/Smile/0.015,0.0102610000
2022-01-31,SWAPTION/RATE_NVOL/GBP/3Y/25Y/Smile/0.02,0.0113450000
2022-01-31,SWAPTION/RATE_NVOL/GBP/3Y/2Y/ATM,0.0086000000
2022-01-31,SWAPTION/RATE_NVOL/GBP/3Y/2Y/Smile/-0.0025,0.0083580000
2022-01-31,SWAPTION/RATE_NVOL/GBP/3Y/2Y/Smile/-0.005,0.0082080000
2022-01-31,SWAPTION/RATE_NVOL/GBP/3Y/2Y/Smile/-0.01,0.0081480000
2022-01-31,SWAPTION/RATE_NVOL/GBP/3Y/2Y/Smile/-0.015,0.0082740000
2022-01-31,SWAPTION/RATE_NVOL/GBP/3Y/2Y/Smile/-0.02,0.0083760000
2022-01-31,SWAPTION/RATE_NVOL/GBP/3Y/2Y/Smile/0.0025,0.0089280000
2022-01-31,SWAPTION/RATE_NVOL/GBP/3Y/2Y/Smile/0.005,0.0093270000
2022-01-31,SWAPTION/RATE_NVOL/GBP/3Y/2Y/Smile/0.01,0.0102730000
2022-01-31,SWAPTION/RATE_NVOL/GBP/3Y/2Y/Smile/0.015,0.0113310000
2022-01-31,SWAPTION/RATE_NVOL/GBP/3Y/2Y/Smile/0.02,0.0124370000
2022-01-31,SWAPTION/RATE_NVOL/GBP/3Y/30Y/ATM,0.0075400000
2022-01-31,SWAPTION/RATE_NVOL/GBP/3Y/30Y/Smile/-0.0025,0.0073060000
2022-01-31,SWAPTION/RATE_NVOL/GBP/3Y/30Y/Smile/-0.005,0.0071710000
2022-01-31,SWAPTION/RATE_NVOL/GBP/3Y/30Y/Smile/-0.01,0.0071480000
2022-01-31,SWAPTION/RATE_NVOL/GBP/3Y/30Y/Smile/-0.015,0.0072800000
2022-01-31,SWAPTION/RATE_NVOL/GBP/3Y/30Y/Smile/-0.02,0.0072650000
2022-01-31,SWAPTION/RATE_NVOL/GBP/3Y/30Y/Smile/0.0025,0.0078670000
2022-01-31,SWAPTION/RATE_NVOL/GBP/3Y/30Y/Smile/0.005,0.0082690000
2022-01-31,SWAPTION/RATE_NVOL/GBP/3Y/30Y/Smile/0.01,0.0092190000
2022-01-31,SWAPTION/RATE_NVOL/GBP/3Y/30Y/Smile/0.015,0.0102710000
2022-01-31,SWAPTION/RATE_NVOL/GBP/3Y/30Y/Smile/0.02,0.0113610000
2022-01-31,SWAPTION/RATE_NVOL/GBP/3Y/3Y/ATM,0.0084600000
2022-01-31,SWAPTION/RATE_NVOL/GBP/3Y/3Y/Smile/-0.0025,0.0082260000
2022-01-31,SWAPTION/RATE_NVOL/GBP/3Y/3Y/Smile/-0.005,0.0080860000
2022-01-31,SWAPTION/RATE_NVOL/GBP/3Y/3Y/Smile/-0.01,0.0080460000
2022-01-31,SWAPTION/RATE_NVOL/GBP/3Y/3Y/Smile/-0.015,0.0081810000
2022-01-31,SWAPTION/RATE_NVOL/GBP/3Y/3Y/Smile/-0.02,0.0082700000
2022-01-31,SWAPTION/RATE_NVOL/GBP/3Y/3Y/Smile/0.0025,0.0087820000
2022-01-31,SWAPTION/RATE_NVOL/GBP/3Y/3Y/Smile/0.005,0.0091770000
2022-01-31,SWAPTION/RATE_NVOL/GBP/3Y/3Y/Smile/0.01,0.0101190000
2022-01-31,SWAPTION/RATE_NVOL/GBP/3Y/3Y/Smile/0.015,0.0111750000
2022-01-31,SWAPTION/RATE_NVOL/GBP/3Y/3Y/Smile/0.02,0.0122810000
2022-01-31,SWAPTION/RATE_NVOL/GBP/3Y/4Y/ATM,0.0082600000
2022-01-31,SWAPTION/RATE_NVOL/GBP/3Y/4Y/Smile/-0.0025,0.0080250000
2022-01-31,SWAPTION/RATE_NVOL/GBP/3Y/4Y/Smile/-0.005,0.0078850000
2022-01-31,SWAPTION/RATE_NVOL/GBP/3Y/4Y/Smile/-0.01,0.0078470000
2022-01-31,SWAPTION/RATE_NVOL/GBP/3Y/4Y/Smile/-0.015,0.0079810000
2022-01-31,SWAPTION/RATE_NVOL/GBP/3Y/4Y/Smile/-0.02,0.0080550000
2022-01-31,SWAPTION/RATE_NVOL/GBP/3Y/4Y/Smile/0.0025,0.0085830000
2022-01-31,SWAPTION/RATE_NVOL/GBP/3Y/4Y/Smile/0.005,0.0089800000
2022-01-31,SWAPTION/RATE_NVOL/GBP/3Y/4Y/Smile/0.01,0.0099250000
2022-01-31,SWAPTION/RATE_NVOL/GBP/3Y/4Y/Smile/0.015,0.0109800000
2022-01-31,SWAPTION/RATE_NVOL/GBP/3Y/4Y/Smile/0.02,0.0120830000
2022-01-31,SWAPTION/RATE_NVOL/GBP/3Y/5Y/ATM,0.0080700000
2022-01-31,SWAPTION/RATE_NVOL/GBP/3Y/5Y/Smile/-0.0025,0.0078340000
2022-01-31,SWAPTION/RATE_NVOL/GBP/3Y/5Y/Smile/-0.005,0.0076930000
2022-01-31,SWAPTION/RATE_NVOL/GBP/3Y/5Y/Smile/-0.01,0.0076550000
2022-01-31,SWAPTION/RATE_NVOL/GBP/3Y/5Y/Smile/-0.015,0.0077910000
2022-01-31,SWAPTION/RATE_NVOL/GBP/3Y/5Y/Smile/-0.02,0.0078660000
2022-01-31,SWAPTION/RATE_NVOL/GBP/3Y/5Y/Smile/0.0025,0.0083950000
2022-01-31,SWAPTION/RATE_NVOL/GBP/3Y/5Y/Smile/0.005,0.0087920000
2022-01-31,SWAPTION/RATE_NVOL/GBP/3Y/5Y/Smile/0.01,0.0097350000
2022-01-31,SWAPTION/RATE_NVOL/GBP/3Y/5Y/Smile/0.015,0.0107840000
2022-01-31,SWAPTION/RATE_NVOL/GBP/3Y/5Y/Smile/0.02,0.0118780000
2022-01-31,SWAPTION/RATE_NVOL/GBP/3Y/6Y/ATM,0.0079500000
2022-01-31,SWAPTION/RATE_NVOL/GBP/3Y/6Y/Smile/-0.0025,0.0077060000
2022-01-31,SWAPTION/RATE_NVOL/GBP/3Y/6Y/Smile/-0.005,0.0075570000
2022-01-31,SWAPTION/RATE_NVOL/GBP/3Y/6Y/Smile/-0.01,0.0075050000
2022-01-31,SWAPTION/RATE_NVOL/GBP/3Y/6Y/Smile/-0.015,0.0076330000
2022-01-31,SWAPTION/RATE_NVOL/GBP/3Y/6Y/Smile/-0.02,0.0077050000
2022-01-31,SWAPTION/RATE_NVOL/GBP/3Y/6Y/Smile/0.0025,0.0082820000
2022-01-31,SWAPTION/RATE_NVOL/GBP/3Y/6Y/Smile/0.005,0.0086840000
2022-01-31,SWAPTION/RATE_NVOL/GBP/3Y/6Y/Smile/0.01,0.0096320000
2022-01-31,SWAPTION/RATE_NVOL/GBP/3Y/6Y/Smile/0.015,0.0106810000
2022-01-31,SWAPTION/RATE_NVOL/GBP/3Y/6Y/Smile/0.02,0.0117700000
2022-01-31,SWAPTION/RATE_NVOL/GBP/3Y/7Y/ATM,0.0078300000
2022-01-31,SWAPTION/RATE_NVOL/GBP/3Y/7Y/Smile/-0.0025,0.0075890000
2022-01-31,SWAPTION/RATE_NVOL/GBP/3Y/7Y/Smile/-0.005,0.0074450000
2022-01-31,SWAPTION/RATE_NVOL/GBP/3Y/7Y/Smile/-0.01,0.0074080000
2022-01-31,SWAPTION/RATE_NVOL/GBP/3Y/7Y/Smile/-0.015,0.0075510000
2022-01-31,SWAPTION/RATE_NVOL/GBP/3Y/7Y/Smile/-0.02,0.0076380000
2022-01-31,SWAPTION/RATE_NVOL/GBP/3Y/7Y/Smile/0.0025,0.0081600000
2022-01-31,SWAPTION/RATE_NVOL/GBP/3Y/7Y/Smile/0.005,0.0085620000
2022-01-31,SWAPTION/RATE_NVOL/GBP/3Y/7Y/Smile/0.01,0.0095110000
2022-01-31,SWAPTION/RATE_NVOL/GBP/3Y/7Y/Smile/0.015,0.0105600000
2022-01-31,SWAPTION/RATE_NVOL/GBP/3Y/7Y/Smile/0.02,0.0116490000
2022-01-31,SWAPTION/RATE_NVOL/GBP/3Y/8Y/ATM,0.0077300000
2022-01-31,SWAPTION/RATE_NVOL/GBP/3Y/8Y/Smile/-0.0025,0.0074880000
2022-01-31,SWAPTION/RATE_NVOL/GBP/3Y/8Y/Smile/-0.005,0.0073440000
2022-01-31,SWAPTION/RATE_NVOL/GBP/3Y/8Y/Smile/-0.01,0.0073070000
2022-01-31,SWAPTION/RATE_NVOL/GBP/3Y/8Y/Smile/-0.015,0.0074510000
2022-01-31,SWAPTION/RATE_NVOL/GBP/3Y/8Y/Smile/-0.02,0.0075410000
2022-01-31,SWAPTION/RATE_NVOL/GBP/3Y/8Y/Smile/0.0025,0.0080610000
2022-01-31,SWAPTION/RATE_NVOL/GBP/3Y/8Y/Smile/0.005,0.0084640000
2022-01-31,SWAPTION/RATE_NVOL/GBP/3Y/8Y/Smile/0.01,0.0094110000
2022-01-31,SWAPTION/RATE_NVOL/GBP/3Y/8Y/Smile/0.015,0.0104570000
2022-01-31,SWAPTION/RATE_NVOL/GBP/3Y/8Y/Smile/0.02,0.0115420000
2022-01-31,SWAPTION/RATE_NVOL/GBP/3Y/9Y/ATM,0.0076200000
2022-01-31,SWAPTION/RATE_NVOL/GBP/3Y/9Y/Smile/-0.0025,0.0073770000
2022-01-31,SWAPTION/RATE_NVOL/GBP/3Y/9Y/Smile/-0.005,0.0072310000
2022-01-31,SWAPTION/RATE_NVOL/GBP/3Y/9Y/Smile/-0.01,0.0071950000
2022-01-31,SWAPTION/RATE_NVOL/GBP/3Y/9Y/Smile/-0.015,0.0073410000
2022-01-31,SWAPTION/RATE_NVOL/GBP/3Y/9Y/Smile/-0.02,0.0074350000
2022-01-31,SWAPTION/RATE_NVOL/GBP/3Y/9Y/Smile/0.0025,0.0079520000
2022-01-31,SWAPTION/RATE_NVOL/GBP/3Y/9Y/Smile/0.005,0.0083560000
2022-01-31,SWAPTION/RATE_NVOL/GBP/3Y/9Y/Smile/0.01,0.0093030000
2022-01-31,SWAPTION/RATE_NVOL/GBP/3Y/9Y/Smile/0.015,0.0103460000
2022-01-31,SWAPTION/RATE_NVOL/GBP/3Y/9Y/Smile/0.02,0.0114250000
2022-01-31,SWAPTION/RATE_NVOL/GBP/4Y/10Y/ATM,0.0073200000
2022-01-31,SWAPTION/RATE_NVOL/GBP/4Y/10Y/Smile/-0.0025,0.0071760000
2022-01-31,SWAPTION/RATE_NVOL/GBP/4Y/10Y/Smile/-0.005,0.0071050000
2022-01-31,SWAPTION/RATE_NVOL/GBP/4Y/10Y/Smile/-0.01,0.0071300000
2022-01-31,SWAPTION/RATE_NVOL/GBP/4Y/10Y/Smile/-0.015,0.0072480000
2022-01-31,SWAPTION/RATE_NVOL/GBP/4Y/10Y/Smile/-0.02,0.0072440000
2022-01-31,SWAPTION/RATE_NVOL/GBP/4Y/10Y/Smile/0.0025,0.0075380000
2022-01-31,SWAPTION/RATE_NVOL/GBP/4Y/10Y/Smile/0.005,0.0078230000
2022-01-31,SWAPTION/RATE_NVOL/GBP/4Y/10Y/Smile/0.01,0.0085430000
2022-01-31,SWAPTION/RATE_NVOL/GBP/4Y/10Y/Smile/0.015,0.0093850000
2022-01-31,SWAPTION/RATE_NVOL/GBP/4Y/10Y/Smile/0.02,0.0102850000
2022-01-31,SWAPTION/RATE_NVOL/GBP/4Y/15Y/ATM,0.0073000000
2022-01-31,SWAPTION/RATE_NVOL/GBP/4Y/15Y/Smile/-0.0025,0.0071610000
2022-01-31,SWAPTION/RATE_NVOL/GBP/4Y/15Y/Smile/-0.005,0.0070950000
2022-01-31,SWAPTION/RATE_NVOL/GBP/4Y/15Y/Smile/-0.01,0.0071300000
2022-01-31,SWAPTION/RATE_NVOL/GBP/4Y/15Y/Smile/-0.015,0.0072490000
2022-01-31,SWAPTION/RATE_NVOL/GBP/4Y/15Y/Smile/-0.02,0.0072240000
2022-01-31,SWAPTION/RATE_NVOL/GBP/4Y/15Y/Smile/0.0025,0.0075150000
2022-01-31,SWAPTION/RATE_NVOL/GBP/4Y/15Y/Smile/0.005,0.0077980000
2022-01-31,SWAPTION/RATE_NVOL/GBP/4Y/15Y/Smile/0.01,0.0085180000
2022-01-31,SWAPTION/RATE_NVOL/GBP/4Y/15Y/Smile/0.015,0.0093630000
2022-01-31,SWAPTION/RATE_NVOL/GBP/4Y/15Y/Smile/0.02,0.0102680000
2022-01-31,SWAPTION/RATE_NVOL/GBP/4Y/1Y/ATM,0.0084400000
2022-01-31,SWAPTION/RATE_NVOL/GBP/4Y/1Y/Smile/-0.0025,0.0083300000
2022-01-31,SWAPTION/RATE_NVOL/GBP/4Y/1Y/Smile/-0.005,0.0082920000
2022-01-31,SWAPTION/RATE_NVOL/GBP/4Y/1Y/Smile/-0.01,0.0083640000
2022-01-31,SWAPTION/RATE_NVOL/GBP/4Y/1Y/Smile/-0.015,0.0084790000
2022-01-31,SWAPTION/RATE_NVOL/GBP/4Y/1Y/Smile/-0.02,0.0083380000
2022-01-31,SWAPTION/RATE_NVOL/GBP/4Y/1Y/Smile/0.0025,0.0086300000
2022-01-31,SWAPTION/RATE_NVOL/GBP/4Y/1Y/Smile/0.005,0.0088980000
2022-01-31,SWAPTION/RATE_NVOL/GBP/4Y/1Y/Smile/0.01,0.0096200000
2022-01-31,SWAPTION/RATE_NVOL/GBP/4Y/1Y/Smile/0.015,0.0105050000
2022-01-31,SWAPTION/RATE_NVOL/GBP/4Y/1Y/Smile/0.02,0.0114760000
2022-01-31,SWAPTION/RATE_NVOL/GBP/4Y/20Y/ATM,0.0072700000
2022-01-31,SWAPTION/RATE_NVOL/GBP/4Y/20Y/Smile/-0.0025,0.0071330000
2022-01-31,SWAPTION/RATE_NVOL/GBP/4Y/20Y/Smile/-0.005,0.0070690000
2022-01-31,SWAPTION/RATE_NVOL/GBP/4Y/20Y/Smile/-0.01,0.0071060000
2022-01-31,SWAPTION/RATE_NVOL/GBP/4Y/20Y/Smile/-0.015,0.0072210000
2022-01-31,SWAPTION/RATE_NVOL/GBP/4Y/20Y/Smile/-0.02,0.0071660000
2022-01-31,SWAPTION/RATE_NVOL/GBP/4Y/20Y/Smile/0.0025,0.0074840000
2022-01-31,SWAPTION/RATE_NVOL/GBP/4Y/20Y/Smile/0.005,0.0077670000
2022-01-31,SWAPTION/RATE_NVOL/GBP/4Y/20Y/Smile/0.01,0.0084880000
2022-01-31,SWAPTION/RATE_NVOL/GBP/4Y/20Y/Smile/0.015,0.0093350000
2022-01-31,SWAPTION/RATE_NVOL/GBP/4Y/20Y/Smile/0.02,0.0102420000
2022-01-31,SWAPTION/RATE_NVOL/GBP/4Y/25Y/ATM,0.0072300000
2022-01-31,SWAPTION/RATE_NVOL/GBP/4Y/25Y/Smile/-0.0025,0.0070970000
2022-01-31,SWAPTION/RATE_NVOL/GBP/4Y/25Y/Smile/-0.005,0.0070380000
2022-01-31,SWAPTION/RATE_NVOL/GBP/4Y/25Y/Smile/-0.01,0.0070830000
2022-01-31,SWAPTION/RATE_NVOL/GBP/4Y/25Y/Smile/-0.015,0.0071990000
2022-01-31,SWAPTION/RATE_NVOL/GBP/4Y/25Y/Smile/-0.02,0.0071190000
2022-01-31,SWAPTION/RATE_NVOL/GBP/4Y/25Y/Smile/0.0025,0.0074410000
2022-01-31,SWAPTION/RATE_NVOL/GBP/4Y/25Y/Smile/0.005,0.0077230000
2022-01-31,SWAPTION/RATE_NVOL/GBP/4Y/25Y/Smile/0.01,0.0084450000
2022-01-31,SWAPTION/RATE_NVOL/GBP/4Y/25Y/Smile/0.015,0.0092950000
2022-01-31,SWAPTION/RATE_NVOL/GBP/4Y/25Y/Smile/0.02,0.0102060000
2022-01-31,SWAPTION/RATE_NVOL/GBP/4Y/2Y/ATM,0.0084000000
2022-01-31,SWAPTION/RATE_NVOL/GBP/4Y/2Y/Smile/-0.0025,0.0082640000
2022-01-31,SWAPTION/RATE_NVOL/GBP/4Y/2Y/Smile/-0.005,0.0081970000
2022-01-31,SWAPTION/RATE_NVOL/GBP/4Y/2Y/Smile/-0.01,0.0082190000
2022-01-31,SWAPTION/RATE_NVOL/GBP/4Y/2Y/Smile/-0.015,0.0083240000
2022-01-31,SWAPTION/RATE_NVOL/GBP/4Y/2Y/Smile/-0.02,0.0082980000
2022-01-31,SWAPTION/RATE_NVOL/GBP/4Y/2Y/Smile/0.0025,0.0086090000
2022-01-31,SWAPTION/RATE_NVOL/GBP/4Y/2Y/Smile/0.005,0.0088870000
2022-01-31,SWAPTION/RATE_NVOL/GBP/4Y/2Y/Smile/0.01,0.0096050000
2022-01-31,SWAPTION/RATE_NVOL/GBP/4Y/2Y/Smile/0.015,0.0104650000
2022-01-31,SWAPTION/RATE_NVOL/GBP/4Y/2Y/Smile/0.02,0.0114000000
2022-01-31,SWAPTION/RATE_NVOL/GBP/4Y/30Y/ATM,0.0072100000
2022-01-31,SWAPTION/RATE_NVOL/GBP/4Y/30Y/Smile/-0.0025,0.0070730000
2022-01-31,SWAPTION/RATE_NVOL/GBP/4Y/30Y/Smile/-0.005,0.0070090000
2022-01-31,SWAPTION/RATE_NVOL/GBP/4Y/30Y/Smile/-0.01,0.0070410000
2022-01-31,SWAPTION/RATE_NVOL/GBP/4Y/30Y/Smile/-0.015,0.0071370000
2022-01-31,SWAPTION/RATE_NVOL/GBP/4Y/30Y/Smile/-0.02,0.0070030000
2022-01-31,SWAPTION/RATE_NVOL/GBP/4Y/30Y/Smile/0.0025,0.0074230000
2022-01-31,SWAPTION/RATE_NVOL/GBP/4Y/30Y/Smile/0.005,0.0077060000
2022-01-31,SWAPTION/RATE_NVOL/GBP/4Y/30Y/Smile/0.01,0.0084270000
2022-01-31,SWAPTION/RATE_NVOL/GBP/4Y/30Y/Smile/0.015,0.0092750000
2022-01-31,SWAPTION/RATE_NVOL/GBP/4Y/30Y/Smile/0.02,0.0101830000
2022-01-31,SWAPTION/RATE_NVOL/GBP/4Y/3Y/ATM,0.0082600000
2022-01-31,SWAPTION/RATE_NVOL/GBP/4Y/3Y/Smile/-0.0025,0.0081250000
2022-01-31,SWAPTION/RATE_NVOL/GBP/4Y/3Y/Smile/-0.005,0.0080600000
2022-01-31,SWAPTION/RATE_NVOL/GBP/4Y/3Y/Smile/-0.01,0.0080850000
2022-01-31,SWAPTION/RATE_NVOL/GBP/4Y/3Y/Smile/-0.015,0.0081850000
2022-01-31,SWAPTION/RATE_NVOL/GBP/4Y/3Y/Smile/-0.02,0.0081290000
2022-01-31,SWAPTION/RATE_NVOL/GBP/4Y/3Y/Smile/0.0025,0.0084680000
2022-01-31,SWAPTION/RATE_NVOL/GBP/4Y/3Y/Smile/0.005,0.0087460000
2022-01-31,SWAPTION/RATE_NVOL/GBP/4Y/3Y/Smile/0.01,0.0094640000
2022-01-31,SWAPTION/RATE_NVOL/GBP/4Y/3Y/Smile/0.015,0.0103250000
2022-01-31,SWAPTION/RATE_NVOL/GBP/4Y/3Y/Smile/0.02,0.0112600000
2022-01-31,SWAPTION/RATE_NVOL/GBP/4Y/4Y/ATM,0.0080700000
2022-01-31,SWAPTION/RATE_NVOL/GBP/4Y/4Y/Smile/-0.0025,0.0079370000
2022-01-31,SWAPTION/RATE_NVOL/GBP/4Y/4Y/Smile/-0.005,0.0078740000
2022-01-31,SWAPTION/RATE_NVOL/GBP/4Y/4Y/Smile/-0.01,0.0079070000
2022-01-31,SWAPTION/RATE_NVOL/GBP/4Y/4Y/Smile/-0.015,0.0080170000
2022-01-31,SWAPTION/RATE_NVOL/GBP/4Y/4Y/Smile/-0.02,0.0079740000
2022-01-31,SWAPTION/RATE_NVOL/GBP/4Y/4Y/Smile/0.0025,0.0082780000
2022-01-31,SWAPTION/RATE_NVOL/GBP/4Y/4Y/Smile/0.005,0.0085560000
2022-01-31,SWAPTION/RATE_NVOL/GBP/4Y/4Y/Smile/0.01,0.0092750000
2022-01-31,SWAPTION/RATE_NVOL/GBP/4Y/4Y/Smile/0.015,0.0101350000
2022-01-31,SWAPTION/RATE_NVOL/GBP/4Y/4Y/Smile/0.02,0.0110670000
2022-01-31,SWAPTION/RATE_NVOL/GBP/4Y/5Y/ATM,0.0078500000
2022-01-31,SWAPTION/RATE_NVOL/GBP/4Y/5Y/Smile/-0.0025,0.0077140000
2022-01-31,SWAPTION/RATE_NVOL/GBP/4Y/5Y/Smile/-0.005,0.0076490000
2022-01-31,SWAPTION/RATE_NVOL/GBP/4Y/5Y/Smile/-0.01,0.0076800000
2022-01-31,SWAPTION/RATE_NVOL/GBP/4Y/5Y/Smile/-0.015,0.0077930000
2022-01-31,SWAPTION/RATE_NVOL/GBP/4Y/5Y/Smile/-0.02,0.0077610000
2022-01-31,SWAPTION/RATE_NVOL/GBP/4Y/5Y/Smile/0.0025,0.0080610000
2022-01-31,SWAPTION/RATE_NVOL/GBP/4Y/5Y/Smile/0.005,0.0083410000
2022-01-31,SWAPTION/RATE_NVOL/GBP/4Y/5Y/Smile/0.01,0.0090610000
2022-01-31,SWAPTION/RATE_NVOL/GBP/4Y/5Y/Smile/0.015,0.0099150000
2022-01-31,SWAPTION/RATE_NVOL/GBP/4Y/5Y/Smile/0.02,0.0108380000
2022-01-31,SWAPTION/RATE_NVOL/GBP/4Y/6Y/ATM,0.0077200000
2022-01-31,SWAPTION/RATE_NVOL/GBP/4Y/6Y/Smile/-0.0025,0.0075820000
2022-01-31,SWAPTION/RATE_NVOL/GBP/4Y/6Y/Smile/-0.005,0.0075170000
2022-01-31,SWAPTION/RATE_NVOL/GBP/4Y/6Y/Smile/-0.01,0.0075480000
2022-01-31,SWAPTION/RATE_NVOL/GBP/4Y/6Y/Smile/-0.015,0.0076640000
2022-01-31,SWAPTION/RATE_NVOL/GBP/4Y/6Y/Smile/-0.02,0.0076440000
2022-01-31,SWAPTION/RATE_NVOL/GBP/4Y/6Y/Smile/0.0025,0.0079320000
2022-01-31,SWAPTION/RATE_NVOL/GBP/4Y/6Y/Smile/0.005,0.0082130000
2022-01-31,SWAPTION/RATE_NVOL/GBP/4Y/6Y/Smile/0.01,0.0089330000
2022-01-31,SWAPTION/RATE_NVOL/GBP/4Y/6Y/Smile/0.015,0.0097840000
2022-01-31,SWAPTION/RATE_NVOL/GBP/4Y/6Y/Smile/0.02,0.0107010000
2022-01-31,SWAPTION/RATE_NVOL/GBP/4Y/7Y/ATM,0.0076100000
2022-01-31,SWAPTION/RATE_NVOL/GBP/4Y/7Y/Smile/-0.0025,0.0074690000
2022-01-31,SWAPTION/RATE_NVOL/GBP/4Y/7Y/Smile/-0.005,0.0074000000
2022-01-31,SWAPTION/RATE_NVOL/GBP/4Y/7Y/Smile/-0.01,0.0074280000
2022-01-31,SWAPTION/RATE_NVOL/GBP/4Y/7Y/Smile/-0.015,0.0075450000
2022-01-31,SWAPTION/RATE_NVOL/GBP/4Y/7Y/Smile/-0.02,0.0075340000
2022-01-31,SWAPTION/RATE_NVOL/GBP/4Y/7Y/Smile/0.0025,0.0078260000
2022-01-31,SWAPTION/RATE_NVOL/GBP/4Y/7Y/Smile/0.005,0.0081100000
2022-01-31,SWAPTION/RATE_NVOL/GBP/4Y/7Y/Smile/0.01,0.0088340000
2022-01-31,SWAPTION/RATE_NVOL/GBP/4Y/7Y/Smile/0.015,0.0096860000
2022-01-31,SWAPTION/RATE_NVOL/GBP/4Y/7Y/Smile/0.02,0.0106000000
2022-01-31,SWAPTION/RATE_NVOL/GBP/4Y/8Y/ATM,0.0075200000
2022-01-31,SWAPTION/RATE_NVOL/GBP/4Y/8Y/Smile/-0.0025,0.0073780000
2022-01-31,SWAPTION/RATE_NVOL/GBP/4Y/8Y/Smile/-0.005,0.0073090000
2022-01-31,SWAPTION/RATE_NVOL/GBP/4Y/8Y/Smile/-0.01,0.0073360000
2022-01-31,SWAPTION/RATE_NVOL/GBP/4Y/8Y/Smile/-0.015,0.0074520000
2022-01-31,SWAPTION/RATE_NVOL/GBP/4Y/8Y/Smile/-0.02,0.0074440000
2022-01-31,SWAPTION/RATE_NVOL/GBP/4Y/8Y/Smile/0.0025,0.0077360000
2022-01-31,SWAPTION/RATE_NVOL/GBP/4Y/8Y/Smile/0.005,0.0080190000
2022-01-31,SWAPTION/RATE_NVOL/GBP/4Y/8Y/Smile/0.01,0.0087390000
2022-01-31,SWAPTION/RATE_NVOL/GBP/4Y/8Y/Smile/0.015,0.0095850000
2022-01-31,SWAPTION/RATE_NVOL/GBP/4Y/8Y/Smile/0.02,0.0104930000
2022-01-31,SWAPTION/RATE_NVOL/GBP/4Y/9Y/ATM,0.0074200000
2022-01-31,SWAPTION/RATE_NVOL/GBP/4Y/9Y/Smile/-0.0025,0.0072770000
2022-01-31,SWAPTION/RATE_NVOL/GBP/4Y/9Y/Smile/-0.005,0.0072060000
2022-01-31,SWAPTION/RATE_NVOL/GBP/4Y/9Y/Smile/-0.01,0.0072320000
2022-01-31,SWAPTION/RATE_NVOL/GBP/4Y/9Y/Smile/-0.015,0.0073490000
2022-01-31,SWAPTION/RATE_NVOL/GBP/4Y/9Y/Smile/-0.02,0.0073420000
2022-01-31,SWAPTION/RATE_NVOL/GBP/4Y/9Y/Smile/0.0025,0.0076370000
2022-01-31,SWAPTION/RATE_NVOL/GBP/4Y/9Y/Smile/0.005,0.0079210000
2022-01-31,SWAPTION/RATE_NVOL/GBP/4Y/9Y/Smile/0.01,0.0086420000
2022-01-31,SWAPTION/RATE_NVOL/GBP/4Y/9Y/Smile/0.015,0.0094850000
2022-01-31,SWAPTION/RATE_NVOL/GBP/4Y/9Y/Smile/0.02,0.0103890000
2022-01-31,SWAPTION/RATE_NVOL/GBP/5Y/10Y/ATM,0.0071600000
2022-01-31,SWAPTION/RATE_NVOL/GBP/5Y/10Y/Smile/-0.0025,0.0070060000
2022-01-31,SWAPTION/RATE_NVOL/GBP/5Y/10Y/Smile/-0.005,0.0069080000
2022-01-31,SWAPTION/RATE_NVOL/GBP/5Y/10Y/Smile/-0.01,0.0068460000
2022-01-31,SWAPTION/RATE_NVOL/GBP/5Y/10Y/Smile/-0.015,0.0068600000
2022-01-31,SWAPTION/RATE_NVOL/GBP/5Y/10Y/Smile/-0.02,0.0067450000
2022-01-31,SWAPTION/RATE_NVOL/GBP/5Y/10Y/Smile/0.0025,0.0073710000
2022-01-31,SWAPTION/RATE_NVOL/GBP/5Y/10Y/Smile/0.005,0.0076330000
2022-01-31,SWAPTION/RATE_NVOL/GBP/5Y/10Y/Smile/0.01,0.0082770000
2022-01-31,SWAPTION/RATE_NVOL/GBP/5Y/10Y/Smile/0.015,0.0090250000
2022-01-31,SWAPTION/RATE_NVOL/GBP/5Y/10Y/Smile/0.02,0.0098260000
2022-01-31,SWAPTION/RATE_NVOL/GBP/5Y/15Y/ATM,0.0071000000
2022-01-31,SWAPTION/RATE_NVOL/GBP/5Y/15Y/Smile/-0.0025,0.0069480000
2022-01-31,SWAPTION/RATE_NVOL/GBP/5Y/15Y/Smile/-0.005,0.0068530000
2022-01-31,SWAPTION/RATE_NVOL/GBP/5Y/15Y/Smile/-0.01,0.0067970000
2022-01-31,SWAPTION/RATE_NVOL/GBP/5Y/15Y/Smile/-0.015,0.0068100000
2022-01-31,SWAPTION/RATE_NVOL/GBP/5Y/15Y/Smile/-0.02,0.0066740000
2022-01-31,SWAPTION/RATE_NVOL/GBP/5Y/15Y/Smile/0.0025,0.0073090000
2022-01-31,SWAPTION/RATE_NVOL/GBP/5Y/15Y/Smile/0.005,0.0075710000
2022-01-31,SWAPTION/RATE_NVOL/GBP/5Y/15Y/Smile/0.01,0.0082150000
2022-01-31,SWAPTION/RATE_NVOL/GBP/5Y/15Y/Smile/0.015,0.0089650000
2022-01-31,SWAPTION/RATE_NVOL/GBP/5Y/15Y/Smile/0.02,0.0097680000
2022-01-31,SWAPTION/RATE_NVOL/GBP/5Y/1Y/ATM,0.0082100000
2022-01-31,SWAPTION/RATE_NVOL/GBP/5Y/1Y/Smile/-0.0025,0.0080750000
2022-01-31,SWAPTION/RATE_NVOL/GBP/5Y/1Y/Smile/-0.005,0.0079940000
2022-01-31,SWAPTION/RATE_NVOL/GBP/5Y/1Y/Smile/-0.01,0.0079430000
2022-01-31,SWAPTION/RATE_NVOL/GBP/5Y/1Y/Smile/-0.015,0.0079050000
2022-01-31,SWAPTION/RATE_NVOL/GBP/5Y/1Y/Smile/-0.02,0.0075230000
2022-01-31,SWAPTION/RATE_NVOL/GBP/5Y/1Y/Smile/0.0025,0.0084050000
2022-01-31,SWAPTION/RATE_NVOL/GBP/5Y/1Y/Smile/0.005,0.0086580000
2022-01-31,SWAPTION/RATE_NVOL/GBP/5Y/1Y/Smile/0.01,0.0093100000
2022-01-31,SWAPTION/RATE_NVOL/GBP/5Y/1Y/Smile/0.015,0.0100960000
2022-01-31,SWAPTION/RATE_NVOL/GBP/5Y/1Y/Smile/0.02,0.0109580000
2022-01-31,SWAPTION/RATE_NVOL/GBP/5Y/20Y/ATM,0.0070300000
2022-01-31,SWAPTION/RATE_NVOL/GBP/5Y/20Y/Smile/-0.0025,0.0068780000
2022-01-31,SWAPTION/RATE_NVOL/GBP/5Y/20Y/Smile/-0.005,0.0067830000
2022-01-31,SWAPTION/RATE_NVOL/GBP/5Y/20Y/Smile/-0.01,0.0067250000
2022-01-31,SWAPTION/RATE_NVOL/GBP/5Y/20Y/Smile/-0.015,0.0067320000
2022-01-31,SWAPTION/RATE_NVOL/GBP/5Y/20Y/Smile/-0.02,0.0065670000
2022-01-31,SWAPTION/RATE_NVOL/GBP/5Y/20Y/Smile/0.0025,0.0072390000
2022-01-31,SWAPTION/RATE_NVOL/GBP/5Y/20Y/Smile/0.005,0.0075010000
2022-01-31,SWAPTION/RATE_NVOL/GBP/5Y/20Y/Smile/0.01,0.0081460000
2022-01-31,SWAPTION/RATE_NVOL/GBP/5Y/20Y/Smile/0.015,0.0088950000
2022-01-31,SWAPTION/RATE_NVOL/GBP/5Y/20Y/Smile/0.02,0.0096970000
2022-01-31,SWAPTION/RATE_NVOL/GBP/5Y/25Y/ATM,0.0069400000
2022-01-31,SWAPTION/RATE_NVOL/GBP/5Y/25Y/Smile/-0.0025,0.0067880000
2022-01-31,SWAPTION/RATE_NVOL/GBP/5Y/25Y/Smile/-0.005,0.0066940000
2022-01-31,SWAPTION/RATE_NVOL/GBP/5Y/25Y/Smile/-0.01,0.0066350000
2022-01-31,SWAPTION/RATE_NVOL/GBP/5Y/25Y/Smile/-0.015,0.0066370000
2022-01-31,SWAPTION/RATE_NVOL/GBP/5Y/25Y/Smile/-0.02,0.0064470000
2022-01-31,SWAPTION/RATE_NVOL/GBP/5Y/25Y/Smile/0.0025,0.0071490000
2022-01-31,SWAPTION/RATE_NVOL/GBP/5Y/25Y/Smile/0.005,0.0074110000
2022-01-31,SWAPTION/RATE_NVOL/GBP/5Y/25Y/Smile/0.01,0.0080560000
2022-01-31,SWAPTION/RATE_NVOL/GBP/5Y/25Y/Smile/0.015,0.0088050000
2022-01-31,SWAPTION/RATE_NVOL/GBP/5Y/25Y/Smile/0.02,0.0096060000
2022-01-31,SWAPTION/RATE_NVOL/GBP/5Y/2Y/ATM,0.0081400000
2022-01-31,SWAPTION/RATE_NVOL/GBP/5Y/2Y/Smile/-0.0025,0.0079970000
2022-01-31,SWAPTION/RATE_NVOL/GBP/5Y/2Y/Smile/-0.005,0.0079080000
2022-01-31,SWAPTION/RATE_NVOL/GBP/5Y/2Y/Smile/-0.01,0.0078490000
2022-01-31,SWAPTION/RATE_NVOL/GBP/5Y/2Y/Smile/-0.015,0.0078350000
2022-01-31,SWAPTION/RATE_NVOL/GBP/5Y/2Y/Smile/-0.02,0.0076240000
2022-01-31,SWAPTION/RATE_NVOL/GBP/5Y/2Y/Smile/0.0025,0.0083400000
2022-01-31,SWAPTION/RATE_NVOL/GBP/5Y/2Y/Smile/0.005,0.0085940000
2022-01-31,SWAPTION/RATE_NVOL/GBP/5Y/2Y/Smile/0.01,0.0092370000
2022-01-31,SWAPTION/RATE_NVOL/GBP/5Y/2Y/Smile/0.015,0.0100050000
2022-01-31,SWAPTION/RATE_NVOL/GBP/5Y/2Y/Smile/0.02,0.0108420000
2022-01-31,SWAPTION/RATE_NVOL/GBP/5Y/30Y/ATM,0.0068800000
2022-01-31,SWAPTION/RATE_NVOL/GBP/5Y/30Y/Smile/-0.0025,0.0067300000
2022-01-31,SWAPTION/RATE_NVOL/GBP/5Y/30Y/Smile/-0.005,0.0066360000
2022-01-31,SWAPTION/RATE_NVOL/GBP/5Y/30Y/Smile/-0.01,0.0065790000
2022-01-31,SWAPTION/RATE_NVOL/GBP/5Y/30Y/Smile/-0.015,0.0065750000
2022-01-31,SWAPTION/RATE_NVOL/GBP/5Y/30Y/Smile/-0.02,0.0063390000
2022-01-31,SWAPTION/RATE_NVOL/GBP/5Y/30Y/Smile/0.0025,0.0070880000
2022-01-31,SWAPTION/RATE_NVOL/GBP/5Y/30Y/Smile/0.005,0.0073500000
2022-01-31,SWAPTION/RATE_NVOL/GBP/5Y/30Y/Smile/0.01,0.0079950000
2022-01-31,SWAPTION/RATE_NVOL/GBP/5Y/30Y/Smile/0.015,0.0087450000
2022-01-31,SWAPTION/RATE_NVOL/GBP/5Y/30Y/Smile/0.02,0.0095470000
2022-01-31,SWAPTION/RATE_NVOL/GBP/5Y/3Y/ATM,0.0080400000
2022-01-31,SWAPTION/RATE_NVOL/GBP/5Y/3Y/Smile/-0.0025,0.0078950000
2022-01-31,SWAPTION/RATE_NVOL/GBP/5Y/3Y/Smile/-0.005,0.0078050000
2022-01-31,SWAPTION/RATE_NVOL/GBP/5Y/3Y/Smile/-0.01,0.0077450000
2022-01-31,SWAPTION/RATE_NVOL/GBP/5Y/3Y/Smile/-0.015,0.0077350000
2022-01-31,SWAPTION/RATE_NVOL/GBP/5Y/3Y/Smile/-0.02,0.0075390000
2022-01-31,SWAPTION/RATE_NVOL/GBP/5Y/3Y/Smile/0.0025,0.0082420000
2022-01-31,SWAPTION/RATE_NVOL/GBP/5Y/3Y/Smile/0.005,0.0084980000
2022-01-31,SWAPTION/RATE_NVOL/GBP/5Y/3Y/Smile/0.01,0.0091430000
2022-01-31,SWAPTION/RATE_NVOL/GBP/5Y/3Y/Smile/0.015,0.0099100000
2022-01-31,SWAPTION/RATE_NVOL/GBP/5Y/3Y/Smile/0.02,0.0107450000
2022-01-31,SWAPTION/RATE_NVOL/GBP/5Y/4Y/ATM,0.0078500000
2022-01-31,SWAPTION/RATE_NVOL/GBP/5Y/4Y/Smile/-0.0025,0.0077030000
2022-01-31,SWAPTION/RATE_NVOL/GBP/5Y/4Y/Smile/-0.005,0.0076110000
2022-01-31,SWAPTION/RATE_NVOL/GBP/5Y/4Y/Smile/-0.01,0.0075490000
2022-01-31,SWAPTION/RATE_NVOL/GBP/5Y/4Y/Smile/-0.015,0.0075450000
2022-01-31,SWAPTION/RATE_NVOL/GBP/5Y/4Y/Smile/-0.02,0.0073710000
2022-01-31,SWAPTION/RATE_NVOL/GBP/5Y/4Y/Smile/0.0025,0.0080540000
2022-01-31,SWAPTION/RATE_NVOL/GBP/5Y/4Y/Smile/0.005,0.0083110000
2022-01-31,SWAPTION/RATE_NVOL/GBP/5Y/4Y/Smile/0.01,0.0089550000
2022-01-31,SWAPTION/RATE_NVOL/GBP/5Y/4Y/Smile/0.015,0.0097160000
2022-01-31,SWAPTION/RATE_NVOL/GBP/5Y/4Y/Smile/0.02,0.0105430000
2022-01-31,SWAPTION/RATE_NVOL/GBP/5Y/5Y/ATM,0.0076300000
2022-01-31,SWAPTION/RATE_NVOL/GBP/5Y/5Y/Smile/-0.0025,0.0074800000
2022-01-31,SWAPTION/RATE_NVOL/GBP/5Y/5Y/Smile/-0.005,0.0073840000
2022-01-31,SWAPTION/RATE_NVOL/GBP/5Y/5Y/Smile/-0.01,0.0073220000
2022-01-31,SWAPTION/RATE_NVOL/GBP/5Y/5Y/Smile/-0.015,0.0073250000
2022-01-31,SWAPTION/RATE_NVOL/GBP/5Y/5Y/Smile/-0.02,0.0071790000
2022-01-31,SWAPTION/RATE_NVOL/GBP/5Y/5Y/Smile/0.0025,0.0078370000
2022-01-31,SWAPTION/RATE_NVOL/GBP/5Y/5Y/Smile/0.005,0.0080970000
2022-01-31,SWAPTION/RATE_NVOL/GBP/5Y/5Y/Smile/0.01,0.0087430000
2022-01-31,SWAPTION/RATE_NVOL/GBP/5Y/5Y/Smile/0.015,0.0095020000
2022-01-31,SWAPTION/RATE_NVOL/GBP/5Y/5Y/Smile/0.02,0.0103210000
2022-01-31,SWAPTION/RATE_NVOL/GBP/5Y/6Y/ATM,0.0075100000
2022-01-31,SWAPTION/RATE_NVOL/GBP/5Y/6Y/Smile/-0.0025,0.0073720000
2022-01-31,SWAPTION/RATE_NVOL/GBP/5Y/6Y/Smile/-0.005,0.0072920000
2022-01-31,SWAPTION/RATE_NVOL/GBP/5Y/6Y/Smile/-0.01,0.0072660000
2022-01-31,SWAPTION/RATE_NVOL/GBP/5Y/6Y/Smile/-0.015,0.0073050000
2022-01-31,SWAPTION/RATE_NVOL/GBP/5Y/6Y/Smile/-0.02,0.0071970000
2022-01-31,SWAPTION/RATE_NVOL/GBP/5Y/6Y/Smile/0.0025,0.0077090000
2022-01-31,SWAPTION/RATE_NVOL/GBP/5Y/6Y/Smile/0.005,0.0079640000
2022-01-31,SWAPTION/RATE_NVOL/GBP/5Y/6Y/Smile/0.01,0.0086100000
2022-01-31,SWAPTION/RATE_NVOL/GBP/5Y/6Y/Smile/0.015,0.0093750000
2022-01-31,SWAPTION/RATE_NVOL/GBP/5Y/6Y/Smile/0.02,0.0102020000
2022-01-31,SWAPTION/RATE_NVOL/GBP/5Y/7Y/ATM,0.0074200000
2022-01-31,SWAPTION/RATE_NVOL/GBP/5Y/7Y/Smile/-0.0025,0.0072690000
2022-01-31,SWAPTION/RATE_NVOL/GBP/5Y/7Y/Smile/-0.005,0.0071740000
2022-01-31,SWAPTION/RATE_NVOL/GBP/5Y/7Y/Smile/-0.01,0.0071150000
2022-01-31,SWAPTION/RATE_NVOL/GBP/5Y/7Y/Smile/-0.015,0.0071270000
2022-01-31,SWAPTION/RATE_NVOL/GBP/5Y/7Y/Smile/-0.02,0.0070060000
2022-01-31,SWAPTION/RATE_NVOL/GBP/5Y/7Y/Smile/0.0025,0.0076280000
2022-01-31,SWAPTION/RATE_NVOL/GBP/5Y/7Y/Smile/0.005,0.0078880000
2022-01-31,SWAPTION/RATE_NVOL/GBP/5Y/7Y/Smile/0.01,0.0085320000
2022-01-31,SWAPTION/RATE_NVOL/GBP/5Y/7Y/Smile/0.015,0.0092850000
2022-01-31,SWAPTION/RATE_NVOL/GBP/5Y/7Y/Smile/0.02,0.0100950000
2022-01-31,SWAPTION/RATE_NVOL/GBP/5Y/8Y/ATM,0.0073400000
2022-01-31,SWAPTION/RATE_NVOL/GBP/5Y/8Y/Smile/-0.0025,0.0071890000
2022-01-31,SWAPTION/RATE_NVOL/GBP/5Y/8Y/Smile/-0.005,0.0070940000
2022-01-31,SWAPTION/RATE_NVOL/GBP/5Y/8Y/Smile/-0.01,0.0070360000
2022-01-31,SWAPTION/RATE_NVOL/GBP/5Y/8Y/Smile/-0.015,0.0070500000
2022-01-31,SWAPTION/RATE_NVOL/GBP/5Y/8Y/Smile/-0.02,0.0069320000
2022-01-31,SWAPTION/RATE_NVOL/GBP/5Y/8Y/Smile/0.0025,0.0075480000
2022-01-31,SWAPTION/RATE_NVOL/GBP/5Y/8Y/Smile/0.005,0.0078090000
2022-01-31,SWAPTION/RATE_NVOL/GBP/5Y/8Y/Smile/0.01,0.0084530000
2022-01-31,SWAPTION/RATE_NVOL/GBP/5Y/8Y/Smile/0.015,0.0092050000
2022-01-31,SWAPTION/RATE_NVOL/GBP/5Y/8Y/Smile/0.02,0.0100130000
2022-01-31,SWAPTION/RATE_NVOL/GBP/5Y/9Y/ATM,0.0072500000
2022-01-31,SWAPTION/RATE_NVOL/GBP/5Y/9Y/Smile/-0.0025,0.0070990000
2022-01-31,SWAPTION/RATE_NVOL/GBP/5Y/9Y/Smile/-0.005,0.0070050000
2022-01-31,SWAPTION/RATE_NVOL/GBP/5Y/9Y/Smile/-0.01,0.0069490000
2022-01-31,SWAPTION/RATE_NVOL/GBP/5Y/9Y/Smile/-0.015,0.0069670000
2022-01-31,SWAPTION/RATE_NVOL/GBP/5Y/9Y/Smile/-0.02,0.0068530000
2022-01-31,SWAPTION/RATE_NVOL/GBP/5Y/9Y/Smile/0.0025,0.0074580000
2022-01-31,SWAPTION/RATE_NVOL/GBP/5Y/9Y/Smile/0.005,0.0077190000
2022-01-31,SWAPTION/RATE_NVOL/GBP/5Y/9Y/Smile/0.01,0.0083640000
2022-01-31,SWAPTION/RATE_NVOL/GBP/5Y/9Y/Smile/0.015,0.0091150000
2022-01-31,SWAPTION/RATE_NVOL/GBP/5Y/9Y/Smile/0.02,0.0099210000
2022-01-31,SWAPTION/RATE_NVOL/GBP/6M/10Y/ATM,0.0079400000
2022-01-31,SWAPTION/RATE_NVOL/GBP/6M/10Y/Smile/-0.0025,0.0071350000
2022-01-31,SWAPTION/RATE_NVOL/GBP/6M/10Y/Smile/-0.005,0.0064540000
2022-01-31,SWAPTION/RATE_NVOL/GBP/6M/10Y/Smile/-0.01,0.0057920000
2022-01-31,SWAPTION/RATE_NVOL/GBP/6M/10Y/Smile/-0.015,0.0059190000
2022-01-31,SWAPTION/RATE_NVOL/GBP/6M/10Y/Smile/-0.02,0.0062770000
2022-01-31,SWAPTION/RATE_NVOL/GBP/6M/10Y/Smile/0.0025,0.0087970000
2022-01-31,SWAPTION/RATE_NVOL/GBP/6M/10Y/Smile/0.005,0.0096680000
2022-01-31,SWAPTION/RATE_NVOL/GBP/6M/10Y/Smile/0.01,0.0113970000
2022-01-31,SWAPTION/RATE_NVOL/GBP/6M/10Y/Smile/0.015,0.0130810000
2022-01-31,SWAPTION/RATE_NVOL/GBP/6M/10Y/Smile/0.02,0.0147170000
2022-01-31,SWAPTION/RATE_NVOL/GBP/6M/15Y/ATM,0.0080900000
2022-01-31,SWAPTION/RATE_NVOL/GBP/6M/15Y/Smile/-0.0025,0.0072940000
2022-01-31,SWAPTION/RATE_NVOL/GBP/6M/15Y/Smile/-0.005,0.0066260000
2022-01-31,SWAPTION/RATE_NVOL/GBP/6M/15Y/Smile/-0.01,0.0059770000
2022-01-31,SWAPTION/RATE_NVOL/GBP/6M/15Y/Smile/-0.015,0.0060930000
2022-01-31,SWAPTION/RATE_NVOL/GBP/6M/15Y/Smile/-0.02,0.0064270000
2022-01-31,SWAPTION/RATE_NVOL/GBP/6M/15Y/Smile/0.0025,0.0089420000
2022-01-31,SWAPTION/RATE_NVOL/GBP/6M/15Y/Smile/0.005,0.0098120000
2022-01-31,SWAPTION/RATE_NVOL/GBP/6M/15Y/Smile/0.01,0.0115470000
2022-01-31,SWAPTION/RATE_NVOL/GBP/6M/15Y/Smile/0.015,0.0132400000
2022-01-31,SWAPTION/RATE_NVOL/GBP/6M/15Y/Smile/0.02,0.0148870000
2022-01-31,SWAPTION/RATE_NVOL/GBP/6M/1Y/ATM,0.0075300000
2022-01-31,SWAPTION/RATE_NVOL/GBP/6M/1Y/Smile/-0.0025,0.0067030000
2022-01-31,SWAPTION/RATE_NVOL/GBP/6M/1Y/Smile/-0.005,0.0059940000
2022-01-31,SWAPTION/RATE_NVOL/GBP/6M/1Y/Smile/-0.01,0.0053240000
2022-01-31,SWAPTION/RATE_NVOL/GBP/6M/1Y/Smile/-0.015,0.0054840000
2022-01-31,SWAPTION/RATE_NVOL/GBP/6M/1Y/Smile/-0.02,0.0058670000
2022-01-31,SWAPTION/RATE_NVOL/GBP/6M/1Y/Smile/0.0025,0.0083990000
2022-01-31,SWAPTION/RATE_NVOL/GBP/6M/1Y/Smile/0.005,0.0092760000
2022-01-31,SWAPTION/RATE_NVOL/GBP/6M/1Y/Smile/0.01,0.0110010000
2022-01-31,SWAPTION/RATE_NVOL/GBP/6M/1Y/Smile/0.015,0.0126710000
2022-01-31,SWAPTION/RATE_NVOL/GBP/6M/1Y/Smile/0.02,0.0142880000
2022-01-31,SWAPTION/RATE_NVOL/GBP/6M/20Y/ATM,0.0082200000
2022-01-31,SWAPTION/RATE_NVOL/GBP/6M/20Y/Smile/-0.0025,0.0074310000
2022-01-31,SWAPTION/RATE_NVOL/GBP/6M/20Y/Smile/-0.005,0.0067730000
2022-01-31,SWAPTION/RATE_NVOL/GBP/6M/20Y/Smile/-0.01,0.0061370000
2022-01-31,SWAPTION/RATE_NVOL/GBP/6M/20Y/Smile/-0.015,0.0062450000
2022-01-31,SWAPTION/RATE_NVOL/GBP/6M/20Y/Smile/-0.02,0.0065570000
2022-01-31,SWAPTION/RATE_NVOL/GBP/6M/20Y/Smile/0.0025,0.0090700000
2022-01-31,SWAPTION/RATE_NVOL/GBP/6M/20Y/Smile/0.005,0.0099410000
2022-01-31,SWAPTION/RATE_NVOL/GBP/6M/20Y/Smile/0.01,0.0116820000
2022-01-31,SWAPTION/RATE_NVOL/GBP/6M/20Y/Smile/0.015,0.0133870000
2022-01-31,SWAPTION/RATE_NVOL/GBP/6M/20Y/Smile/0.02,0.0150460000
2022-01-31,SWAPTION/RATE_NVOL/GBP/6M/25Y/ATM,0.0082600000
2022-01-31,SWAPTION/RATE_NVOL/GBP/6M/25Y/Smile/-0.0025,0.0074760000
2022-01-31,SWAPTION/RATE_NVOL/GBP/6M/25Y/Smile/-0.005,0.0068250000
2022-01-31,SWAPTION/RATE_NVOL/GBP/6M/25Y/Smile/-0.01,0.0061990000
2022-01-31,SWAPTION/RATE_NVOL/GBP/6M/25Y/Smile/-0.015,0.0063040000
2022-01-31,SWAPTION/RATE_NVOL/GBP/6M/25Y/Smile/-0.02,0.0065970000
2022-01-31,SWAPTION/RATE_NVOL/GBP/6M/25Y/Smile/0.0025,0.0091080000
2022-01-31,SWAPTION/RATE_NVOL/GBP/6M/25Y/Smile/0.005,0.0099780000
2022-01-31,SWAPTION/RATE_NVOL/GBP/6M/25Y/Smile/0.01,0.0117220000
2022-01-31,SWAPTION/RATE_NVOL/GBP/6M/25Y/Smile/0.015,0.0134310000
2022-01-31,SWAPTION/RATE_NVOL/GBP/6M/25Y/Smile/0.02,0.0150950000
2022-01-31,SWAPTION/RATE_NVOL/GBP/6M/2Y/ATM,0.0078700000
2022-01-31,SWAPTION/RATE_NVOL/GBP/6M/2Y/Smile/-0.0025,0.0070540000
2022-01-31,SWAPTION/RATE_NVOL/GBP/6M/2Y/Smile/-0.005,0.0063570000
2022-01-31,SWAPTION/RATE_NVOL/GBP/6M/2Y/Smile/-0.01,0.0056720000
2022-01-31,SWAPTION/RATE_NVOL/GBP/6M/2Y/Smile/-0.015,0.0058110000
2022-01-31,SWAPTION/RATE_NVOL/GBP/6M/2Y/Smile/-0.02,0.0062070000
2022-01-31,SWAPTION/RATE_NVOL/GBP/6M/2Y/Smile/0.0025,0.0087320000
2022-01-31,SWAPTION/RATE_NVOL/GBP/6M/2Y/Smile/0.005,0.0096050000
2022-01-31,SWAPTION/RATE_NVOL/GBP/6M/2Y/Smile/0.01,0.0113320000
2022-01-31,SWAPTION/RATE_NVOL/GBP/6M/2Y/Smile/0.015,0.0130100000
2022-01-31,SWAPTION/RATE_NVOL/GBP/6M/2Y/Smile/0.02,0.0146370000
2022-01-31,SWAPTION/RATE_NVOL/GBP/6M/30Y/ATM,0.0083100000
2022-01-31,SWAPTION/RATE_NVOL/GBP/6M/30Y/Smile/-0.0025,0.0075350000
2022-01-31,SWAPTION/RATE_NVOL/GBP/6M/30Y/Smile/-0.005,0.0068950000
2022-01-31,SWAPTION/RATE_NVOL/GBP/6M/30Y/Smile/-0.01,0.0062810000
2022-01-31,SWAPTION/RATE_NVOL/GBP/6M/30Y/Smile/-0.015,0.0063780000
2022-01-31,SWAPTION/RATE_NVOL/GBP/6M/30Y/Smile/-0.02,0.0066470000
2022-01-31,SWAPTION/RATE_NVOL/GBP/6M/30Y/Smile/0.0025,0.0091510000
2022-01-31,SWAPTION/RATE_NVOL/GBP/6M/30Y/Smile/0.005,0.0100170000
2022-01-31,SWAPTION/RATE_NVOL/GBP/6M/30Y/Smile/0.01,0.0117560000
2022-01-31,SWAPTION/RATE_NVOL/GBP/6M/30Y/Smile/0.015,0.0134630000
2022-01-31,SWAPTION/RATE_NVOL/GBP/6M/30Y/Smile/0.02,0.0151280000
2022-01-31,SWAPTION/RATE_NVOL/GBP/6M/3Y/ATM,0.0078900000
2022-01-31,SWAPTION/RATE_NVOL/GBP/6M/3Y/Smile/-0.0025,0.0070700000
2022-01-31,SWAPTION/RATE_NVOL/GBP/6M/3Y/Smile/-0.005,0.0063650000
2022-01-31,SWAPTION/RATE_NVOL/GBP/6M/3Y/Smile/-0.01,0.0056680000
2022-01-31,SWAPTION/RATE_NVOL/GBP/6M/3Y/Smile/-0.015,0.0058110000
2022-01-31,SWAPTION/RATE_NVOL/GBP/6M/3Y/Smile/-0.02,0.0062270000
2022-01-31,SWAPTION/RATE_NVOL/GBP/6M/3Y/Smile/0.0025,0.0087540000
2022-01-31,SWAPTION/RATE_NVOL/GBP/6M/3Y/Smile/0.005,0.0096280000
2022-01-31,SWAPTION/RATE_NVOL/GBP/6M/3Y/Smile/0.01,0.0113540000
2022-01-31,SWAPTION/RATE_NVOL/GBP/6M/3Y/Smile/0.015,0.0130310000
2022-01-31,SWAPTION/RATE_NVOL/GBP/6M/3Y/Smile/0.02,0.0146560000
2022-01-31,SWAPTION/RATE_NVOL/GBP/6M/4Y/ATM,0.0079400000
2022-01-31,SWAPTION/RATE_NVOL/GBP/6M/4Y/Smile/-0.0025,0.0071260000
2022-01-31,SWAPTION/RATE_NVOL/GBP/6M/4Y/Smile/-0.005,0.0064310000
2022-01-31,SWAPTION/RATE_NVOL/GBP/6M/4Y/Smile/-0.01,0.0057430000
2022-01-31,SWAPTION/RATE_NVOL/GBP/6M/4Y/Smile/-0.015,0.0058780000
2022-01-31,SWAPTION/RATE_NVOL/GBP/6M/4Y/Smile/-0.02,0.0062770000
2022-01-31,SWAPTION/RATE_NVOL/GBP/6M/4Y/Smile/0.0025,0.0088010000
2022-01-31,SWAPTION/RATE_NVOL/GBP/6M/4Y/Smile/0.005,0.0096730000
2022-01-31,SWAPTION/RATE_NVOL/GBP/6M/4Y/Smile/0.01,0.0114000000
2022-01-31,SWAPTION/RATE_NVOL/GBP/6M/4Y/Smile/0.015,0.0130790000
2022-01-31,SWAPTION/RATE_NVOL/GBP/6M/4Y/Smile/0.02,0.0147080000
2022-01-31,SWAPTION/RATE_NVOL/GBP/6M/5Y/ATM,0.0079700000
2022-01-31,SWAPTION/RATE_NVOL/GBP/6M/5Y/Smile/-0.0025,0.0071590000
2022-01-31,SWAPTION/RATE_NVOL/GBP/6M/5Y/Smile/-0.005,0.0064690000
2022-01-31,SWAPTION/RATE_NVOL/GBP/6M/5Y/Smile/-0.01,0.0057870000
2022-01-31,SWAPTION/RATE_NVOL/GBP/6M/5Y/Smile/-0.015,0.0059180000
2022-01-31,SWAPTION/RATE_NVOL/GBP/6M/5Y/Smile/-0.02,0.0063070000
2022-01-31,SWAPTION/RATE_NVOL/GBP/6M/5Y/Smile/0.0025,0.0088290000
2022-01-31,SWAPTION/RATE_NVOL/GBP/6M/5Y/Smile/0.005,0.0097010000
2022-01-31,SWAPTION/RATE_NVOL/GBP/6M/5Y/Smile/0.01,0.0114280000
2022-01-31,SWAPTION/RATE_NVOL/GBP/6M/5Y/Smile/0.015,0.0131100000
2022-01-31,SWAPTION/RATE_NVOL/GBP/6M/5Y/Smile/0.02,0.0147420000
2022-01-31,SWAPTION/RATE_NVOL/GBP/6M/6Y/ATM,0.0079700000
2022-01-31,SWAPTION/RATE_NVOL/GBP/6M/6Y/Smile/-0.0025,0.0071610000
2022-01-31,SWAPTION/RATE_NVOL/GBP/6M/6Y/Smile/-0.005,0.0064730000
2022-01-31,SWAPTION/RATE_NVOL/GBP/6M/6Y/Smile/-0.01,0.0057980000
2022-01-31,SWAPTION/RATE_NVOL/GBP/6M/6Y/Smile/-0.015,0.0059280000
2022-01-31,SWAPTION/RATE_NVOL/GBP/6M/6Y/Smile/-0.02,0.0063070000
2022-01-31,SWAPTION/RATE_NVOL/GBP/6M/6Y/Smile/0.0025,0.0088290000
2022-01-31,SWAPTION/RATE_NVOL/GBP/6M/6Y/Smile/0.005,0.0097010000
2022-01-31,SWAPTION/RATE_NVOL/GBP/6M/6Y/Smile/0.01,0.0114320000
2022-01-31,SWAPTION/RATE_NVOL/GBP/6M/6Y/Smile/0.015,0.0131160000
2022-01-31,SWAPTION/RATE_NVOL/GBP/6M/6Y/Smile/0.02,0.0147510000
2022-01-31,SWAPTION/RATE_NVOL/GBP/6M/7Y/ATM,0.0079600000
2022-01-31,SWAPTION/RATE_NVOL/GBP/6M/7Y/Smile/-0.0025,0.0071520000
2022-01-31,SWAPTION/RATE_NVOL/GBP/6M/7Y/Smile/-0.005,0.0064670000
2022-01-31,SWAPTION/RATE_NVOL/GBP/6M/7Y/Smile/-0.01,0.0057980000
2022-01-31,SWAPTION/RATE_NVOL/GBP/6M/7Y/Smile/-0.015,0.0059270000
2022-01-31,SWAPTION/RATE_NVOL/GBP/6M/7Y/Smile/-0.02,0.0062970000
2022-01-31,SWAPTION/RATE_NVOL/GBP/6M/7Y/Smile/0.0025,0.0088180000
2022-01-31,SWAPTION/RATE_NVOL/GBP/6M/7Y/Smile/0.005,0.0096910000
2022-01-31,SWAPTION/RATE_NVOL/GBP/6M/7Y/Smile/0.01,0.0114210000
2022-01-31,SWAPTION/RATE_NVOL/GBP/6M/7Y/Smile/0.015,0.0131070000
2022-01-31,SWAPTION/RATE_NVOL/GBP/6M/7Y/Smile/0.02,0.0147430000
2022-01-31,SWAPTION/RATE_NVOL/GBP/6M/8Y/ATM,0.0079600000
2022-01-31,SWAPTION/RATE_NVOL/GBP/6M/8Y/Smile/-0.0025,0.0071530000
2022-01-31,SWAPTION/RATE_NVOL/GBP/6M/8Y/Smile/-0.005,0.0064700000
2022-01-31,SWAPTION/RATE_NVOL/GBP/6M/8Y/Smile/-0.01,0.0058040000
2022-01-31,SWAPTION/RATE_NVOL/GBP/6M/8Y/Smile/-0.015,0.0059320000
2022-01-31,SWAPTION/RATE_NVOL/GBP/6M/8Y/Smile/-0.02,0.0062970000
2022-01-31,SWAPTION/RATE_NVOL/GBP/6M/8Y/Smile/0.0025,0.0088180000
2022-01-31,SWAPTION/RATE_NVOL/GBP/6M/8Y/Smile/0.005,0.0096900000
2022-01-31,SWAPTION/RATE_NVOL/GBP/6M/8Y/Smile/0.01,0.0114210000
2022-01-31,SWAPTION/RATE_NVOL/GBP/6M/8Y/Smile/0.015,0.0131080000
2022-01-31,SWAPTION/RATE_NVOL/GBP/6M/8Y/Smile/0.02,0.0147450000
2022-01-31,SWAPTION/RATE_NVOL/GBP/6M/9Y/ATM,0.0079500000
2022-01-31,SWAPTION/RATE_NVOL/GBP/6M/9Y/Smile/-0.0025,0.0071430000
2022-01-31,SWAPTION/RATE_NVOL/GBP/6M/9Y/Smile/-0.005,0.0064600000
2022-01-31,SWAPTION/RATE_NVOL/GBP/6M/9Y/Smile/-0.01,0.0057970000
2022-01-31,SWAPTION/RATE_NVOL/GBP/6M/9Y/Smile/-0.015,0.0059250000
2022-01-31,SWAPTION/RATE_NVOL/GBP/6M/9Y/Smile/-0.02,0.0062870000
2022-01-31,SWAPTION/RATE_NVOL/GBP/6M/9Y/Smile/0.0025,0.0088080000
2022-01-31,SWAPTION/RATE_NVOL/GBP/6M/9Y/Smile/0.005,0.0096810000
2022-01-31,SWAPTION/RATE_NVOL/GBP/6M/9Y/Smile/0.01,0.0114120000
2022-01-31,SWAPTION/RATE_NVOL/GBP/6M/9Y/Smile/0.015,0.0130990000
2022-01-31,SWAPTION/RATE_NVOL/GBP/6M/9Y/Smile/0.02,0.0147360000
2022-01-31,SWAPTION/RATE_NVOL/GBP/7Y/10Y/ATM,0.0068500000
2022-01-31,SWAPTION/RATE_NVOL/GBP/7Y/10Y/Smile/-0.0025,0.0066520000
2022-01-31,SWAPTION/RATE_NVOL/GBP/7Y/10Y/Smile/-0.005,0.0064420000
2022-01-31,SWAPTION/RATE_NVOL/GBP/7Y/10Y/Smile/-0.01,0.0059720000
2022-01-31,SWAPTION/RATE_NVOL/GBP/7Y/10Y/Smile/-0.015,0.0053980000
2022-01-31,SWAPTION/RATE_NVOL/GBP/7Y/10Y/Smile/-0.02,0.0045840000
2022-01-31,SWAPTION/RATE_NVOL/GBP/7Y/10Y/Smile/0.0025,0.0070370000
2022-01-31,SWAPTION/RATE_NVOL/GBP/7Y/10Y/Smile/0.005,0.0072160000
2022-01-31,SWAPTION/RATE_NVOL/GBP/7Y/10Y/Smile/0.01,0.0075510000
2022-01-31,SWAPTION/RATE_NVOL/GBP/7Y/10Y/Smile/0.015,0.0078620000
2022-01-31,SWAPTION/RATE_NVOL/GBP/7Y/10Y/Smile/0.02,0.0081530000
2022-01-31,SWAPTION/RATE_NVOL/GBP/7Y/15Y/ATM,0.0067100000
2022-01-31,SWAPTION/RATE_NVOL/GBP/7Y/15Y/Smile/-0.0025,0.0065130000
2022-01-31,SWAPTION/RATE_NVOL/GBP/7Y/15Y/Smile/-0.005,0.0063030000
2022-01-31,SWAPTION/RATE_NVOL/GBP/7Y/15Y/Smile/-0.01,0.0058340000
2022-01-31,SWAPTION/RATE_NVOL/GBP/7Y/15Y/Smile/-0.015,0.0052570000
2022-01-31,SWAPTION/RATE_NVOL/GBP/7Y/15Y/Smile/-0.02,0.0044190000
2022-01-31,SWAPTION/RATE_NVOL/GBP/7Y/15Y/Smile/0.0025,0.0068970000
2022-01-31,SWAPTION/RATE_NVOL/GBP/7Y/15Y/Smile/0.005,0.0070740000
2022-01-31,SWAPTION/RATE_NVOL/GBP/7Y/15Y/Smile/0.01,0.0074070000
2022-01-31,SWAPTION/RATE_NVOL/GBP/7Y/15Y/Smile/0.015,0.0077150000
2022-01-31,SWAPTION/RATE_NVOL/GBP/7Y/15Y/Smile/0.02,0.0080040000
2022-01-31,SWAPTION/RATE_NVOL/GBP/7Y/1Y/ATM,0.0078500000
2022-01-31,SWAPTION/RATE_NVOL/GBP/7Y/1Y/Smile/-0.0025,0.0076050000
2022-01-31,SWAPTION/RATE_NVOL/GBP/7Y/1Y/Smile/-0.005,0.0073430000
2022-01-31,SWAPTION/RATE_NVOL/GBP/7Y/1Y/Smile/-0.01,0.0067510000
2022-01-31,SWAPTION/RATE_NVOL/GBP/7Y/1Y/Smile/-0.015,0.0060030000
2022-01-31,SWAPTION/RATE_NVOL/GBP/7Y/1Y/Smile/-0.02,0.0048010000
2022-01-31,SWAPTION/RATE_NVOL/GBP/7Y/1Y/Smile/0.0025,0.0080810000
2022-01-31,SWAPTION/RATE_NVOL/GBP/7Y/1Y/Smile/0.005,0.0083000000
2022-01-31,SWAPTION/RATE_NVOL/GBP/7Y/1Y/Smile/0.01,0.0087090000
2022-01-31,SWAPTION/RATE_NVOL/GBP/7Y/1Y/Smile/0.015,0.0090870000
2022-01-31,SWAPTION/RATE_NVOL/GBP/7Y/1Y/Smile/0.02,0.0094400000
2022-01-31,SWAPTION/RATE_NVOL/GBP/7Y/20Y/ATM,0.0066000000
2022-01-31,SWAPTION/RATE_NVOL/GBP/7Y/20Y/Smile/-0.0025,0.0064030000
2022-01-31,SWAPTION/RATE_NVOL/GBP/7Y/20Y/Smile/-0.005,0.0061940000
2022-01-31,SWAPTION/RATE_NVOL/GBP/7Y/20Y/Smile/-0.01,0.0057230000
2022-01-31,SWAPTION/RATE_NVOL/GBP/7Y/20Y/Smile/-0.015,0.0051420000
2022-01-31,SWAPTION/RATE_NVOL/GBP/7Y/20Y/Smile/-0.02,0.0042790000
2022-01-31,SWAPTION/RATE_NVOL/GBP/7Y/20Y/Smile/0.0025,0.0067860000
2022-01-31,SWAPTION/RATE_NVOL/GBP/7Y/20Y/Smile/0.005,0.0069630000
2022-01-31,SWAPTION/RATE_NVOL/GBP/7Y/20Y/Smile/0.01,0.0072950000
2022-01-31,SWAPTION/RATE_NVOL/GBP/7Y/20Y/Smile/0.015,0.0076020000
2022-01-31,SWAPTION/RATE_NVOL/GBP/7Y/20Y/Smile/0.02,0.0078890000
2022-01-31,SWAPTION/RATE_NVOL/GBP/7Y/25Y/ATM,0.0064600000
2022-01-31,SWAPTION/RATE_NVOL/GBP/7Y/25Y/Smile/-0.0025,0.0062640000
2022-01-31,SWAPTION/RATE_NVOL/GBP/7Y/25Y/Smile/-0.005,0.0060560000
2022-01-31,SWAPTION/RATE_NVOL/GBP/7Y/25Y/Smile/-0.01,0.0055870000
2022-01-31,SWAPTION/RATE_NVOL/GBP/7Y/25Y/Smile/-0.015,0.0050030000
2022-01-31,SWAPTION/RATE_NVOL/GBP/7Y/25Y/Smile/-0.02,0.0041140000
2022-01-31,SWAPTION/RATE_NVOL/GBP/7Y/25Y/Smile/0.0025,0.0066450000
2022-01-31,SWAPTION/RATE_NVOL/GBP/7Y/25Y/Smile/0.005,0.0068200000
2022-01-31,SWAPTION/RATE_NVOL/GBP/7Y/25Y/Smile/0.01,0.0071490000
2022-01-31,SWAPTION/RATE_NVOL/GBP/7Y/25Y/Smile/0.015,0.0074530000
2022-01-31,SWAPTION/RATE_NVOL/GBP/7Y/25Y/Smile/0.02,0.0077380000
2022-01-31,SWAPTION/RATE_NVOL/GBP/7Y/2Y/ATM,0.0077500000
2022-01-31,SWAPTION/RATE_NVOL/GBP/7Y/2Y/Smile/-0.0025,0.0075270000
2022-01-31,SWAPTION/RATE_NVOL/GBP/7Y/2Y/Smile/-0.005,0.0072890000
2022-01-31,SWAPTION/RATE_NVOL/GBP/7Y/2Y/Smile/-0.01,0.0067590000
2022-01-31,SWAPTION/RATE_NVOL/GBP/7Y/2Y/Smile/-0.015,0.0061110000
2022-01-31,SWAPTION/RATE_NVOL/GBP/7Y/2Y/Smile/-0.02,0.0051950000
2022-01-31,SWAPTION/RATE_NVOL/GBP/7Y/2Y/Smile/0.0025,0.0079620000
2022-01-31,SWAPTION/RATE_NVOL/GBP/7Y/2Y/Smile/0.005,0.0081630000
2022-01-31,SWAPTION/RATE_NVOL/GBP/7Y/2Y/Smile/0.01,0.0085410000
2022-01-31,SWAPTION/RATE_NVOL/GBP/7Y/2Y/Smile/0.015,0.0088910000
2022-01-31,SWAPTION/RATE_NVOL/GBP/7Y/2Y/Smile/0.02,0.0092200000
2022-01-31,SWAPTION/RATE_NVOL/GBP/7Y/30Y/ATM,0.0063800000
2022-01-31,SWAPTION/RATE_NVOL/GBP/7Y/30Y/Smile/-0.0025,0.0061830000
2022-01-31,SWAPTION/RATE_NVOL/GBP/7Y/30Y/Smile/-0.005,0.0059720000
2022-01-31,SWAPTION/RATE_NVOL/GBP/7Y/30Y/Smile/-0.01,0.0054960000
2022-01-31,SWAPTION/RATE_NVOL/GBP/7Y/30Y/Smile/-0.015,0.0048980000
2022-01-31,SWAPTION/RATE_NVOL/GBP/7Y/30Y/Smile/-0.02,0.0039490000
2022-01-31,SWAPTION/RATE_NVOL/GBP/7Y/30Y/Smile/0.0025,0.0065660000
2022-01-31,SWAPTION/RATE_NVOL/GBP/7Y/30Y/Smile/0.005,0.0067430000
2022-01-31,SWAPTION/RATE_NVOL/GBP/7Y/30Y/Smile/0.01,0.0070740000
2022-01-31,SWAPTION/RATE_NVOL/GBP/7Y/30Y/Smile/0.015,0.0073790000
2022-01-31,SWAPTION/RATE_NVOL/GBP/7Y/30Y/Smile/0.02,0.0076650000
2022-01-31,SWAPTION/RATE_NVOL/GBP/7Y/3Y/ATM,0.0076000000
2022-01-31,SWAPTION/RATE_NVOL/GBP/7Y/3Y/Smile/-0.0025,0.0073830000
2022-01-31,SWAPTION/RATE_NVOL/GBP/7Y/3Y/Smile/-0.005,0.0071520000
2022-01-31,SWAPTION/RATE_NVOL/GBP/7Y/3Y/Smile/-0.01,0.0066360000
2022-01-31,SWAPTION/RATE_NVOL/GBP/7Y/3Y/Smile/-0.015,0.0060090000
2022-01-31,SWAPTION/RATE_NVOL/GBP/7Y/3Y/Smile/-0.02,0.0051280000
2022-01-31,SWAPTION/RATE_NVOL/GBP/7Y/3Y/Smile/0.0025,0.0078060000
2022-01-31,SWAPTION/RATE_NVOL/GBP/7Y/3Y/Smile/0.005,0.0080020000
2022-01-31,SWAPTION/RATE_NVOL/GBP/7Y/3Y/Smile/0.01,0.0083710000
2022-01-31,SWAPTION/RATE_NVOL/GBP/7Y/3Y/Smile/0.015,0.0087120000
2022-01-31,SWAPTION/RATE_NVOL/GBP/7Y/3Y/Smile/0.02,0.0090330000
2022-01-31,SWAPTION/RATE_NVOL/GBP/7Y/4Y/ATM,0.0074400000
2022-01-31,SWAPTION/RATE_NVOL/GBP/7Y/4Y/Smile/-0.0025,0.0072280000
2022-01-31,SWAPTION/RATE_NVOL/GBP/7Y/4Y/Smile/-0.005,0.0070020000
2022-01-31,SWAPTION/RATE_NVOL/GBP/7Y/4Y/Smile/-0.01,0.0064990000
2022-01-31,SWAPTION/RATE_NVOL/GBP/7Y/4Y/Smile/-0.015,0.0058880000
2022-01-31,SWAPTION/RATE_NVOL/GBP/7Y/4Y/Smile/-0.02,0.0050310000
2022-01-31,SWAPTION/RATE_NVOL/GBP/7Y/4Y/Smile/0.0025,0.0076410000
2022-01-31,SWAPTION/RATE_NVOL/GBP/7Y/4Y/Smile/0.005,0.0078330000
2022-01-31,SWAPTION/RATE_NVOL/GBP/7Y/4Y/Smile/0.01,0.0081930000
2022-01-31,SWAPTION/RATE_NVOL/GBP/7Y/4Y/Smile/0.015,0.0085270000
2022-01-31,SWAPTION/RATE_NVOL/GBP/7Y/4Y/Smile/0.02,0.0088400000
2022-01-31,SWAPTION/RATE_NVOL/GBP/7Y/5Y/ATM,0.0072800000
2022-01-31,SWAPTION/RATE_NVOL/GBP/7Y/5Y/Smile/-0.0025,0.0070730000
2022-01-31,SWAPTION/RATE_NVOL/GBP/7Y/5Y/Smile/-0.005,0.0068520000
2022-01-31,SWAPTION/RATE_NVOL/GBP/7Y/5Y/Smile/-0.01,0.0063610000
2022-01-31,SWAPTION/RATE_NVOL/GBP/7Y/5Y/Smile/-0.015,0.0057630000
2022-01-31,SWAPTION/RATE_NVOL/GBP/7Y/5Y/Smile/-0.02,0.0049280000
2022-01-31,SWAPTION/RATE_NVOL/GBP/7Y/5Y/Smile/0.0025,0.0074770000
2022-01-31,SWAPTION/RATE_NVOL/GBP/7Y/5Y/Smile/0.005,0.0076640000
2022-01-31,SWAPTION/RATE_NVOL/GBP/7Y/5Y/Smile/0.01,0.0080160000
2022-01-31,SWAPTION/RATE_NVOL/GBP/7Y/5Y/Smile/0.015,0.0083430000
2022-01-31,SWAPTION/RATE_NVOL/GBP/7Y/5Y/Smile/0.02,0.0086490000
2022-01-31,SWAPTION/RATE_NVOL/GBP/7Y/6Y/ATM,0.0072000000
2022-01-31,SWAPTION/RATE_NVOL/GBP/7Y/6Y/Smile/-0.0025,0.0069940000
2022-01-31,SWAPTION/RATE_NVOL/GBP/7Y/6Y/Smile/-0.005,0.0067760000
2022-01-31,SWAPTION/RATE_NVOL/GBP/7Y/6Y/Smile/-0.01,0.0062890000
2022-01-31,SWAPTION/RATE_NVOL/GBP/7Y/6Y/Smile/-0.015,0.0056970000
2022-01-31,SWAPTION/RATE_NVOL/GBP/7Y/6Y/Smile/-0.02,0.0048670000
2022-01-31,SWAPTION/RATE_NVOL/GBP/7Y/6Y/Smile/0.0025,0.0073950000
2022-01-31,SWAPTION/RATE_NVOL/GBP/7Y/6Y/Smile/0.005,0.0075810000
2022-01-31,SWAPTION/RATE_NVOL/GBP/7Y/6Y/Smile/0.01,0.0079290000
2022-01-31,SWAPTION/RATE_NVOL/GBP/7Y/6Y/Smile/0.015,0.0082530000
2022-01-31,SWAPTION/RATE_NVOL/GBP/7Y/6Y/Smile/0.02,0.0085560000
2022-01-31,SWAPTION/RATE_NVOL/GBP/7Y/7Y/ATM,0.0070900000
2022-01-31,SWAPTION/RATE_NVOL/GBP/7Y/7Y/Smile/-0.0025,0.0068870000
2022-01-31,SWAPTION/RATE_NVOL/GBP/7Y/7Y/Smile/-0.005,0.0066720000
2022-01-31,SWAPTION/RATE_NVOL/GBP/7Y/7Y/Smile/-0.01,0.0061910000
2022-01-31,SWAPTION/RATE_NVOL/GBP/7Y/7Y/Smile/-0.015,0.0056050000
2022-01-31,SWAPTION/RATE_NVOL/GBP/7Y/7Y/Smile/-0.02,0.0047830000
2022-01-31,SWAPTION/RATE_NVOL/GBP/7Y/7Y/Smile/0.0025,0.0072820000
2022-01-31,SWAPTION/RATE_NVOL/GBP/7Y/7Y/Smile/0.005,0.0074660000
2022-01-31,SWAPTION/RATE_NVOL/GBP/7Y/7Y/Smile/0.01,0.0078090000
2022-01-31,SWAPTION/RATE_NVOL/GBP/7Y/7Y/Smile/0.015,0.0081290000
2022-01-31,SWAPTION/RATE_NVOL/GBP/7Y/7Y/Smile/0.02,0.0084280000
2022-01-31,SWAPTION/RATE_NVOL/GBP/7Y/8Y/ATM,0.0070100000
2022-01-31,SWAPTION/RATE_NVOL/GBP/7Y/8Y/Smile/-0.0025,0.0068090000
2022-01-31,SWAPTION/RATE_NVOL/GBP/7Y/8Y/Smile/-0.005,0.0065950000
2022-01-31,SWAPTION/RATE_NVOL/GBP/7Y/8Y/Smile/-0.01,0.0061190000
2022-01-31,SWAPTION/RATE_NVOL/GBP/7Y/8Y/Smile/-0.015,0.0055380000
2022-01-31,SWAPTION/RATE_NVOL/GBP/7Y/8Y/Smile/-0.02,0.0047200000
2022-01-31,SWAPTION/RATE_NVOL/GBP/7Y/8Y/Smile/0.0025,0.0072010000
2022-01-31,SWAPTION/RATE_NVOL/GBP/7Y/8Y/Smile/0.005,0.0073820000
2022-01-31,SWAPTION/RATE_NVOL/GBP/7Y/8Y/Smile/0.01,0.0077230000
2022-01-31,SWAPTION/RATE_NVOL/GBP/7Y/8Y/Smile/0.015,0.0080390000
2022-01-31,SWAPTION/RATE_NVOL/GBP/7Y/8Y/Smile/0.02,0.0083350000
2022-01-31,SWAPTION/RATE_NVOL/GBP/7Y/9Y/ATM,0.0069400000
2022-01-31,SWAPTION/RATE_NVOL/GBP/7Y/9Y/Smile/-0.0025,0.0067400000
2022-01-31,SWAPTION/RATE_NVOL/GBP/7Y/9Y/Smile/-0.005,0.0065280000
2022-01-31,SWAPTION/RATE_NVOL/GBP/7Y/9Y/Smile/-0.01,0.0060540000
2022-01-31,SWAPTION/RATE_NVOL/GBP/7Y/9Y/Smile/-0.015,0.0054750000
2022-01-31,SWAPTION/RATE_NVOL/GBP/7Y/9Y/Smile/-0.02,0.0046570000
2022-01-31,SWAPTION/RATE_NVOL/GBP/7Y/9Y/Smile/0.0025,0.0071290000
2022-01-31,SWAPTION/RATE_NVOL/GBP/7Y/9Y/Smile/0.005,0.0073100000
2022-01-31,SWAPTION/RATE_NVOL/GBP/7Y/9Y/Smile/0.01,0.0076480000
2022-01-31,SWAPTION/RATE_NVOL/GBP/7Y/9Y/Smile/0.015,0.0079620000
2022-01-31,SWAPTION/RATE_NVOL/GBP/7Y/9Y/Smile/0.02,0.0082560000
2022-01-31,SWAPTION/RATE_NVOL/GBP/9M/10Y/ATM,0.0079000000
2022-01-31,SWAPTION/RATE_NVOL/GBP/9M/10Y/Smile/-0.0025,0.0072890000
2022-01-31,SWAPTION/RATE_NVOL/GBP/9M/10Y/Smile/-0.005,0.0069120000
2022-01-31,SWAPTION/RATE_NVOL/GBP/9M/10Y/Smile/-0.01,0.0068900000
2022-01-31,SWAPTION/RATE_NVOL/GBP/9M/10Y/Smile/-0.015,0.0073760000
2022-01-31,SWAPTION/RATE_NVOL/GBP/9M/10Y/Smile/-0.02,0.0079210000
2022-01-31,SWAPTION/RATE_NVOL/GBP/9M/10Y/Smile/0.0025,0.0086580000
2022-01-31,SWAPTION/RATE_NVOL/GBP/9M/10Y/Smile/0.005,0.0094900000
2022-01-31,SWAPTION/RATE_NVOL/GBP/9M/10Y/Smile/0.01,0.0112280000
2022-01-31,SWAPTION/RATE_NVOL/GBP/9M/10Y/Smile/0.015,0.0129680000
2022-01-31,SWAPTION/RATE_NVOL/GBP/9M/10Y/Smile/0.02,0.0146780000
2022-01-31,SWAPTION/RATE_NVOL/GBP/9M/15Y/ATM,0.0080400000
2022-01-31,SWAPTION/RATE_NVOL/GBP/9M/15Y/Smile/-0.0025,0.0074620000
2022-01-31,SWAPTION/RATE_NVOL/GBP/9M/15Y/Smile/-0.005,0.0071270000
2022-01-31,SWAPTION/RATE_NVOL/GBP/9M/15Y/Smile/-0.01,0.0071700000
2022-01-31,SWAPTION/RATE_NVOL/GBP/9M/15Y/Smile/-0.015,0.0076840000
2022-01-31,SWAPTION/RATE_NVOL/GBP/9M/15Y/Smile/-0.02,0.0082250000
2022-01-31,SWAPTION/RATE_NVOL/GBP/9M/15Y/Smile/0.0025,0.0087800000
2022-01-31,SWAPTION/RATE_NVOL/GBP/9M/15Y/Smile/0.005,0.0096060000
2022-01-31,SWAPTION/RATE_NVOL/GBP/9M/15Y/Smile/0.01,0.0113500000
2022-01-31,SWAPTION/RATE_NVOL/GBP/9M/15Y/Smile/0.015,0.0131080000
2022-01-31,SWAPTION/RATE_NVOL/GBP/9M/15Y/Smile/0.02,0.0148400000
2022-01-31,SWAPTION/RATE_NVOL/GBP/9M/1Y/ATM,0.0078000000
2022-01-31,SWAPTION/RATE_NVOL/GBP/9M/1Y/Smile/-0.0025,0.0071750000
2022-01-31,SWAPTION/RATE_NVOL/GBP/9M/1Y/Smile/-0.005,0.0067790000
2022-01-31,SWAPTION/RATE_NVOL/GBP/9M/1Y/Smile/-0.01,0.0067360000
2022-01-31,SWAPTION/RATE_NVOL/GBP/9M/1Y/Smile/-0.015,0.0072190000
2022-01-31,SWAPTION/RATE_NVOL/GBP/9M/1Y/Smile/-0.02,0.0077770000
2022-01-31,SWAPTION/RATE_NVOL/GBP/9M/1Y/Smile/0.0025,0.0085670000
2022-01-31,SWAPTION/RATE_NVOL/GBP/9M/1Y/Smile/0.005,0.0094020000
2022-01-31,SWAPTION/RATE_NVOL/GBP/9M/1Y/Smile/0.01,0.0111370000
2022-01-31,SWAPTION/RATE_NVOL/GBP/9M/1Y/Smile/0.015,0.0128680000
2022-01-31,SWAPTION/RATE_NVOL/GBP/9M/1Y/Smile/0.02,0.0145670000
2022-01-31,SWAPTION/RATE_NVOL/GBP/9M/20Y/ATM,0.0081500000
2022-01-31,SWAPTION/RATE_NVOL/GBP/9M/20Y/Smile/-0.0025,0.0075680000
2022-01-31,SWAPTION/RATE_NVOL/GBP/9M/20Y/Smile/-0.005,0.0072210000
2022-01-31,SWAPTION/RATE_NVOL/GBP/9M/20Y/Smile/-0.01,0.0072320000
2022-01-31,SWAPTION/RATE_NVOL/GBP/9M/20Y/Smile/-0.015,0.0077140000
2022-01-31,SWAPTION/RATE_NVOL/GBP/9M/20Y/Smile/-0.02,0.0082160000
2022-01-31,SWAPTION/RATE_NVOL/GBP/9M/20Y/Smile/0.0025,0.0088910000
2022-01-31,SWAPTION/RATE_NVOL/GBP/9M/20Y/Smile/0.005,0.0097160000
2022-01-31,SWAPTION/RATE_NVOL/GBP/9M/20Y/Smile/0.01,0.0114590000
2022-01-31,SWAPTION/RATE_NVOL/GBP/9M/20Y/Smile/0.015,0.0132180000
2022-01-31,SWAPTION/RATE_NVOL/GBP/9M/20Y/Smile/0.02,0.0149520000
2022-01-31,SWAPTION/RATE_NVOL/GBP/9M/25Y/ATM,0.0081900000
2022-01-31,SWAPTION/RATE_NVOL/GBP/9M/25Y/Smile/-0.0025,0.0076050000
2022-01-31,SWAPTION/RATE_NVOL/GBP/9M/25Y/Smile/-0.005,0.0072530000
2022-01-31,SWAPTION/RATE_NVOL/GBP/9M/25Y/Smile/-0.01,0.0072460000
2022-01-31,SWAPTION/RATE_NVOL/GBP/9M/25Y/Smile/-0.015,0.0077090000
2022-01-31,SWAPTION/RATE_NVOL/GBP/9M/25Y/Smile/-0.02,0.0081800000
2022-01-31,SWAPTION/RATE_NVOL/GBP/9M/25Y/Smile/0.0025,0.0089310000
2022-01-31,SWAPTION/RATE_NVOL/GBP/9M/25Y/Smile/0.005,0.0097560000
2022-01-31,SWAPTION/RATE_NVOL/GBP/9M/25Y/Smile/0.01,0.0114990000
2022-01-31,SWAPTION/RATE_NVOL/GBP/9M/25Y/Smile/0.015,0.0132580000
2022-01-31,SWAPTION/RATE_NVOL/GBP/9M/25Y/Smile/0.02,0.0149930000
2022-01-31,SWAPTION/RATE_NVOL/GBP/9M/2Y/ATM,0.0080100000
2022-01-31,SWAPTION/RATE_NVOL/GBP/9M/2Y/Smile/-0.0025,0.0073800000
2022-01-31,SWAPTION/RATE_NVOL/GBP/9M/2Y/Smile/-0.005,0.0069730000
2022-01-31,SWAPTION/RATE_NVOL/GBP/9M/2Y/Smile/-0.01,0.0069060000
2022-01-31,SWAPTION/RATE_NVOL/GBP/9M/2Y/Smile/-0.015,0.0073920000
2022-01-31,SWAPTION/RATE_NVOL/GBP/9M/2Y/Smile/-0.02,0.0079940000
2022-01-31,SWAPTION/RATE_NVOL/GBP/9M/2Y/Smile/0.0025,0.0087770000
2022-01-31,SWAPTION/RATE_NVOL/GBP/9M/2Y/Smile/0.005,0.0096120000
2022-01-31,SWAPTION/RATE_NVOL/GBP/9M/2Y/Smile/0.01,0.0113460000
2022-01-31,SWAPTION/RATE_NVOL/GBP/9M/2Y/Smile/0.015,0.0130780000
2022-01-31,SWAPTION/RATE_NVOL/GBP/9M/2Y/Smile/0.02,0.0147780000
2022-01-31,SWAPTION/RATE_NVOL/GBP/9M/30Y/ATM,0.0082500000
2022-01-31,SWAPTION/RATE_NVOL/GBP/9M/30Y/Smile/-0.0025,0.0076620000
2022-01-31,SWAPTION/RATE_NVOL/GBP/9M/30Y/Smile/-0.005,0.0073030000
2022-01-31,SWAPTION/RATE_NVOL/GBP/9M/30Y/Smile/-0.01,0.0072750000
2022-01-31,SWAPTION/RATE_NVOL/GBP/9M/30Y/Smile/-0.015,0.0077160000
2022-01-31,SWAPTION/RATE_NVOL/GBP/9M/30Y/Smile/-0.02,0.0081530000
2022-01-31,SWAPTION/RATE_NVOL/GBP/9M/30Y/Smile/0.0025,0.0089920000
2022-01-31,SWAPTION/RATE_NVOL/GBP/9M/30Y/Smile/0.005,0.0098160000
2022-01-31,SWAPTION/RATE_NVOL/GBP/9M/30Y/Smile/0.01,0.0115590000
2022-01-31,SWAPTION/RATE_NVOL/GBP/9M/30Y/Smile/0.015,0.0133180000
2022-01-31,SWAPTION/RATE_NVOL/GBP/9M/30Y/Smile/0.02,0.0150540000
2022-01-31,SWAPTION/RATE_NVOL/GBP/9M/3Y/ATM,0.0080300000
2022-01-31,SWAPTION/RATE_NVOL/GBP/9M/3Y/Smile/-0.0025,0.0073990000
2022-01-31,SWAPTION/RATE_NVOL/GBP/9M/3Y/Smile/-0.005,0.0069920000
2022-01-31,SWAPTION/RATE_NVOL/GBP/9M/3Y/Smile/-0.01,0.0069210000
2022-01-31,SWAPTION/RATE_NVOL/GBP/9M/3Y/Smile/-0.015,0.0074050000
2022-01-31,SWAPTION/RATE_NVOL/GBP/9M/3Y/Smile/-0.02,0.0080060000
2022-01-31,SWAPTION/RATE_NVOL/GBP/9M/3Y/Smile/0.0025,0.0087970000
2022-01-31,SWAPTION/RATE_NVOL/GBP/9M/3Y/Smile/0.005,0.0096320000
2022-01-31,SWAPTION/RATE_NVOL/GBP/9M/3Y/Smile/0.01,0.0113660000
2022-01-31,SWAPTION/RATE_NVOL/GBP/9M/3Y/Smile/0.015,0.0130980000
2022-01-31,SWAPTION/RATE_NVOL/GBP/9M/3Y/Smile/0.02,0.0147990000
2022-01-31,SWAPTION/RATE_NVOL/GBP/9M/4Y/ATM,0.0080400000
2022-01-31,SWAPTION/RATE_NVOL/GBP/9M/4Y/Smile/-0.0025,0.0074410000
2022-01-31,SWAPTION/RATE_NVOL/GBP/9M/4Y/Smile/-0.005,0.0070800000
2022-01-31,SWAPTION/RATE_NVOL/GBP/9M/4Y/Smile/-0.01,0.0070930000
2022-01-31,SWAPTION/RATE_NVOL/GBP/9M/4Y/Smile/-0.015,0.0076200000
2022-01-31,SWAPTION/RATE_NVOL/GBP/9M/4Y/Smile/-0.02,0.0082350000
2022-01-31,SWAPTION/RATE_NVOL/GBP/9M/4Y/Smile/0.0025,0.0087910000
2022-01-31,SWAPTION/RATE_NVOL/GBP/9M/4Y/Smile/0.005,0.0096210000
2022-01-31,SWAPTION/RATE_NVOL/GBP/9M/4Y/Smile/0.01,0.0113610000
2022-01-31,SWAPTION/RATE_NVOL/GBP/9M/4Y/Smile/0.015,0.0131080000
2022-01-31,SWAPTION/RATE_NVOL/GBP/9M/4Y/Smile/0.02,0.0148270000
2022-01-31,SWAPTION/RATE_NVOL/GBP/9M/5Y/ATM,0.0080300000
2022-01-31,SWAPTION/RATE_NVOL/GBP/9M/5Y/Smile/-0.0025,0.0074450000
2022-01-31,SWAPTION/RATE_NVOL/GBP/9M/5Y/Smile/-0.005,0.0071040000
2022-01-31,SWAPTION/RATE_NVOL/GBP/9M/5Y/Smile/-0.01,0.0071520000
2022-01-31,SWAPTION/RATE_NVOL/GBP/9M/5Y/Smile/-0.015,0.0076950000
2022-01-31,SWAPTION/RATE_NVOL/GBP/9M/5Y/Smile/-0.02,0.0083090000
2022-01-31,SWAPTION/RATE_NVOL/GBP/9M/5Y/Smile/0.0025,0.0087740000
2022-01-31,SWAPTION/RATE_NVOL/GBP/9M/5Y/Smile/0.005,0.0096020000
2022-01-31,SWAPTION/RATE_NVOL/GBP/9M/5Y/Smile/0.01,0.0113450000
2022-01-31,SWAPTION/RATE_NVOL/GBP/9M/5Y/Smile/0.015,0.0130980000
2022-01-31,SWAPTION/RATE_NVOL/GBP/9M/5Y/Smile/0.02,0.0148240000
2022-01-31,SWAPTION/RATE_NVOL/GBP/9M/6Y/ATM,0.0080000000
2022-01-31,SWAPTION/RATE_NVOL/GBP/9M/6Y/Smile/-0.0025,0.0073890000
2022-01-31,SWAPTION/RATE_NVOL/GBP/9M/6Y/Smile/-0.005,0.0070100000
2022-01-31,SWAPTION/RATE_NVOL/GBP/9M/6Y/Smile/-0.01,0.0069840000
2022-01-31,SWAPTION/RATE_NVOL/GBP/9M/6Y/Smile/-0.015,0.0074750000
2022-01-31,SWAPTION/RATE_NVOL/GBP/9M/6Y/Smile/-0.02,0.0080440000
2022-01-31,SWAPTION/RATE_NVOL/GBP/9M/6Y/Smile/0.0025,0.0087570000
2022-01-31,SWAPTION/RATE_NVOL/GBP/9M/6Y/Smile/0.005,0.0095890000
2022-01-31,SWAPTION/RATE_NVOL/GBP/9M/6Y/Smile/0.01,0.0113260000
2022-01-31,SWAPTION/RATE_NVOL/GBP/9M/6Y/Smile/0.015,0.0130680000
2022-01-31,SWAPTION/RATE_NVOL/GBP/9M/6Y/Smile/0.02,0.0147800000
2022-01-31,SWAPTION/RATE_NVOL/GBP/9M/7Y/ATM,0.0079700000
2022-01-31,SWAPTION/RATE_NVOL/GBP/9M/7Y/Smile/-0.0025,0.0073580000
2022-01-31,SWAPTION/RATE_NVOL/GBP/9M/7Y/Smile/-0.005,0.0069770000
2022-01-31,SWAPTION/RATE_NVOL/GBP/9M/7Y/Smile/-0.01,0.0069480000
2022-01-31,SWAPTION/RATE_NVOL/GBP/9M/7Y/Smile/-0.015,0.0074340000
2022-01-31,SWAPTION/RATE_NVOL/GBP/9M/7Y/Smile/-0.02,0.0079920000
2022-01-31,SWAPTION/RATE_NVOL/GBP/9M/7Y/Smile/0.0025,0.0087280000
2022-01-31,SWAPTION/RATE_NVOL/GBP/9M/7Y/Smile/0.005,0.0095600000
2022-01-31,SWAPTION/RATE_NVOL/GBP/9M/7Y/Smile/0.01,0.0112970000
2022-01-31,SWAPTION/RATE_NVOL/GBP/9M/7Y/Smile/0.015,0.0130380000
2022-01-31,SWAPTION/RATE_NVOL/GBP/9M/7Y/Smile/0.02,0.0147490000
2022-01-31,SWAPTION/RATE_NVOL/GBP/9M/8Y/ATM,0.0079500000
2022-01-31,SWAPTION/RATE_NVOL/GBP/9M/8Y/Smile/-0.0025,0.0073680000
2022-01-31,SWAPTION/RATE_NVOL/GBP/9M/8Y/Smile/-0.005,0.0070300000
2022-01-31,SWAPTION/RATE_NVOL/GBP/9M/8Y/Smile/-0.01,0.0070820000
2022-01-31,SWAPTION/RATE_NVOL/GBP/9M/8Y/Smile/-0.015,0.0076150000
2022-01-31,SWAPTION/RATE_NVOL/GBP/9M/8Y/Smile/-0.02,0.0081950000
2022-01-31,SWAPTION/RATE_NVOL/GBP/9M/8Y/Smile/0.0025,0.0086940000
2022-01-31,SWAPTION/RATE_NVOL/GBP/9M/8Y/Smile/0.005,0.0095210000
2022-01-31,SWAPTION/RATE_NVOL/GBP/9M/8Y/Smile/0.01,0.0112650000
2022-01-31,SWAPTION/RATE_NVOL/GBP/9M/8Y/Smile/0.015,0.0130180000
2022-01-31,SWAPTION/RATE_NVOL/GBP/9M/8Y/Smile/0.02,0.0147440000
2022-01-31,SWAPTION/RATE_NVOL/GBP/9M/9Y/ATM,0.0079200000
2022-01-31,SWAPTION/RATE_NVOL/GBP/9M/9Y/Smile/-0.0025,0.0073070000
2022-01-31,SWAPTION/RATE_NVOL/GBP/9M/9Y/Smile/-0.005,0.0069260000
2022-01-31,SWAPTION/RATE_NVOL/GBP/9M/9Y/Smile/-0.01,0.0068960000
2022-01-31,SWAPTION/RATE_NVOL/GBP/9M/9Y/Smile/-0.015,0.0073790000
2022-01-31,SWAPTION/RATE_NVOL/GBP/9M/9Y/Smile/-0.02,0.0079240000
2022-01-31,SWAPTION/RATE_NVOL/GBP/9M/9Y/Smile/0.0025,0.0086790000
2022-01-31,SWAPTION/RATE_NVOL/GBP/9M/9Y/Smile/0.005,0.0095110000
2022-01-31,SWAPTION/RATE_NVOL/GBP/9M/9Y/Smile/0.01,0.0112480000
2022-01-31,SWAPTION/RATE_NVOL/GBP/9M/9Y/Smile/0.015,0.0129880000
2022-01-31,SWAPTION/RATE_NVOL/GBP/9M/9Y/Smile/0.02,0.0146970000
2022-01-31,SWAPTION/RATE_NVOL/USD/10Y/10Y/ATM,0.0065300000
2022-01-31,SWAPTION/RATE_NVOL/USD/10Y/10Y/Smile/-0.0025,0.0065750000
2022-01-31,SWAPTION/RATE_NVOL/USD/10Y/10Y/Smile/-0.005,0.0066360000
2022-01-31,SWAPTION/RATE_NVOL/USD/10Y/10Y/Smile/-0.01,0.0067330000
2022-01-31,SWAPTION/RATE_NVOL/USD/10Y/10Y/Smile/-0.015,0.0066410000
2022-01-31,SWAPTION/RATE_NVOL/USD/10Y/10Y/Smile/-0.02,0.0055450000
2022-01-31,SWAPTION/RATE_NVOL/USD/10Y/10Y/Smile/0.0025,0.0065140000
2022-01-31,SWAPTION/RATE_NVOL/USD/10Y/10Y/Smile/0.005,0.0065400000
2022-01-31,SWAPTION/RATE_NVOL/USD/10Y/10Y/Smile/0.01,0.0067400000
2022-01-31,SWAPTION/RATE_NVOL/USD/10Y/10Y/Smile/0.015,0.0071200000
2022-01-31,SWAPTION/RATE_NVOL/USD/10Y/10Y/Smile/0.02,0.0076250000
2022-01-31,SWAPTION/RATE_NVOL/USD/10Y/15Y/ATM,0.0062200000
2022-01-31,SWAPTION/RATE_NVOL/USD/10Y/15Y/Smile/-0.0025,0.0062210000
2022-01-31,SWAPTION/RATE_NVOL/USD/10Y/15Y/Smile/-0.005,0.0062330000
2022-01-31,SWAPTION/RATE_NVOL/USD/10Y/15Y/Smile/-0.01,0.0062330000
2022-01-31,SWAPTION/RATE_NVOL/USD/10Y/15Y/Smile/-0.015,0.0060390000
2022-01-31,SWAPTION/RATE_NVOL/USD/10Y/15Y/Smile/-0.02,0.0042660000
2022-01-31,SWAPTION/RATE_NVOL/USD/10Y/15Y/Smile/0.0025,0.0062420000
2022-01-31,SWAPTION/RATE_NVOL/USD/10Y/15Y/Smile/0.005,0.0062950000
2022-01-31,SWAPTION/RATE_NVOL/USD/10Y/15Y/Smile/0.01,0.0065110000
2022-01-31,SWAPTION/RATE_NVOL/USD/10Y/15Y/Smile/0.015,0.0068630000
2022-01-31,SWAPTION/RATE_NVOL/USD/10Y/15Y/Smile/0.02,0.0073150000
2022-01-31,SWAPTION/RATE_NVOL/USD/10Y/1Y/ATM,0.0071500000
2022-01-31,SWAPTION/RATE_NVOL/USD/10Y/1Y/Smile/-0.0025,0.0071900000
2022-01-31,SWAPTION/RATE_NVOL/USD/10Y/1Y/Smile/-0.005,0.0072420000
2022-01-31,SWAPTION/RATE_NVOL/USD/10Y/1Y/Smile/-0.01,0.0073120000
2022-01-31,SWAPTION/RATE_NVOL/USD/10Y/1Y/Smile/-0.015,0.0071690000
2022-01-31,SWAPTION/RATE_NVOL/USD/10Y/1Y/Smile/-0.02,0.0060050000
2022-01-31,SWAPTION/RATE_NVOL/USD/10Y/1Y/Smile/0.0025,0.0071370000
2022-01-31,SWAPTION/RATE_NVOL/USD/10Y/1Y/Smile/0.005,0.0071620000
2022-01-31,SWAPTION/RATE_NVOL/USD/10Y/1Y/Smile/0.01,0.0073560000
2022-01-31,SWAPTION/RATE_NVOL/USD/10Y/1Y/Smile/0.015,0.0077330000
2022-01-31,SWAPTION/RATE_NVOL/USD/10Y/1Y/Smile/0.02,0.0082450000
2022-01-31,SWAPTION/RATE_NVOL/USD/10Y/20Y/ATM,0.0059500000
2022-01-31,SWAPTION/RATE_NVOL/USD/10Y/20Y/Smile/-0.0025,0.0059520000
2022-01-31,SWAPTION/RATE_NVOL/USD/10Y/20Y/Smile/-0.005,0.0059640000
2022-01-31,SWAPTION/RATE_NVOL/USD/10Y/20Y/Smile/-0.01,0.0059630000
2022-01-31,SWAPTION/RATE_NVOL/USD/10Y/20Y/Smile/-0.015,0.0057480000
2022-01-31,SWAPTION/RATE_NVOL/USD/10Y/20Y/Smile/-0.02,0.0033780000
2022-01-31,SWAPTION/RATE_NVOL/USD/10Y/20Y/Smile/0.0025,0.0059710000
2022-01-31,SWAPTION/RATE_NVOL/USD/10Y/20Y/Smile/0.005,0.0060250000
2022-01-31,SWAPTION/RATE_NVOL/USD/10Y/20Y/Smile/0.01,0.0062420000
2022-01-31,SWAPTION/RATE_NVOL/USD/10Y/20Y/Smile/0.015,0.0065950000
2022-01-31,SWAPTION/RATE_NVOL/USD/10Y/20Y/Smile/0.02,0.0070450000
2022-01-31,SWAPTION/RATE_NVOL/USD/10Y/25Y/ATM,0.0057800000
2022-01-31,SWAPTION/RATE_NVOL/USD/10Y/25Y/Smile/-0.0025,0.0057800000
2022-01-31,SWAPTION/RATE_NVOL/USD/10Y/25Y/Smile/-0.005,0.0057920000
2022-01-31,SWAPTION/RATE_NVOL/USD/10Y/25Y/Smile/-0.01,0.0057930000
2022-01-31,SWAPTION/RATE_NVOL/USD/10Y/25Y/Smile/-0.015,0.0055880000
2022-01-31,SWAPTION/RATE_NVOL/USD/10Y/25Y/Smile/-0.02,0.0030600000
2022-01-31,SWAPTION/RATE_NVOL/USD/10Y/25Y/Smile/0.0025,0.0058030000
2022-01-31,SWAPTION/RATE_NVOL/USD/10Y/25Y/Smile/0.005,0.0058580000
2022-01-31,SWAPTION/RATE_NVOL/USD/10Y/25Y/Smile/0.01,0.0060770000
2022-01-31,SWAPTION/RATE_NVOL/USD/10Y/25Y/Smile/0.015,0.0064290000
2022-01-31,SWAPTION/RATE_NVOL/USD/10Y/25Y/Smile/0.02,0.0068750000
2022-01-31,SWAPTION/RATE_NVOL/USD/10Y/2Y/ATM,0.0070100000
2022-01-31,SWAPTION/RATE_NVOL/USD/10Y/2Y/Smile/-0.0025,0.0070650000
2022-01-31,SWAPTION/RATE_NVOL/USD/10Y/2Y/Smile/-0.005,0.0071330000
2022-01-31,SWAPTION/RATE_NVOL/USD/10Y/2Y/Smile/-0.01,0.0072380000
2022-01-31,SWAPTION/RATE_NVOL/USD/10Y/2Y/Smile/-0.015,0.0071340000
2022-01-31,SWAPTION/RATE_NVOL/USD/10Y/2Y/Smile/-0.02,0.0060400000
2022-01-31,SWAPTION/RATE_NVOL/USD/10Y/2Y/Smile/0.0025,0.0069850000
2022-01-31,SWAPTION/RATE_NVOL/USD/10Y/2Y/Smile/0.005,0.0070020000
2022-01-31,SWAPTION/RATE_NVOL/USD/10Y/2Y/Smile/0.01,0.0071920000
2022-01-31,SWAPTION/RATE_NVOL/USD/10Y/2Y/Smile/0.015,0.0075790000
2022-01-31,SWAPTION/RATE_NVOL/USD/10Y/2Y/Smile/0.02,0.0081050000
2022-01-31,SWAPTION/RATE_NVOL/USD/10Y/30Y/ATM,0.0057400000
2022-01-31,SWAPTION/RATE_NVOL/USD/10Y/30Y/Smile/-0.0025,0.0057400000
2022-01-31,SWAPTION/RATE_NVOL/USD/10Y/30Y/Smile/-0.005,0.0057520000
2022-01-31,SWAPTION/RATE_NVOL/USD/10Y/30Y/Smile/-0.01,0.0057530000
2022-01-31,SWAPTION/RATE_NVOL/USD/10Y/30Y/Smile/-0.015,0.0055470000
2022-01-31,SWAPTION/RATE_NVOL/USD/10Y/30Y/Smile/-0.02,0.0027640000
2022-01-31,SWAPTION/RATE_NVOL/USD/10Y/30Y/Smile/0.0025,0.0057630000
2022-01-31,SWAPTION/RATE_NVOL/USD/10Y/30Y/Smile/0.005,0.0058190000
2022-01-31,SWAPTION/RATE_NVOL/USD/10Y/30Y/Smile/0.01,0.0060380000
2022-01-31,SWAPTION/RATE_NVOL/USD/10Y/30Y/Smile/0.015,0.0063900000
2022-01-31,SWAPTION/RATE_NVOL/USD/10Y/30Y/Smile/0.02,0.0068350000
2022-01-31,SWAPTION/RATE_NVOL/USD/10Y/3Y/ATM,0.0069300000
2022-01-31,SWAPTION/RATE_NVOL/USD/10Y/3Y/Smile/-0.0025,0.0069810000
2022-01-31,SWAPTION/RATE_NVOL/USD/10Y/3Y/Smile/-0.005,0.0070460000
2022-01-31,SWAPTION/RATE_NVOL/USD/10Y/3Y/Smile/-0.01,0.0071480000
2022-01-31,SWAPTION/RATE_NVOL/USD/10Y/3Y/Smile/-0.015,0.0070470000
2022-01-31,SWAPTION/RATE_NVOL/USD/10Y/3Y/Smile/-0.02,0.0059850000
2022-01-31,SWAPTION/RATE_NVOL/USD/10Y/3Y/Smile/0.0025,0.0069080000
2022-01-31,SWAPTION/RATE_NVOL/USD/10Y/3Y/Smile/0.005,0.0069280000
2022-01-31,SWAPTION/RATE_NVOL/USD/10Y/3Y/Smile/0.01,0.0071210000
2022-01-31,SWAPTION/RATE_NVOL/USD/10Y/3Y/Smile/0.015,0.0075050000
2022-01-31,SWAPTION/RATE_NVOL/USD/10Y/3Y/Smile/0.02,0.0080250000
2022-01-31,SWAPTION/RATE_NVOL/USD/10Y/4Y/ATM,0.0068800000
2022-01-31,SWAPTION/RATE_NVOL/USD/10Y/4Y/Smile/-0.0025,0.0069330000
2022-01-31,SWAPTION/RATE_NVOL/USD/10Y/4Y/Smile/-0.005,0.0070010000
2022-01-31,SWAPTION/RATE_NVOL/USD/10Y/4Y/Smile/-0.01,0.0071090000
2022-01-31,SWAPTION/RATE_NVOL/USD/10Y/4Y/Smile/-0.015,0.0070170000
2022-01-31,SWAPTION/RATE_NVOL/USD/10Y/4Y/Smile/-0.02,0.0059690000
2022-01-31,SWAPTION/RATE_NVOL/USD/10Y/4Y/Smile/0.0025,0.0068560000
2022-01-31,SWAPTION/RATE_NVOL/USD/10Y/4Y/Smile/0.005,0.0068760000
2022-01-31,SWAPTION/RATE_NVOL/USD/10Y/4Y/Smile/0.01,0.0070680000
2022-01-31,SWAPTION/RATE_NVOL/USD/10Y/4Y/Smile/0.015,0.0074540000
2022-01-31,SWAPTION/RATE_NVOL/USD/10Y/4Y/Smile/0.02,0.0079750000
2022-01-31,SWAPTION/RATE_NVOL/USD/10Y/5Y/ATM,0.0068200000
2022-01-31,SWAPTION/RATE_NVOL/USD/10Y/5Y/Smile/-0.0025,0.0068760000
2022-01-31,SWAPTION/RATE_NVOL/USD/10Y/5Y/Smile/-0.005,0.0069460000
2022-01-31,SWAPTION/RATE_NVOL/USD/10Y/5Y/Smile/-0.01,0.0070600000
2022-01-31,SWAPTION/RATE_NVOL/USD/10Y/5Y/Smile/-0.015,0.0069770000
2022-01-31,SWAPTION/RATE_NVOL/USD/10Y/5Y/Smile/-0.02,0.0059500000
2022-01-31,SWAPTION/RATE_NVOL/USD/10Y/5Y/Smile/0.0025,0.0067950000
2022-01-31,SWAPTION/RATE_NVOL/USD/10Y/5Y/Smile/0.005,0.0068130000
2022-01-31,SWAPTION/RATE_NVOL/USD/10Y/5Y/Smile/0.01,0.0070060000
2022-01-31,SWAPTION/RATE_NVOL/USD/10Y/5Y/Smile/0.015,0.0073930000
2022-01-31,SWAPTION/RATE_NVOL/USD/10Y/5Y/Smile/0.02,0.0079150000
2022-01-31,SWAPTION/RATE_NVOL/USD/10Y/6Y/ATM,0.0067500000
2022-01-31,SWAPTION/RATE_NVOL/USD/10Y/6Y/Smile/-0.0025,0.0068040000
2022-01-31,SWAPTION/RATE_NVOL/USD/10Y/6Y/Smile/-0.005,0.0068730000
2022-01-31,SWAPTION/RATE_NVOL/USD/10Y/6Y/Smile/-0.01,0.0069870000
2022-01-31,SWAPTION/RATE_NVOL/USD/10Y/6Y/Smile/-0.015,0.0069070000
2022-01-31,SWAPTION/RATE_NVOL/USD/10Y/6Y/Smile/-0.02,0.0058980000
2022-01-31,SWAPTION/RATE_NVOL/USD/10Y/6Y/Smile/0.0025,0.0067260000
2022-01-31,SWAPTION/RATE_NVOL/USD/10Y/6Y/Smile/0.005,0.0067460000
2022-01-31,SWAPTION/RATE_NVOL/USD/10Y/6Y/Smile/0.01,0.0069400000
2022-01-31,SWAPTION/RATE_NVOL/USD/10Y/6Y/Smile/0.015,0.0073260000
2022-01-31,SWAPTION/RATE_NVOL/USD/10Y/6Y/Smile/0.02,0.0078450000
2022-01-31,SWAPTION/RATE_NVOL/USD/10Y/7Y/ATM,0.0066900000
2022-01-31,SWAPTION/RATE_NVOL/USD/10Y/7Y/Smile/-0.0025,0.0067430000
2022-01-31,SWAPTION/RATE_NVOL/USD/10Y/7Y/Smile/-0.005,0.0068120000
2022-01-31,SWAPTION/RATE_NVOL/USD/10Y/7Y/Smile/-0.01,0.0069250000
2022-01-31,SWAPTION/RATE_NVOL/USD/10Y/7Y/Smile/-0.015,0.0068470000
2022-01-31,SWAPTION/RATE_NVOL/USD/10Y/7Y/Smile/-0.02,0.0058380000
2022-01-31,SWAPTION/RATE_NVOL/USD/10Y/7Y/Smile/0.0025,0.0066670000
2022-01-31,SWAPTION/RATE_NVOL/USD/10Y/7Y/Smile/0.005,0.0066880000
2022-01-31,SWAPTION/RATE_NVOL/USD/10Y/7Y/Smile/0.01,0.0068830000
2022-01-31,SWAPTION/RATE_NVOL/USD/10Y/7Y/Smile/0.015,0.0072680000
2022-01-31,SWAPTION/RATE_NVOL/USD/10Y/7Y/Smile/0.02,0.0077850000
2022-01-31,SWAPTION/RATE_NVOL/USD/10Y/8Y/ATM,0.0066400000
2022-01-31,SWAPTION/RATE_NVOL/USD/10Y/8Y/Smile/-0.0025,0.0066930000
2022-01-31,SWAPTION/RATE_NVOL/USD/10Y/8Y/Smile/-0.005,0.0067610000
2022-01-31,SWAPTION/RATE_NVOL/USD/10Y/8Y/Smile/-0.01,0.0068750000
2022-01-31,SWAPTION/RATE_NVOL/USD/10Y/8Y/Smile/-0.015,0.0067970000
2022-01-31,SWAPTION/RATE_NVOL/USD/10Y/8Y/Smile/-0.02,0.0057750000
2022-01-31,SWAPTION/RATE_NVOL/USD/10Y/8Y/Smile/0.0025,0.0066180000
2022-01-31,SWAPTION/RATE_NVOL/USD/10Y/8Y/Smile/0.005,0.0066390000
2022-01-31,SWAPTION/RATE_NVOL/USD/10Y/8Y/Smile/0.01,0.0068340000
2022-01-31,SWAPTION/RATE_NVOL/USD/10Y/8Y/Smile/0.015,0.0072190000
2022-01-31,SWAPTION/RATE_NVOL/USD/10Y/8Y/Smile/0.02,0.0077350000
2022-01-31,SWAPTION/RATE_NVOL/USD/10Y/9Y/ATM,0.0065800000
2022-01-31,SWAPTION/RATE_NVOL/USD/10Y/9Y/Smile/-0.0025,0.0066310000
2022-01-31,SWAPTION/RATE_NVOL/USD/10Y/9Y/Smile/-0.005,0.0066980000
2022-01-31,SWAPTION/RATE_NVOL/USD/10Y/9Y/Smile/-0.01,0.0068080000
2022-01-31,SWAPTION/RATE_NVOL/USD/10Y/9Y/Smile/-0.015,0.0067280000
2022-01-31,SWAPTION/RATE_NVOL/USD/10Y/9Y/Smile/-0.02,0.0056840000
2022-01-31,SWAPTION/RATE_NVOL/USD/10Y/9Y/Smile/0.0025,0.0065590000
2022-01-31,SWAPTION/RATE_NVOL/USD/10Y/9Y/Smile/0.005,0.0065820000
2022-01-31,SWAPTION/RATE_NVOL/USD/10Y/9Y/Smile/0.01,0.0067780000
2022-01-31,SWAPTION/RATE_NVOL/USD/10Y/9Y/Smile/0.015,0.0071620000
2022-01-31,SWAPTION/RATE_NVOL/USD/10Y/9Y/Smile/0.02,0.0076750000
2022-01-31,SWAPTION/RATE_NVOL/USD/15Y/10Y/ATM,0.0058300000
2022-01-31,SWAPTION/RATE_NVOL/USD/15Y/10Y/Smile/-0.0025,0.0058510000
2022-01-31,SWAPTION/RATE_NVOL/USD/15Y/10Y/Smile/-0.005,0.0058700000
2022-01-31,SWAPTION/RATE_NVOL/USD/15Y/10Y/Smile/-0.01,0.0058340000
2022-01-31,SWAPTION/RATE_NVOL/USD/15Y/10Y/Smile/-0.015,0.0054810000
2022-01-31,SWAPTION/RATE_NVOL/USD/15Y/10Y/Smile/-0.02,0.0034220000
2022-01-31,SWAPTION/RATE_NVOL/USD/15Y/10Y/Smile/0.0025,0.0058210000
2022-01-31,SWAPTION/RATE_NVOL/USD/15Y/10Y/Smile/0.005,0.0058360000
2022-01-31,SWAPTION/RATE_NVOL/USD/15Y/10Y/Smile/0.01,0.0059650000
2022-01-31,SWAPTION/RATE_NVOL/USD/15Y/10Y/Smile/0.015,0.0062380000
2022-01-31,SWAPTION/RATE_NVOL/USD/15Y/10Y/Smile/0.02,0.0066250000
2022-01-31,SWAPTION/RATE_NVOL/USD/15Y/15Y/ATM,0.0055700000
2022-01-31,SWAPTION/RATE_NVOL/USD/15Y/15Y/Smile/-0.0025,0.0055920000
2022-01-31,SWAPTION/RATE_NVOL/USD/15Y/15Y/Smile/-0.005,0.0056130000
2022-01-31,SWAPTION/RATE_NVOL/USD/15Y/15Y/Smile/-0.01,0.0055740000
2022-01-31,SWAPTION/RATE_NVOL/USD/15Y/15Y/Smile/-0.015,0.0051840000
2022-01-31,SWAPTION/RATE_NVOL/USD/15Y/15Y/Smile/-0.02,0.0010860000
2022-01-31,SWAPTION/RATE_NVOL/USD/15Y/15Y/Smile/0.0025,0.0055600000
2022-01-31,SWAPTION/RATE_NVOL/USD/15Y/15Y/Smile/0.005,0.0055730000
2022-01-31,SWAPTION/RATE_NVOL/USD/15Y/15Y/Smile/0.01,0.0057030000
2022-01-31,SWAPTION/RATE_NVOL/USD/15Y/15Y/Smile/0.015,0.0059780000
2022-01-31,SWAPTION/RATE_NVOL/USD/15Y/15Y/Smile/0.02,0.0063660000
2022-01-31,SWAPTION/RATE_NVOL/USD/15Y/1Y/ATM,0.0063400000
2022-01-31,SWAPTION/RATE_NVOL/USD/15Y/1Y/Smile/-0.0025,0.0063490000
2022-01-31,SWAPTION/RATE_NVOL/USD/15Y/1Y/Smile/-0.005,0.0063620000
2022-01-31,SWAPTION/RATE_NVOL/USD/15Y/1Y/Smile/-0.01,0.0063440000
2022-01-31,SWAPTION/RATE_NVOL/USD/15Y/1Y/Smile/-0.015,0.0061150000
2022-01-31,SWAPTION/RATE_NVOL/USD/15Y/1Y/Smile/-0.02,0.0048470000
2022-01-31,SWAPTION/RATE_NVOL/USD/15Y/1Y/Smile/0.0025,0.0063470000
2022-01-31,SWAPTION/RATE_NVOL/USD/15Y/1Y/Smile/0.005,0.0063780000
2022-01-31,SWAPTION/RATE_NVOL/USD/15Y/1Y/Smile/0.01,0.0065380000
2022-01-31,SWAPTION/RATE_NVOL/USD/15Y/1Y/Smile/0.015,0.0068320000
2022-01-31,SWAPTION/RATE_NVOL/USD/15Y/1Y/Smile/0.02,0.0072330000
2022-01-31,SWAPTION/RATE_NVOL/USD/15Y/20Y/ATM,0.0053600000
2022-01-31,SWAPTION/RATE_NVOL/USD/15Y/20Y/Smile/-0.0025,0.0053780000
2022-01-31,SWAPTION/RATE_NVOL/USD/15Y/20Y/Smile/-0.005,0.0053960000
2022-01-31,SWAPTION/RATE_NVOL/USD/15Y/20Y/Smile/-0.01,0.0053640000
2022-01-31,SWAPTION/RATE_NVOL/USD/15Y/20Y/Smile/-0.015,0.0050220000
2022-01-31,SWAPTION/RATE_NVOL/USD/15Y/20Y/Smile/-0.02,0.0028700000
2022-01-31,SWAPTION/RATE_NVOL/USD/15Y/20Y/Smile/0.0025,0.0053540000
2022-01-31,SWAPTION/RATE_NVOL/USD/15Y/20Y/Smile/0.005,0.0053720000
2022-01-31,SWAPTION/RATE_NVOL/USD/15Y/20Y/Smile/0.01,0.0055030000
2022-01-31,SWAPTION/RATE_NVOL/USD/15Y/20Y/Smile/0.015,0.0057680000
2022-01-31,SWAPTION/RATE_NVOL/USD/15Y/20Y/Smile/0.02,0.0061370000
2022-01-31,SWAPTION/RATE_NVOL/USD/15Y/25Y/ATM,0.0052500000
2022-01-31,SWAPTION/RATE_NVOL/USD/15Y/25Y/Smile/-0.0025,0.0052660000
2022-01-31,SWAPTION/RATE_NVOL/USD/15Y/25Y/Smile/-0.005,0.0052820000
2022-01-31,SWAPTION/RATE_NVOL/USD/15Y/25Y/Smile/-0.01,0.0052540000
2022-01-31,SWAPTION/RATE_NVOL/USD/15Y/25Y/Smile/-0.015,0.0049360000
2022-01-31,SWAPTION/RATE_NVOL/USD/15Y/25Y/Smile/-0.02,0.0023120000
2022-01-31,SWAPTION/RATE_NVOL/USD/15Y/25Y/Smile/0.0025,0.0052470000
2022-01-31,SWAPTION/RATE_NVOL/USD/15Y/25Y/Smile/0.005,0.0052670000
2022-01-31,SWAPTION/RATE_NVOL/USD/15Y/25Y/Smile/0.01,0.0054000000
2022-01-31,SWAPTION/RATE_NVOL/USD/15Y/25Y/Smile/0.015,0.0056620000
2022-01-31,SWAPTION/RATE_NVOL/USD/15Y/25Y/Smile/0.02,0.0060240000
2022-01-31,SWAPTION/RATE_NVOL/USD/15Y/2Y/ATM,0.0062300000
2022-01-31,SWAPTION/RATE_NVOL/USD/15Y/2Y/Smile/-0.0025,0.0062400000
2022-01-31,SWAPTION/RATE_NVOL/USD/15Y/2Y/Smile/-0.005,0.0062530000
2022-01-31,SWAPTION/RATE_NVOL/USD/15Y/2Y/Smile/-0.01,0.0062340000
2022-01-31,SWAPTION/RATE_NVOL/USD/15Y/2Y/Smile/-0.015,0.0060030000
2022-01-31,SWAPTION/RATE_NVOL/USD/15Y/2Y/Smile/-0.02,0.0047010000
2022-01-31,SWAPTION/RATE_NVOL/USD/15Y/2Y/Smile/0.0025,0.0062350000
2022-01-31,SWAPTION/RATE_NVOL/USD/15Y/2Y/Smile/0.005,0.0062630000
2022-01-31,SWAPTION/RATE_NVOL/USD/15Y/2Y/Smile/0.01,0.0064120000
2022-01-31,SWAPTION/RATE_NVOL/USD/15Y/2Y/Smile/0.015,0.0066920000
2022-01-31,SWAPTION/RATE_NVOL/USD/15Y/2Y/Smile/0.02,0.0070780000
2022-01-31,SWAPTION/RATE_NVOL/USD/15Y/30Y/ATM,0.0052200000
2022-01-31,SWAPTION/RATE_NVOL/USD/15Y/30Y/Smile/-0.0025,0.0052350000
2022-01-31,SWAPTION/RATE_NVOL/USD/15Y/30Y/Smile/-0.005,0.0052510000
2022-01-31,SWAPTION/RATE_NVOL/USD/15Y/30Y/Smile/-0.01,0.0052240000
2022-01-31,SWAPTION/RATE_NVOL/USD/15Y/30Y/Smile/-0.015,0.0049120000
2022-01-31,SWAPTION/RATE_NVOL/USD/15Y/30Y/Smile/-0.02,0.0015730000
2022-01-31,SWAPTION/RATE_NVOL/USD/15Y/30Y/Smile/0.0025,0.0052180000
2022-01-31,SWAPTION/RATE_NVOL/USD/15Y/30Y/Smile/0.005,0.0052380000
2022-01-31,SWAPTION/RATE_NVOL/USD/15Y/30Y/Smile/0.01,0.0053720000
2022-01-31,SWAPTION/RATE_NVOL/USD/15Y/30Y/Smile/0.015,0.0056340000
2022-01-31,SWAPTION/RATE_NVOL/USD/15Y/30Y/Smile/0.02,0.0059940000
2022-01-31,SWAPTION/RATE_NVOL/USD/15Y/3Y/ATM,0.0061500000
2022-01-31,SWAPTION/RATE_NVOL/USD/15Y/3Y/Smile/-0.0025,0.0061600000
2022-01-31,SWAPTION/RATE_NVOL/USD/15Y/3Y/Smile/-0.005,0.0061730000
2022-01-31,SWAPTION/RATE_NVOL/USD/15Y/3Y/Smile/-0.01,0.0061540000
2022-01-31,SWAPTION/RATE_NVOL/USD/15Y/3Y/Smile/-0.015,0.0059220000
2022-01-31,SWAPTION/RATE_NVOL/USD/15Y/3Y/Smile/-0.02,0.0045840000
2022-01-31,SWAPTION/RATE_NVOL/USD/15Y/3Y/Smile/0.0025,0.0061540000
2022-01-31,SWAPTION/RATE_NVOL/USD/15Y/3Y/Smile/0.005,0.0061810000
2022-01-31,SWAPTION/RATE_NVOL/USD/15Y/3Y/Smile/0.01,0.0063270000
2022-01-31,SWAPTION/RATE_NVOL/USD/15Y/3Y/Smile/0.015,0.0066030000
2022-01-31,SWAPTION/RATE_NVOL/USD/15Y/3Y/Smile/0.02,0.0069830000
2022-01-31,SWAPTION/RATE_NVOL/USD/15Y/4Y/ATM,0.0061000000
2022-01-31,SWAPTION/RATE_NVOL/USD/15Y/4Y/Smile/-0.0025,0.0061080000
2022-01-31,SWAPTION/RATE_NVOL/USD/15Y/4Y/Smile/-0.005,0.0061210000
2022-01-31,SWAPTION/RATE_NVOL/USD/15Y/4Y/Smile/-0.01,0.0061040000
2022-01-31,SWAPTION/RATE_NVOL/USD/15Y/4Y/Smile/-0.015,0.0058760000
2022-01-31,SWAPTION/RATE_NVOL/USD/15Y/4Y/Smile/-0.02,0.0044840000
2022-01-31,SWAPTION/RATE_NVOL/USD/15Y/4Y/Smile/0.0025,0.0061070000
2022-01-31,SWAPTION/RATE_NVOL/USD/15Y/4Y/Smile/0.005,0.0061390000
2022-01-31,SWAPTION/RATE_NVOL/USD/15Y/4Y/Smile/0.01,0.0062980000
2022-01-31,SWAPTION/RATE_NVOL/USD/15Y/4Y/Smile/0.015,0.0065880000
2022-01-31,SWAPTION/RATE_NVOL/USD/15Y/4Y/Smile/0.02,0.0069810000
2022-01-31,SWAPTION/RATE_NVOL/USD/15Y/5Y/ATM,0.0060500000
2022-01-31,SWAPTION/RATE_NVOL/USD/15Y/5Y/Smile/-0.0025,0.0060590000
2022-01-31,SWAPTION/RATE_NVOL/USD/15Y/5Y/Smile/-0.005,0.0060720000
2022-01-31,SWAPTION/RATE_NVOL/USD/15Y/5Y/Smile/-0.01,0.0060540000
2022-01-31,SWAPTION/RATE_NVOL/USD/15Y/5Y/Smile/-0.015,0.0058160000
2022-01-31,SWAPTION/RATE_NVOL/USD/15Y/5Y/Smile/-0.02,0.0042670000
2022-01-31,SWAPTION/RATE_NVOL/USD/15Y/5Y/Smile/0.0025,0.0060570000
2022-01-31,SWAPTION/RATE_NVOL/USD/15Y/5Y/Smile/0.005,0.0060880000
2022-01-31,SWAPTION/RATE_NVOL/USD/15Y/5Y/Smile/0.01,0.0062480000
2022-01-31,SWAPTION/RATE_NVOL/USD/15Y/5Y/Smile/0.015,0.0065400000
2022-01-31,SWAPTION/RATE_NVOL/USD/15Y/5Y/Smile/0.02,0.0069360000
2022-01-31,SWAPTION/RATE_NVOL/USD/15Y/6Y/ATM,0.0060000000
2022-01-31,SWAPTION/RATE_NVOL/USD/15Y/6Y/Smile/-0.0025,0.0060150000
2022-01-31,SWAPTION/RATE_NVOL/USD/15Y/6Y/Smile/-0.005,0.0060300000
2022-01-31,SWAPTION/RATE_NVOL/USD/15Y/6Y/Smile/-0.01,0.0060040000
2022-01-31,SWAPTION/RATE_NVOL/USD/15Y/6Y/Smile/-0.015,0.0057300000
2022-01-31,SWAPTION/RATE_NVOL/USD/15Y/6Y/Smile/-0.02,0.0038290000
2022-01-31,SWAPTION/RATE_NVOL/USD/15Y/6Y/Smile/0.0025,0.0059970000
2022-01-31,SWAPTION/RATE_NVOL/USD/15Y/6Y/Smile/0.005,0.0060160000
2022-01-31,SWAPTION/RATE_NVOL/USD/15Y/6Y/Smile/0.01,0.0061460000
2022-01-31,SWAPTION/RATE_NVOL/USD/15Y/6Y/Smile/0.015,0.0064080000
2022-01-31,SWAPTION/RATE_NVOL/USD/15Y/6Y/Smile/0.02,0.0067780000
2022-01-31,SWAPTION/RATE_NVOL/USD/15Y/7Y/ATM,0.0059500000
2022-01-31,SWAPTION/RATE_NVOL/USD/15Y/7Y/Smile/-0.0025,0.0059660000
2022-01-31,SWAPTION/RATE_NVOL/USD/15Y/7Y/Smile/-0.005,0.0059830000
2022-01-31,SWAPTION/RATE_NVOL/USD/15Y/7Y/Smile/-0.01,0.0059540000
2022-01-31,SWAPTION/RATE_NVOL/USD/15Y/7Y/Smile/-0.015,0.0056620000
2022-01-31,SWAPTION/RATE_NVOL/USD/15Y/7Y/Smile/-0.02,0.0033200000
2022-01-31,SWAPTION/RATE_NVOL/USD/15Y/7Y/Smile/0.0025,0.0059460000
2022-01-31,SWAPTION/RATE_NVOL/USD/15Y/7Y/Smile/0.005,0.0059640000
2022-01-31,SWAPTION/RATE_NVOL/USD/15Y/7Y/Smile/0.01,0.0060940000
2022-01-31,SWAPTION/RATE_NVOL/USD/15Y/7Y/Smile/0.015,0.0063580000
2022-01-31,SWAPTION/RATE_NVOL/USD/15Y/7Y/Smile/0.02,0.0067320000
2022-01-31,SWAPTION/RATE_NVOL/USD/15Y/8Y/ATM,0.0059100000
2022-01-31,SWAPTION/RATE_NVOL/USD/15Y/8Y/Smile/-0.0025,0.0059280000
2022-01-31,SWAPTION/RATE_NVOL/USD/15Y/8Y/Smile/-0.005,0.0059450000
2022-01-31,SWAPTION/RATE_NVOL/USD/15Y/8Y/Smile/-0.01,0.0059140000
2022-01-31,SWAPTION/RATE_NVOL/USD/15Y/8Y/Smile/-0.015,0.0056020000
2022-01-31,SWAPTION/RATE_NVOL/USD/15Y/8Y/Smile/-0.02,0.0024710000
2022-01-31,SWAPTION/RATE_NVOL/USD/15Y/8Y/Smile/0.0025,0.0059040000
2022-01-31,SWAPTION/RATE_NVOL/USD/15Y/8Y/Smile/0.005,0.0059210000
2022-01-31,SWAPTION/RATE_NVOL/USD/15Y/8Y/Smile/0.01,0.0060510000
2022-01-31,SWAPTION/RATE_NVOL/USD/15Y/8Y/Smile/0.015,0.0063180000
2022-01-31,SWAPTION/RATE_NVOL/USD/15Y/8Y/Smile/0.02,0.0066960000
2022-01-31,SWAPTION/RATE_NVOL/USD/15Y/9Y/ATM,0.0058700000
2022-01-31,SWAPTION/RATE_NVOL/USD/15Y/9Y/Smile/-0.0025,0.0058890000
2022-01-31,SWAPTION/RATE_NVOL/USD/15Y/9Y/Smile/-0.005,0.0059080000
2022-01-31,SWAPTION/RATE_NVOL/USD/15Y/9Y/Smile/-0.01,0.0058740000
2022-01-31,SWAPTION/RATE_NVOL/USD/15Y/9Y/Smile/-0.015,0.0055410000
2022-01-31,SWAPTION/RATE_NVOL/USD/15Y/9Y/Smile/-0.02,0.0038730000
2022-01-31,SWAPTION/RATE_NVOL/USD/15Y/9Y/Smile/0.0025,0.0058630000
2022-01-31,SWAPTION/RATE_NVOL/USD/15Y/9Y/Smile/0.005,0.0058780000
2022-01-31,SWAPTION/RATE_NVOL/USD/15Y/9Y/Smile/0.01,0.0060080000
2022-01-31,SWAPTION/RATE_NVOL/USD/15Y/9Y/Smile/0.015,0.0062780000
2022-01-31,SWAPTION/RATE_NVOL/USD/15Y/9Y/Smile/0.02,0.0066610000
2022-01-31,SWAPTION/RATE_NVOL/USD/1M/10Y/ATM,0.0080600000
2022-01-31,SWAPTION/RATE_NVOL/USD/1M/10Y/Smile/-0.0025,0.0081030000
2022-01-31,SWAPTION/RATE_NVOL/USD/1M/10Y/Smile/-0.005,0.0082590000
2022-01-31,SWAPTION/RATE_NVOL/USD/1M/10Y/Smile/-0.01,0.0087050000
2022-01-31,SWAPTION/RATE_NVOL/USD/1M/10Y/Smile/-0.015,0.0089500000
2022-01-31,SWAPTION/RATE_NVOL/USD/1M/10Y/Smile/-0.02,0.0065670000
2022-01-31,SWAPTION/RATE_NVOL/USD/1M/10Y/Smile/0.0025,0.0081700000
2022-01-31,SWAPTION/RATE_NVOL/USD/1M/10Y/Smile/0.005,0.0084400000
2022-01-31,SWAPTION/RATE_NVOL/USD/1M/10Y/Smile/0.01,0.0093380000
2022-01-31,SWAPTION/RATE_NVOL/USD/1M/10Y/Smile/0.015,0.0104920000
2022-01-31,SWAPTION/RATE_NVOL/USD/1M/10Y/Smile/0.02,0.0117410000
2022-01-31,SWAPTION/RATE_NVOL/USD/1M/15Y/ATM,0.0079600000
2022-01-31,SWAPTION/RATE_NVOL/USD/1M/15Y/Smile/-0.0025,0.0079950000
2022-01-31,SWAPTION/RATE_NVOL/USD/1M/15Y/Smile/-0.005,0.0081470000
2022-01-31,SWAPTION/RATE_NVOL/USD/1M/15Y/Smile/-0.01,0.0086050000
2022-01-31,SWAPTION/RATE_NVOL/USD/1M/15Y/Smile/-0.015,0.0089350000
2022-01-31,SWAPTION/RATE_NVOL/USD/1M/15Y/Smile/-0.02,0.0076420000
2022-01-31,SWAPTION/RATE_NVOL/USD/1M/15Y/Smile/0.0025,0.0080780000
2022-01-31,SWAPTION/RATE_NVOL/USD/1M/15Y/Smile/0.005,0.0083530000
2022-01-31,SWAPTION/RATE_NVOL/USD/1M/15Y/Smile/0.01,0.0092500000
2022-01-31,SWAPTION/RATE_NVOL/USD/1M/15Y/Smile/0.015,0.0103920000
2022-01-31,SWAPTION/RATE_NVOL/USD/1M/15Y/Smile/0.02,0.0116250000
2022-01-31,SWAPTION/RATE_NVOL/USD/1M/1Y/ATM,0.0069600000
2022-01-31,SWAPTION/RATE_NVOL/USD/1M/1Y/Smile/-0.0025,0.0074130000
2022-01-31,SWAPTION/RATE_NVOL/USD/1M/1Y/Smile/-0.005,0.0078510000
2022-01-31,SWAPTION/RATE_NVOL/USD/1M/1Y/Smile/-0.01,0.0084640000
2022-01-31,SWAPTION/RATE_NVOL/USD/1M/1Y/Smile/-0.015,0.0065710000
2022-01-31,SWAPTION/RATE_NVOL/USD/1M/1Y/Smile/-0.02,0.0092160000
2022-01-31,SWAPTION/RATE_NVOL/USD/1M/1Y/Smile/0.0025,0.0067020000
2022-01-31,SWAPTION/RATE_NVOL/USD/1M/1Y/Smile/0.005,0.0068120000
2022-01-31,SWAPTION/RATE_NVOL/USD/1M/1Y/Smile/0.01,0.0078960000
2022-01-31,SWAPTION/RATE_NVOL/USD/1M/1Y/Smile/0.015,0.0093920000
2022-01-31,SWAPTION/RATE_NVOL/USD/1M/1Y/Smile/0.02,0.0109660000
2022-01-31,SWAPTION/RATE_NVOL/USD/1M/20Y/ATM,0.0078100000
2022-01-31,SWAPTION/RATE_NVOL/USD/1M/20Y/Smile/-0.0025,0.0078420000
2022-01-31,SWAPTION/RATE_NVOL/USD/1M/20Y/Smile/-0.005,0.0079930000
2022-01-31,SWAPTION/RATE_NVOL/USD/1M/20Y/Smile/-0.01,0.0084550000
2022-01-31,SWAPTION/RATE_NVOL/USD/1M/20Y/Smile/-0.015,0.0088120000
2022-01-31,SWAPTION/RATE_NVOL/USD/1M/20Y/Smile/-0.02,0.0081960000
2022-01-31,SWAPTION/RATE_NVOL/USD/1M/20Y/Smile/0.0025,0.0079320000
2022-01-31,SWAPTION/RATE_NVOL/USD/1M/20Y/Smile/0.005,0.0082100000
2022-01-31,SWAPTION/RATE_NVOL/USD/1M/20Y/Smile/0.01,0.0091070000
2022-01-31,SWAPTION/RATE_NVOL/USD/1M/20Y/Smile/0.015,0.0102420000
2022-01-31,SWAPTION/RATE_NVOL/USD/1M/20Y/Smile/0.02,0.0114640000
2022-01-31,SWAPTION/RATE_NVOL/USD/1M/25Y/ATM,0.0077300000
2022-01-31,SWAPTION/RATE_NVOL/USD/1M/25Y/Smile/-0.0025,0.0077630000
2022-01-31,SWAPTION/RATE_NVOL/USD/1M/25Y/Smile/-0.005,0.0079140000
2022-01-31,SWAPTION/RATE_NVOL/USD/1M/25Y/Smile/-0.01,0.0083750000
2022-01-31,SWAPTION/RATE_NVOL/USD/1M/25Y/Smile/-0.015,0.0087200000
2022-01-31,SWAPTION/RATE_NVOL/USD/1M/25Y/Smile/-0.02,0.0078410000
2022-01-31,SWAPTION/RATE_NVOL/USD/1M/25Y/Smile/0.0025,0.0078520000
2022-01-31,SWAPTION/RATE_NVOL/USD/1M/25Y/Smile/0.005,0.0081300000
2022-01-31,SWAPTION/RATE_NVOL/USD/1M/25Y/Smile/0.01,0.0090280000
2022-01-31,SWAPTION/RATE_NVOL/USD/1M/25Y/Smile/0.015,0.0101620000
2022-01-31,SWAPTION/RATE_NVOL/USD/1M/25Y/Smile/0.02,0.0113810000
2022-01-31,SWAPTION/RATE_NVOL/USD/1M/2Y/ATM,0.0085300000
2022-01-31,SWAPTION/RATE_NVOL/USD/1M/2Y/Smile/-0.0025,0.0088110000
2022-01-31,SWAPTION/RATE_NVOL/USD/1M/2Y/Smile/-0.005,0.0091750000
2022-01-31,SWAPTION/RATE_NVOL/USD/1M/2Y/Smile/-0.01,0.0097360000
2022-01-31,SWAPTION/RATE_NVOL/USD/1M/2Y/Smile/-0.015,0.0065880000
2022-01-31,SWAPTION/RATE_NVOL/USD/1M/2Y/Smile/-0.02,0.0119060000
2022-01-31,SWAPTION/RATE_NVOL/USD/1M/2Y/Smile/0.0025,0.0084390000
2022-01-31,SWAPTION/RATE_NVOL/USD/1M/2Y/Smile/0.005,0.0086060000
2022-01-31,SWAPTION/RATE_NVOL/USD/1M/2Y/Smile/0.01,0.0095760000
2022-01-31,SWAPTION/RATE_NVOL/USD/1M/2Y/Smile/0.015,0.0109620000
2022-01-31,SWAPTION/RATE_NVOL/USD/1M/2Y/Smile/0.02,0.0124770000
2022-01-31,SWAPTION/RATE_NVOL/USD/1M/30Y/ATM,0.0076400000
2022-01-31,SWAPTION/RATE_NVOL/USD/1M/30Y/Smile/-0.0025,0.0076740000
2022-01-31,SWAPTION/RATE_NVOL/USD/1M/30Y/Smile/-0.005,0.0078260000
2022-01-31,SWAPTION/RATE_NVOL/USD/1M/30Y/Smile/-0.01,0.0082850000
2022-01-31,SWAPTION/RATE_NVOL/USD/1M/30Y/Smile/-0.015,0.0086160000
2022-01-31,SWAPTION/RATE_NVOL/USD/1M/30Y/Smile/-0.02,0.0082500000
2022-01-31,SWAPTION/RATE_NVOL/USD/1M/30Y/Smile/0.0025,0.0077620000
2022-01-31,SWAPTION/RATE_NVOL/USD/1M/30Y/Smile/0.005,0.0080400000
2022-01-31,SWAPTION/RATE_NVOL/USD/1M/30Y/Smile/0.01,0.0089390000
2022-01-31,SWAPTION/RATE_NVOL/USD/1M/30Y/Smile/0.015,0.0100720000
2022-01-31,SWAPTION/RATE_NVOL/USD/1M/30Y/Smile/0.02,0.0112890000
2022-01-31,SWAPTION/RATE_NVOL/USD/1M/3Y/ATM,0.0083600000
2022-01-31,SWAPTION/RATE_NVOL/USD/1M/3Y/Smile/-0.0025,0.0086300000
2022-01-31,SWAPTION/RATE_NVOL/USD/1M/3Y/Smile/-0.005,0.0090050000
2022-01-31,SWAPTION/RATE_NVOL/USD/1M/3Y/Smile/-0.01,0.0097250000
2022-01-31,SWAPTION/RATE_NVOL/USD/1M/3Y/Smile/-0.015,0.0094600000
2022-01-31,SWAPTION/RATE_NVOL/USD/1M/3Y/Smile/-0.02,0.0099860000
2022-01-31,SWAPTION/RATE_NVOL/USD/1M/3Y/Smile/0.0025,0.0082900000
2022-01-31,SWAPTION/RATE_NVOL/USD/1M/3Y/Smile/0.005,0.0084720000
2022-01-31,SWAPTION/RATE_NVOL/USD/1M/3Y/Smile/0.01,0.0094380000
2022-01-31,SWAPTION/RATE_NVOL/USD/1M/3Y/Smile/0.015,0.0107920000
2022-01-31,SWAPTION/RATE_NVOL/USD/1M/3Y/Smile/0.02,0.0122650000
2022-01-31,SWAPTION/RATE_NVOL/USD/1M/4Y/ATM,0.0082600000
2022-01-31,SWAPTION/RATE_NVOL/USD/1M/4Y/Smile/-0.0025,0.0083530000
2022-01-31,SWAPTION/RATE_NVOL/USD/1M/4Y/Smile/-0.005,0.0085530000
2022-01-31,SWAPTION/RATE_NVOL/USD/1M/4Y/Smile/-0.01,0.0090100000
2022-01-31,SWAPTION/RATE_NVOL/USD/1M/4Y/Smile/-0.015,0.0089050000
2022-01-31,SWAPTION/RATE_NVOL/USD/1M/4Y/Smile/-0.02,0.0090630000
2022-01-31,SWAPTION/RATE_NVOL/USD/1M/4Y/Smile/0.0025,0.0083270000
2022-01-31,SWAPTION/RATE_NVOL/USD/1M/4Y/Smile/0.005,0.0085730000
2022-01-31,SWAPTION/RATE_NVOL/USD/1M/4Y/Smile/0.01,0.0094840000
2022-01-31,SWAPTION/RATE_NVOL/USD/1M/4Y/Smile/0.015,0.0106920000
2022-01-31,SWAPTION/RATE_NVOL/USD/1M/4Y/Smile/0.02,0.0120080000
2022-01-31,SWAPTION/RATE_NVOL/USD/1M/5Y/ATM,0.0081600000
2022-01-31,SWAPTION/RATE_NVOL/USD/1M/5Y/Smile/-0.0025,0.0082190000
2022-01-31,SWAPTION/RATE_NVOL/USD/1M/5Y/Smile/-0.005,0.0083850000
2022-01-31,SWAPTION/RATE_NVOL/USD/1M/5Y/Smile/-0.01,0.0088050000
2022-01-31,SWAPTION/RATE_NVOL/USD/1M/5Y/Smile/-0.015,0.0088170000
2022-01-31,SWAPTION/RATE_NVOL/USD/1M/5Y/Smile/-0.02,0.0103970000
2022-01-31,SWAPTION/RATE_NVOL/USD/1M/5Y/Smile/0.0025,0.0082550000
2022-01-31,SWAPTION/RATE_NVOL/USD/1M/5Y/Smile/0.005,0.0085150000
2022-01-31,SWAPTION/RATE_NVOL/USD/1M/5Y/Smile/0.01,0.0094170000
2022-01-31,SWAPTION/RATE_NVOL/USD/1M/5Y/Smile/0.015,0.0105920000
2022-01-31,SWAPTION/RATE_NVOL/USD/1M/5Y/Smile/0.02,0.0118680000
2022-01-31,SWAPTION/RATE_NVOL/USD/1M/6Y/ATM,0.0081300000
2022-01-31,SWAPTION/RATE_NVOL/USD/1M/6Y/Smile/-0.0025,0.0081840000
2022-01-31,SWAPTION/RATE_NVOL/USD/1M/6Y/Smile/-0.005,0.0083470000
2022-01-31,SWAPTION/RATE_NVOL/USD/1M/6Y/Smile/-0.01,0.0087750000
2022-01-31,SWAPTION/RATE_NVOL/USD/1M/6Y/Smile/-0.015,0.0088720000
2022-01-31,SWAPTION/RATE_NVOL/USD/1M/6Y/Smile/-0.02,0.0110380000
2022-01-31,SWAPTION/RATE_NVOL/USD/1M/6Y/Smile/0.0025,0.0082300000
2022-01-31,SWAPTION/RATE_NVOL/USD/1M/6Y/Smile/0.005,0.0084930000
2022-01-31,SWAPTION/RATE_NVOL/USD/1M/6Y/Smile/0.01,0.0093940000
2022-01-31,SWAPTION/RATE_NVOL/USD/1M/6Y/Smile/0.015,0.0105620000
2022-01-31,SWAPTION/RATE_NVOL/USD/1M/6Y/Smile/0.02,0.0118300000
2022-01-31,SWAPTION/RATE_NVOL/USD/1M/7Y/ATM,0.0081100000
2022-01-31,SWAPTION/RATE_NVOL/USD/1M/7Y/Smile/-0.0025,0.0081600000
2022-01-31,SWAPTION/RATE_NVOL/USD/1M/7Y/Smile/-0.005,0.0083200000
2022-01-31,SWAPTION/RATE_NVOL/USD/1M/7Y/Smile/-0.01,0.0087550000
2022-01-31,SWAPTION/RATE_NVOL/USD/1M/7Y/Smile/-0.015,0.0089090000
2022-01-31,SWAPTION/RATE_NVOL/USD/1M/7Y/Smile/-0.02,0.0078440000
2022-01-31,SWAPTION/RATE_NVOL/USD/1M/7Y/Smile/0.0025,0.0082140000
2022-01-31,SWAPTION/RATE_NVOL/USD/1M/7Y/Smile/0.005,0.0084790000
2022-01-31,SWAPTION/RATE_NVOL/USD/1M/7Y/Smile/0.01,0.0093790000
2022-01-31,SWAPTION/RATE_NVOL/USD/1M/7Y/Smile/0.015,0.0105420000
2022-01-31,SWAPTION/RATE_NVOL/USD/1M/7Y/Smile/0.02,0.0118030000
2022-01-31,SWAPTION/RATE_NVOL/USD/1M/8Y/ATM,0.0080900000
2022-01-31,SWAPTION/RATE_NVOL/USD/1M/8Y/Smile/-0.0025,0.0081370000
2022-01-31,SWAPTION/RATE_NVOL/USD/1M/8Y/Smile/-0.005,0.0082960000
2022-01-31,SWAPTION/RATE_NVOL/USD/1M/8Y/Smile/-0.01,0.0087350000
2022-01-31,SWAPTION/RATE_NVOL/USD/1M/8Y/Smile/-0.015,0.0089250000
2022-01-31,SWAPTION/RATE_NVOL/USD/1M/8Y/Smile/-0.02,0.0031840000
2022-01-31,SWAPTION/RATE_NVOL/USD/1M/8Y/Smile/0.0025,0.0081960000
2022-01-31,SWAPTION/RATE_NVOL/USD/1M/8Y/Smile/0.005,0.0084630000
2022-01-31,SWAPTION/RATE_NVOL/USD/1M/8Y/Smile/0.01,0.0093620000
2022-01-31,SWAPTION/RATE_NVOL/USD/1M/8Y/Smile/0.015,0.0105220000
2022-01-31,SWAPTION/RATE_NVOL/USD/1M/8Y/Smile/0.02,0.0117780000
2022-01-31,SWAPTION/RATE_NVOL/USD/1M/9Y/ATM,0.0080800000
2022-01-31,SWAPTION/RATE_NVOL/USD/1M/9Y/Smile/-0.0025,0.0081250000
2022-01-31,SWAPTION/RATE_NVOL/USD/1M/9Y/Smile/-0.005,0.0082830000
2022-01-31,SWAPTION/RATE_NVOL/USD/1M/9Y/Smile/-0.01,0.0087250000
2022-01-31,SWAPTION/RATE_NVOL/USD/1M/9Y/Smile/-0.015,0.0089430000
2022-01-31,SWAPTION/RATE_NVOL/USD/1M/9Y/Smile/-0.02,0.0054630000
2022-01-31,SWAPTION/RATE_NVOL/USD/1M/9Y/Smile/0.0025,0.0081880000
2022-01-31,SWAPTION/RATE_NVOL/USD/1M/9Y/Smile/0.005,0.0084560000
2022-01-31,SWAPTION/RATE_NVOL/USD/1M/9Y/Smile/0.01,0.0093550000
2022-01-31,SWAPTION/RATE_NVOL/USD/1M/9Y/Smile/0.015,0.0105120000
2022-01-31,SWAPTION/RATE_NVOL/USD/1M/9Y/Smile/0.02,0.0117650000
2022-01-31,SWAPTION/RATE_NVOL/USD/1Y/10Y/ATM,0.0081900000
2022-01-31,SWAPTION/RATE_NVOL/USD/1Y/10Y/Smile/-0.0025,0.0077100000
2022-01-31,SWAPTION/RATE_NVOL/USD/1Y/10Y/Smile/-0.005,0.0074470000
2022-01-31,SWAPTION/RATE_NVOL/USD/1Y/10Y/Smile/-0.01,0.0074760000
2022-01-31,SWAPTION/RATE_NVOL/USD/1Y/10Y/Smile/-0.015,0.0077470000
2022-01-31,SWAPTION/RATE_NVOL/USD/1Y/10Y/Smile/-0.02,0.0060560000
2022-01-31,SWAPTION/RATE_NVOL/USD/1Y/10Y/Smile/0.0025,0.0088380000
2022-01-31,SWAPTION/RATE_NVOL/USD/1Y/10Y/Smile/0.005,0.0095880000
2022-01-31,SWAPTION/RATE_NVOL/USD/1Y/10Y/Smile/0.01,0.0112230000
2022-01-31,SWAPTION/RATE_NVOL/USD/1Y/10Y/Smile/0.015,0.0129040000
2022-01-31,SWAPTION/RATE_NVOL/USD/1Y/10Y/Smile/0.02,0.0145710000
2022-01-31,SWAPTION/RATE_NVOL/USD/1Y/15Y/ATM,0.0079100000
2022-01-31,SWAPTION/RATE_NVOL/USD/1Y/15Y/Smile/-0.0025,0.0074190000
2022-01-31,SWAPTION/RATE_NVOL/USD/1Y/15Y/Smile/-0.005,0.0071520000
2022-01-31,SWAPTION/RATE_NVOL/USD/1Y/15Y/Smile/-0.01,0.0071960000
2022-01-31,SWAPTION/RATE_NVOL/USD/1Y/15Y/Smile/-0.015,0.0075180000
2022-01-31,SWAPTION/RATE_NVOL/USD/1Y/15Y/Smile/-0.02,0.0068450000
2022-01-31,SWAPTION/RATE_NVOL/USD/1Y/15Y/Smile/0.0025,0.0085670000
2022-01-31,SWAPTION/RATE_NVOL/USD/1Y/15Y/Smile/0.005,0.0093230000
2022-01-31,SWAPTION/RATE_NVOL/USD/1Y/15Y/Smile/0.01,0.0109560000
2022-01-31,SWAPTION/RATE_NVOL/USD/1Y/15Y/Smile/0.015,0.0126240000
2022-01-31,SWAPTION/RATE_NVOL/USD/1Y/15Y/Smile/0.02,0.0142740000
2022-01-31,SWAPTION/RATE_NVOL/USD/1Y/1Y/ATM,0.0091500000
2022-01-31,SWAPTION/RATE_NVOL/USD/1Y/1Y/Smile/-0.0025,0.0087100000
2022-01-31,SWAPTION/RATE_NVOL/USD/1Y/1Y/Smile/-0.005,0.0084680000
2022-01-31,SWAPTION/RATE_NVOL/USD/1Y/1Y/Smile/-0.01,0.0084360000
2022-01-31,SWAPTION/RATE_NVOL/USD/1Y/1Y/Smile/-0.015,0.0083990000
2022-01-31,SWAPTION/RATE_NVOL/USD/1Y/1Y/Smile/-0.02,0.0085540000
2022-01-31,SWAPTION/RATE_NVOL/USD/1Y/1Y/Smile/0.0025,0.0097620000
2022-01-31,SWAPTION/RATE_NVOL/USD/1Y/1Y/Smile/0.005,0.0104930000
2022-01-31,SWAPTION/RATE_NVOL/USD/1Y/1Y/Smile/0.01,0.0121370000
2022-01-31,SWAPTION/RATE_NVOL/USD/1Y/1Y/Smile/0.015,0.0138640000
2022-01-31,SWAPTION/RATE_NVOL/USD/1Y/1Y/Smile/0.02,0.0155970000
2022-01-31,SWAPTION/RATE_NVOL/USD/1Y/20Y/ATM,0.0077200000
2022-01-31,SWAPTION/RATE_NVOL/USD/1Y/20Y/Smile/-0.0025,0.0072250000
2022-01-31,SWAPTION/RATE_NVOL/USD/1Y/20Y/Smile/-0.005,0.0069550000
2022-01-31,SWAPTION/RATE_NVOL/USD/1Y/20Y/Smile/-0.01,0.0070060000
2022-01-31,SWAPTION/RATE_NVOL/USD/1Y/20Y/Smile/-0.015,0.0073410000
2022-01-31,SWAPTION/RATE_NVOL/USD/1Y/20Y/Smile/-0.02,0.0067660000
2022-01-31,SWAPTION/RATE_NVOL/USD/1Y/20Y/Smile/0.0025,0.0083810000
2022-01-31,SWAPTION/RATE_NVOL/USD/1Y/20Y/Smile/0.005,0.0091380000
2022-01-31,SWAPTION/RATE_NVOL/USD/1Y/20Y/Smile/0.01,0.0107670000
2022-01-31,SWAPTION/RATE_NVOL/USD/1Y/20Y/Smile/0.015,0.0124250000
2022-01-31,SWAPTION/RATE_NVOL/USD/1Y/20Y/Smile/0.02,0.0140630000
2022-01-31,SWAPTION/RATE_NVOL/USD/1Y/25Y/ATM,0.0076200000
2022-01-31,SWAPTION/RATE_NVOL/USD/1Y/25Y/Smile/-0.0025,0.0071240000
2022-01-31,SWAPTION/RATE_NVOL/USD/1Y/25Y/Smile/-0.005,0.0068560000
2022-01-31,SWAPTION/RATE_NVOL/USD/1Y/25Y/Smile/-0.01,0.0069110000
2022-01-31,SWAPTION/RATE_NVOL/USD/1Y/25Y/Smile/-0.015,0.0072340000
2022-01-31,SWAPTION/RATE_NVOL/USD/1Y/25Y/Smile/-0.02,0.0057350000
2022-01-31,SWAPTION/RATE_NVOL/USD/1Y/25Y/Smile/0.0025,0.0082830000
2022-01-31,SWAPTION/RATE_NVOL/USD/1Y/25Y/Smile/0.005,0.0090410000
2022-01-31,SWAPTION/RATE_NVOL/USD/1Y/25Y/Smile/0.01,0.0106710000
2022-01-31,SWAPTION/RATE_NVOL/USD/1Y/25Y/Smile/0.015,0.0123280000
2022-01-31,SWAPTION/RATE_NVOL/USD/1Y/25Y/Smile/0.02,0.0139620000
2022-01-31,SWAPTION/RATE_NVOL/USD/1Y/2Y/ATM,0.0090400000
2022-01-31,SWAPTION/RATE_NVOL/USD/1Y/2Y/Smile/-0.0025,0.0085880000
2022-01-31,SWAPTION/RATE_NVOL/USD/1Y/2Y/Smile/-0.005,0.0083380000
2022-01-31,SWAPTION/RATE_NVOL/USD/1Y/2Y/Smile/-0.01,0.0083260000
2022-01-31,SWAPTION/RATE_NVOL/USD/1Y/2Y/Smile/-0.015,0.0084480000
2022-01-31,SWAPTION/RATE_NVOL/USD/1Y/2Y/Smile/-0.02,0.0096100000
2022-01-31,SWAPTION/RATE_NVOL/USD/1Y/2Y/Smile/0.0025,0.0096610000
2022-01-31,SWAPTION/RATE_NVOL/USD/1Y/2Y/Smile/0.005,0.0103970000
2022-01-31,SWAPTION/RATE_NVOL/USD/1Y/2Y/Smile/0.01,0.0120380000
2022-01-31,SWAPTION/RATE_NVOL/USD/1Y/2Y/Smile/0.015,0.0137540000
2022-01-31,SWAPTION/RATE_NVOL/USD/1Y/2Y/Smile/0.02,0.0154720000
2022-01-31,SWAPTION/RATE_NVOL/USD/1Y/30Y/ATM,0.0075200000
2022-01-31,SWAPTION/RATE_NVOL/USD/1Y/30Y/Smile/-0.0025,0.0070280000
2022-01-31,SWAPTION/RATE_NVOL/USD/1Y/30Y/Smile/-0.005,0.0067670000
2022-01-31,SWAPTION/RATE_NVOL/USD/1Y/30Y/Smile/-0.01,0.0068380000
2022-01-31,SWAPTION/RATE_NVOL/USD/1Y/30Y/Smile/-0.015,0.0071610000
2022-01-31,SWAPTION/RATE_NVOL/USD/1Y/30Y/Smile/-0.02,0.0066650000
2022-01-31,SWAPTION/RATE_NVOL/USD/1Y/30Y/Smile/0.0025,0.0081820000
2022-01-31,SWAPTION/RATE_NVOL/USD/1Y/30Y/Smile/0.005,0.0089410000
2022-01-31,SWAPTION/RATE_NVOL/USD/1Y/30Y/Smile/0.01,0.0105720000
2022-01-31,SWAPTION/RATE_NVOL/USD/1Y/30Y/Smile/0.015,0.0122290000
2022-01-31,SWAPTION/RATE_NVOL/USD/1Y/30Y/Smile/0.02,0.0138620000
2022-01-31,SWAPTION/RATE_NVOL/USD/1Y/3Y/ATM,0.0089200000
2022-01-31,SWAPTION/RATE_NVOL/USD/1Y/3Y/Smile/-0.0025,0.0084650000
2022-01-31,SWAPTION/RATE_NVOL/USD/1Y/3Y/Smile/-0.005,0.0082150000
2022-01-31,SWAPTION/RATE_NVOL/USD/1Y/3Y/Smile/-0.01,0.0082060000
2022-01-31,SWAPTION/RATE_NVOL/USD/1Y/3Y/Smile/-0.015,0.0083350000
2022-01-31,SWAPTION/RATE_NVOL/USD/1Y/3Y/Smile/-0.02,0.0042890000
2022-01-31,SWAPTION/RATE_NVOL/USD/1Y/3Y/Smile/0.0025,0.0095440000
2022-01-31,SWAPTION/RATE_NVOL/USD/1Y/3Y/Smile/0.005,0.0102820000
2022-01-31,SWAPTION/RATE_NVOL/USD/1Y/3Y/Smile/0.01,0.0119220000
2022-01-31,SWAPTION/RATE_NVOL/USD/1Y/3Y/Smile/0.015,0.0136340000
2022-01-31,SWAPTION/RATE_NVOL/USD/1Y/3Y/Smile/0.02,0.0153460000
2022-01-31,SWAPTION/RATE_NVOL/USD/1Y/4Y/ATM,0.0087500000
2022-01-31,SWAPTION/RATE_NVOL/USD/1Y/4Y/Smile/-0.0025,0.0082900000
2022-01-31,SWAPTION/RATE_NVOL/USD/1Y/4Y/Smile/-0.005,0.0080370000
2022-01-31,SWAPTION/RATE_NVOL/USD/1Y/4Y/Smile/-0.01,0.0080360000
2022-01-31,SWAPTION/RATE_NVOL/USD/1Y/4Y/Smile/-0.015,0.0081940000
2022-01-31,SWAPTION/RATE_NVOL/USD/1Y/4Y/Smile/-0.02,0.0058120000
2022-01-31,SWAPTION/RATE_NVOL/USD/1Y/4Y/Smile/0.0025,0.0093790000
2022-01-31,SWAPTION/RATE_NVOL/USD/1Y/4Y/Smile/0.005,0.0101190000
2022-01-31,SWAPTION/RATE_NVOL/USD/1Y/4Y/Smile/0.01,0.0117590000
2022-01-31,SWAPTION/RATE_NVOL/USD/1Y/4Y/Smile/0.015,0.0134640000
2022-01-31,SWAPTION/RATE_NVOL/USD/1Y/4Y/Smile/0.02,0.0151660000
2022-01-31,SWAPTION/RATE_NVOL/USD/1Y/5Y/ATM,0.0086400000
2022-01-31,SWAPTION/RATE_NVOL/USD/1Y/5Y/Smile/-0.0025,0.0081760000
2022-01-31,SWAPTION/RATE_NVOL/USD/1Y/5Y/Smile/-0.005,0.0079220000
2022-01-31,SWAPTION/RATE_NVOL/USD/1Y/5Y/Smile/-0.01,0.0079260000
2022-01-31,SWAPTION/RATE_NVOL/USD/1Y/5Y/Smile/-0.015,0.0081060000
2022-01-31,SWAPTION/RATE_NVOL/USD/1Y/5Y/Smile/-0.02,0.0067010000
2022-01-31,SWAPTION/RATE_NVOL/USD/1Y/5Y/Smile/0.0025,0.0092730000
2022-01-31,SWAPTION/RATE_NVOL/USD/1Y/5Y/Smile/0.005,0.0100150000
2022-01-31,SWAPTION/RATE_NVOL/USD/1Y/5Y/Smile/0.01,0.0116540000
2022-01-31,SWAPTION/RATE_NVOL/USD/1Y/5Y/Smile/0.015,0.0133540000
2022-01-31,SWAPTION/RATE_NVOL/USD/1Y/5Y/Smile/0.02,0.0150490000
2022-01-31,SWAPTION/RATE_NVOL/USD/1Y/6Y/ATM,0.0085100000
2022-01-31,SWAPTION/RATE_NVOL/USD/1Y/6Y/Smile/-0.0025,0.0080420000
2022-01-31,SWAPTION/RATE_NVOL/USD/1Y/6Y/Smile/-0.005,0.0077850000
2022-01-31,SWAPTION/RATE_NVOL/USD/1Y/6Y/Smile/-0.01,0.0077960000
2022-01-31,SWAPTION/RATE_NVOL/USD/1Y/6Y/Smile/-0.015,0.0080020000
2022-01-31,SWAPTION/RATE_NVOL/USD/1Y/6Y/Smile/-0.02,0.0070580000
2022-01-31,SWAPTION/RATE_NVOL/USD/1Y/6Y/Smile/0.0025,0.0091470000
2022-01-31,SWAPTION/RATE_NVOL/USD/1Y/6Y/Smile/0.005,0.0098910000
2022-01-31,SWAPTION/RATE_NVOL/USD/1Y/6Y/Smile/0.01,0.0115290000
2022-01-31,SWAPTION/RATE_NVOL/USD/1Y/6Y/Smile/0.015,0.0132240000
2022-01-31,SWAPTION/RATE_NVOL/USD/1Y/6Y/Smile/0.02,0.0149110000
2022-01-31,SWAPTION/RATE_NVOL/USD/1Y/7Y/ATM,0.0083800000
2022-01-31,SWAPTION/RATE_NVOL/USD/1Y/7Y/Smile/-0.0025,0.0079080000
2022-01-31,SWAPTION/RATE_NVOL/USD/1Y/7Y/Smile/-0.005,0.0076490000
2022-01-31,SWAPTION/RATE_NVOL/USD/1Y/7Y/Smile/-0.01,0.0076660000
2022-01-31,SWAPTION/RATE_NVOL/USD/1Y/7Y/Smile/-0.015,0.0078920000
2022-01-31,SWAPTION/RATE_NVOL/USD/1Y/7Y/Smile/-0.02,0.0071130000
2022-01-31,SWAPTION/RATE_NVOL/USD/1Y/7Y/Smile/0.0025,0.0090210000
2022-01-31,SWAPTION/RATE_NVOL/USD/1Y/7Y/Smile/0.005,0.0097680000
2022-01-31,SWAPTION/RATE_NVOL/USD/1Y/7Y/Smile/0.01,0.0114050000
2022-01-31,SWAPTION/RATE_NVOL/USD/1Y/7Y/Smile/0.015,0.0130940000
2022-01-31,SWAPTION/RATE_NVOL/USD/1Y/7Y/Smile/0.02,0.0147740000
2022-01-31,SWAPTION/RATE_NVOL/USD/1Y/8Y/ATM,0.0083200000
2022-01-31,SWAPTION/RATE_NVOL/USD/1Y/8Y/Smile/-0.0025,0.0078450000
2022-01-31,SWAPTION/RATE_NVOL/USD/1Y/8Y/Smile/-0.005,0.0075860000
2022-01-31,SWAPTION/RATE_NVOL/USD/1Y/8Y/Smile/-0.01,0.0076060000
2022-01-31,SWAPTION/RATE_NVOL/USD/1Y/8Y/Smile/-0.015,0.0078440000
2022-01-31,SWAPTION/RATE_NVOL/USD/1Y/8Y/Smile/-0.02,0.0071380000
2022-01-31,SWAPTION/RATE_NVOL/USD/1Y/8Y/Smile/0.0025,0.0089630000
2022-01-31,SWAPTION/RATE_NVOL/USD/1Y/8Y/Smile/0.005,0.0097110000
2022-01-31,SWAPTION/RATE_NVOL/USD/1Y/8Y/Smile/0.01,0.0113470000
2022-01-31,SWAPTION/RATE_NVOL/USD/1Y/8Y/Smile/0.015,0.0130340000
2022-01-31,SWAPTION/RATE_NVOL/USD/1Y/8Y/Smile/0.02,0.0147100000
2022-01-31,SWAPTION/RATE_NVOL/USD/1Y/9Y/ATM,0.0082500000
2022-01-31,SWAPTION/RATE_NVOL/USD/1Y/9Y/Smile/-0.0025,0.0077730000
2022-01-31,SWAPTION/RATE_NVOL/USD/1Y/9Y/Smile/-0.005,0.0075110000
2022-01-31,SWAPTION/RATE_NVOL/USD/1Y/9Y/Smile/-0.01,0.0075360000
2022-01-31,SWAPTION/RATE_NVOL/USD/1Y/9Y/Smile/-0.015,0.0077910000
2022-01-31,SWAPTION/RATE_NVOL/USD/1Y/9Y/Smile/-0.02,0.0071410000
2022-01-31,SWAPTION/RATE_NVOL/USD/1Y/9Y/Smile/0.0025,0.0088950000
2022-01-31,SWAPTION/RATE_NVOL/USD/1Y/9Y/Smile/0.005,0.0096450000
2022-01-31,SWAPTION/RATE_NVOL/USD/1Y/9Y/Smile/0.01,0.0112810000
2022-01-31,SWAPTION/RATE_NVOL/USD/1Y/9Y/Smile/0.015,0.0129640000
2022-01-31,SWAPTION/RATE_NVOL/USD/1Y/9Y/Smile/0.02,0.0146350000
2022-01-31,SWAPTION/RATE_NVOL/USD/20Y/10Y/ATM,0.0053800000
2022-01-31,SWAPTION/RATE_NVOL/USD/20Y/10Y/Smile/-0.0025,0.0053870000
2022-01-31,SWAPTION/RATE_NVOL/USD/20Y/10Y/Smile/-0.005,0.0053880000
2022-01-31,SWAPTION/RATE_NVOL/USD/20Y/10Y/Smile/-0.01,0.0052730000
2022-01-31,SWAPTION/RATE_NVOL/USD/20Y/10Y/Smile/-0.015,0.0046010000
2022-01-31,SWAPTION/RATE_NVOL/USD/20Y/10Y/Smile/-0.02,0.0022410000
2022-01-31,SWAPTION/RATE_NVOL/USD/20Y/10Y/Smile/0.0025,0.0053860000
2022-01-31,SWAPTION/RATE_NVOL/USD/20Y/10Y/Smile/0.005,0.0054190000
2022-01-31,SWAPTION/RATE_NVOL/USD/20Y/10Y/Smile/0.01,0.0056020000
2022-01-31,SWAPTION/RATE_NVOL/USD/20Y/10Y/Smile/0.015,0.0059430000
2022-01-31,SWAPTION/RATE_NVOL/USD/20Y/10Y/Smile/0.02,0.0063980000
2022-01-31,SWAPTION/RATE_NVOL/USD/20Y/15Y/ATM,0.0051800000
2022-01-31,SWAPTION/RATE_NVOL/USD/20Y/15Y/Smile/-0.0025,0.0051910000
2022-01-31,SWAPTION/RATE_NVOL/USD/20Y/15Y/Smile/-0.005,0.0051920000
2022-01-31,SWAPTION/RATE_NVOL/USD/20Y/15Y/Smile/-0.01,0.0050850000
2022-01-31,SWAPTION/RATE_NVOL/USD/20Y/15Y/Smile/-0.015,0.0044990000
2022-01-31,SWAPTION/RATE_NVOL/USD/20Y/15Y/Smile/-0.02,0.0018470000
2022-01-31,SWAPTION/RATE_NVOL/USD/20Y/15Y/Smile/0.0025,0.0051760000
2022-01-31,SWAPTION/RATE_NVOL/USD/20Y/15Y/Smile/0.005,0.0051910000
2022-01-31,SWAPTION/RATE_NVOL/USD/20Y/15Y/Smile/0.01,0.0053160000
2022-01-31,SWAPTION/RATE_NVOL/USD/20Y/15Y/Smile/0.015,0.0055800000
2022-01-31,SWAPTION/RATE_NVOL/USD/20Y/15Y/Smile/0.02,0.0059540000
2022-01-31,SWAPTION/RATE_NVOL/USD/20Y/1Y/ATM,0.0058400000
2022-01-31,SWAPTION/RATE_NVOL/USD/20Y/1Y/Smile/-0.0025,0.0058630000
2022-01-31,SWAPTION/RATE_NVOL/USD/20Y/1Y/Smile/-0.005,0.0058820000
2022-01-31,SWAPTION/RATE_NVOL/USD/20Y/1Y/Smile/-0.01,0.0058110000
2022-01-31,SWAPTION/RATE_NVOL/USD/20Y/1Y/Smile/-0.015,0.0052880000
2022-01-31,SWAPTION/RATE_NVOL/USD/20Y/1Y/Smile/-0.02,0.0016250000
2022-01-31,SWAPTION/RATE_NVOL/USD/20Y/1Y/Smile/0.0025,0.0058300000
2022-01-31,SWAPTION/RATE_NVOL/USD/20Y/1Y/Smile/0.005,0.0058500000
2022-01-31,SWAPTION/RATE_NVOL/USD/20Y/1Y/Smile/0.01,0.0060170000
2022-01-31,SWAPTION/RATE_NVOL/USD/20Y/1Y/Smile/0.015,0.0063590000
2022-01-31,SWAPTION/RATE_NVOL/USD/20Y/1Y/Smile/0.02,0.0068300000
2022-01-31,SWAPTION/RATE_NVOL/USD/20Y/20Y/ATM,0.0050300000
2022-01-31,SWAPTION/RATE_NVOL/USD/20Y/20Y/Smile/-0.0025,0.0050490000
2022-01-31,SWAPTION/RATE_NVOL/USD/20Y/20Y/Smile/-0.005,0.0050640000
2022-01-31,SWAPTION/RATE_NVOL/USD/20Y/20Y/Smile/-0.01,0.0050010000
2022-01-31,SWAPTION/RATE_NVOL/USD/20Y/20Y/Smile/-0.015,0.0045290000
2022-01-31,SWAPTION/RATE_NVOL/USD/20Y/20Y/Smile/-0.02,0.0024930000
2022-01-31,SWAPTION/RATE_NVOL/USD/20Y/20Y/Smile/0.0025,0.0050210000
2022-01-31,SWAPTION/RATE_NVOL/USD/20Y/20Y/Smile/0.005,0.0050340000
2022-01-31,SWAPTION/RATE_NVOL/USD/20Y/20Y/Smile/0.01,0.0051610000
2022-01-31,SWAPTION/RATE_NVOL/USD/20Y/20Y/Smile/0.015,0.0054300000
2022-01-31,SWAPTION/RATE_NVOL/USD/20Y/20Y/Smile/0.02,0.0058060000
2022-01-31,SWAPTION/RATE_NVOL/USD/20Y/25Y/ATM,0.0049400000
2022-01-31,SWAPTION/RATE_NVOL/USD/20Y/25Y/Smile/-0.0025,0.0049560000
2022-01-31,SWAPTION/RATE_NVOL/USD/20Y/25Y/Smile/-0.005,0.0049680000
2022-01-31,SWAPTION/RATE_NVOL/USD/20Y/25Y/Smile/-0.01,0.0049110000
2022-01-31,SWAPTION/RATE_NVOL/USD/20Y/25Y/Smile/-0.015,0.0044870000
2022-01-31,SWAPTION/RATE_NVOL/USD/20Y/25Y/Smile/-0.02,0.0020270000
2022-01-31,SWAPTION/RATE_NVOL/USD/20Y/25Y/Smile/0.0025,0.0049350000
2022-01-31,SWAPTION/RATE_NVOL/USD/20Y/25Y/Smile/0.005,0.0049520000
2022-01-31,SWAPTION/RATE_NVOL/USD/20Y/25Y/Smile/0.01,0.0050800000
2022-01-31,SWAPTION/RATE_NVOL/USD/20Y/25Y/Smile/0.015,0.0053400000
2022-01-31,SWAPTION/RATE_NVOL/USD/20Y/25Y/Smile/0.02,0.0057010000
2022-01-31,SWAPTION/RATE_NVOL/USD/20Y/2Y/ATM,0.0057200000
2022-01-31,SWAPTION/RATE_NVOL/USD/20Y/2Y/Smile/-0.0025,0.0057440000
2022-01-31,SWAPTION/RATE_NVOL/USD/20Y/2Y/Smile/-0.005,0.0057630000
2022-01-31,SWAPTION/RATE_NVOL/USD/20Y/2Y/Smile/-0.01,0.0056910000
2022-01-31,SWAPTION/RATE_NVOL/USD/20Y/2Y/Smile/-0.015,0.0051490000
2022-01-31,SWAPTION/RATE_NVOL/USD/20Y/2Y/Smile/-0.02,0.0009490000
2022-01-31,SWAPTION/RATE_NVOL/USD/20Y/2Y/Smile/0.0025,0.0057100000
2022-01-31,SWAPTION/RATE_NVOL/USD/20Y/2Y/Smile/0.005,0.0057300000
2022-01-31,SWAPTION/RATE_NVOL/USD/20Y/2Y/Smile/0.01,0.0058980000
2022-01-31,SWAPTION/RATE_NVOL/USD/20Y/2Y/Smile/0.015,0.0062410000
2022-01-31,SWAPTION/RATE_NVOL/USD/20Y/2Y/Smile/0.02,0.0067120000
2022-01-31,SWAPTION/RATE_NVOL/USD/20Y/30Y/ATM,0.0049200000
2022-01-31,SWAPTION/RATE_NVOL/USD/20Y/30Y/Smile/-0.0025,0.0049340000
2022-01-31,SWAPTION/RATE_NVOL/USD/20Y/30Y/Smile/-0.005,0.0049460000
2022-01-31,SWAPTION/RATE_NVOL/USD/20Y/30Y/Smile/-0.01,0.0048910000
2022-01-31,SWAPTION/RATE_NVOL/USD/20Y/30Y/Smile/-0.015,0.0044860000
2022-01-31,SWAPTION/RATE_NVOL/USD/20Y/30Y/Smile/-0.02,0.0014300000
2022-01-31,SWAPTION/RATE_NVOL/USD/20Y/30Y/Smile/0.0025,0.0049160000
2022-01-31,SWAPTION/RATE_NVOL/USD/20Y/30Y/Smile/0.005,0.0049340000
2022-01-31,SWAPTION/RATE_NVOL/USD/20Y/30Y/Smile/0.01,0.0050630000
2022-01-31,SWAPTION/RATE_NVOL/USD/20Y/30Y/Smile/0.015,0.0053200000
2022-01-31,SWAPTION/RATE_NVOL/USD/20Y/30Y/Smile/0.02,0.0056760000
2022-01-31,SWAPTION/RATE_NVOL/USD/20Y/3Y/ATM,0.0056400000
2022-01-31,SWAPTION/RATE_NVOL/USD/20Y/3Y/Smile/-0.0025,0.0056640000
2022-01-31,SWAPTION/RATE_NVOL/USD/20Y/3Y/Smile/-0.005,0.0056830000
2022-01-31,SWAPTION/RATE_NVOL/USD/20Y/3Y/Smile/-0.01,0.0056110000
2022-01-31,SWAPTION/RATE_NVOL/USD/20Y/3Y/Smile/-0.015,0.0050490000
2022-01-31,SWAPTION/RATE_NVOL/USD/20Y/3Y/Smile/-0.02,0.0002160000
2022-01-31,SWAPTION/RATE_NVOL/USD/20Y/3Y/Smile/0.0025,0.0056310000
2022-01-31,SWAPTION/RATE_NVOL/USD/20Y/3Y/Smile/0.005,0.0056540000
2022-01-31,SWAPTION/RATE_NVOL/USD/20Y/3Y/Smile/0.01,0.0058310000
2022-01-31,SWAPTION/RATE_NVOL/USD/20Y/3Y/Smile/0.015,0.0061840000
2022-01-31,SWAPTION/RATE_NVOL/USD/20Y/3Y/Smile/0.02,0.0066630000
2022-01-31,SWAPTION/RATE_NVOL/USD/20Y/4Y/ATM,0.0055900000
2022-01-31,SWAPTION/RATE_NVOL/USD/20Y/4Y/Smile/-0.0025,0.0056130000
2022-01-31,SWAPTION/RATE_NVOL/USD/20Y/4Y/Smile/-0.005,0.0056330000
2022-01-31,SWAPTION/RATE_NVOL/USD/20Y/4Y/Smile/-0.01,0.0055610000
2022-01-31,SWAPTION/RATE_NVOL/USD/20Y/4Y/Smile/-0.015,0.0049800000
2022-01-31,SWAPTION/RATE_NVOL/USD/20Y/4Y/Smile/-0.02,0.0022670000
2022-01-31,SWAPTION/RATE_NVOL/USD/20Y/4Y/Smile/0.0025,0.0055830000
2022-01-31,SWAPTION/RATE_NVOL/USD/20Y/4Y/Smile/0.005,0.0056090000
2022-01-31,SWAPTION/RATE_NVOL/USD/20Y/4Y/Smile/0.01,0.0057970000
2022-01-31,SWAPTION/RATE_NVOL/USD/20Y/4Y/Smile/0.015,0.0061630000
2022-01-31,SWAPTION/RATE_NVOL/USD/20Y/4Y/Smile/0.02,0.0066530000
2022-01-31,SWAPTION/RATE_NVOL/USD/20Y/5Y/ATM,0.0055400000
2022-01-31,SWAPTION/RATE_NVOL/USD/20Y/5Y/Smile/-0.0025,0.0055610000
2022-01-31,SWAPTION/RATE_NVOL/USD/20Y/5Y/Smile/-0.005,0.0055780000
2022-01-31,SWAPTION/RATE_NVOL/USD/20Y/5Y/Smile/-0.01,0.0055010000
2022-01-31,SWAPTION/RATE_NVOL/USD/20Y/5Y/Smile/-0.015,0.0048980000
2022-01-31,SWAPTION/RATE_NVOL/USD/20Y/5Y/Smile/-0.02,0.0013320000
2022-01-31,SWAPTION/RATE_NVOL/USD/20Y/5Y/Smile/0.0025,0.0055360000
2022-01-31,SWAPTION/RATE_NVOL/USD/20Y/5Y/Smile/0.005,0.0055650000
2022-01-31,SWAPTION/RATE_NVOL/USD/20Y/5Y/Smile/0.01,0.0057580000
2022-01-31,SWAPTION/RATE_NVOL/USD/20Y/5Y/Smile/0.015,0.0061280000
2022-01-31,SWAPTION/RATE_NVOL/USD/20Y/5Y/Smile/0.02,0.0066200000
2022-01-31,SWAPTION/RATE_NVOL/USD/20Y/6Y/ATM,0.0055100000
2022-01-31,SWAPTION/RATE_NVOL/USD/20Y/6Y/Smile/-0.0025,0.0055290000
2022-01-31,SWAPTION/RATE_NVOL/USD/20Y/6Y/Smile/-0.005,0.0055440000
2022-01-31,SWAPTION/RATE_NVOL/USD/20Y/6Y/Smile/-0.01,0.0054580000
2022-01-31,SWAPTION/RATE_NVOL/USD/20Y/6Y/Smile/-0.015,0.0048270000
2022-01-31,SWAPTION/RATE_NVOL/USD/20Y/6Y/Smile/-0.02,0.0015350000
2022-01-31,SWAPTION/RATE_NVOL/USD/20Y/6Y/Smile/0.0025,0.0055070000
2022-01-31,SWAPTION/RATE_NVOL/USD/20Y/6Y/Smile/0.005,0.0055370000
2022-01-31,SWAPTION/RATE_NVOL/USD/20Y/6Y/Smile/0.01,0.0057320000
2022-01-31,SWAPTION/RATE_NVOL/USD/20Y/6Y/Smile/0.015,0.0061020000
2022-01-31,SWAPTION/RATE_NVOL/USD/20Y/6Y/Smile/0.02,0.0065930000
2022-01-31,SWAPTION/RATE_NVOL/USD/20Y/7Y/ATM,0.0054700000
2022-01-31,SWAPTION/RATE_NVOL/USD/20Y/7Y/Smile/-0.0025,0.0054860000
2022-01-31,SWAPTION/RATE_NVOL/USD/20Y/7Y/Smile/-0.005,0.0054970000
2022-01-31,SWAPTION/RATE_NVOL/USD/20Y/7Y/Smile/-0.01,0.0054030000
2022-01-31,SWAPTION/RATE_NVOL/USD/20Y/7Y/Smile/-0.015,0.0047520000
2022-01-31,SWAPTION/RATE_NVOL/USD/20Y/7Y/Smile/-0.02,0.0003300000
2022-01-31,SWAPTION/RATE_NVOL/USD/20Y/7Y/Smile/0.0025,0.0054690000
2022-01-31,SWAPTION/RATE_NVOL/USD/20Y/7Y/Smile/0.005,0.0055000000
2022-01-31,SWAPTION/RATE_NVOL/USD/20Y/7Y/Smile/0.01,0.0056920000
2022-01-31,SWAPTION/RATE_NVOL/USD/20Y/7Y/Smile/0.015,0.0060550000
2022-01-31,SWAPTION/RATE_NVOL/USD/20Y/7Y/Smile/0.02,0.0065380000
2022-01-31,SWAPTION/RATE_NVOL/USD/20Y/8Y/ATM,0.0054400000
2022-01-31,SWAPTION/RATE_NVOL/USD/20Y/8Y/Smile/-0.0025,0.0054540000
2022-01-31,SWAPTION/RATE_NVOL/USD/20Y/8Y/Smile/-0.005,0.0054620000
2022-01-31,SWAPTION/RATE_NVOL/USD/20Y/8Y/Smile/-0.01,0.0053610000
2022-01-31,SWAPTION/RATE_NVOL/USD/20Y/8Y/Smile/-0.015,0.0046930000
2022-01-31,SWAPTION/RATE_NVOL/USD/20Y/8Y/Smile/-0.02,0.0037290000
2022-01-31,SWAPTION/RATE_NVOL/USD/20Y/8Y/Smile/0.0025,0.0054410000
2022-01-31,SWAPTION/RATE_NVOL/USD/20Y/8Y/Smile/0.005,0.0054720000
2022-01-31,SWAPTION/RATE_NVOL/USD/20Y/8Y/Smile/0.01,0.0056620000
2022-01-31,SWAPTION/RATE_NVOL/USD/20Y/8Y/Smile/0.015,0.0060210000
2022-01-31,SWAPTION/RATE_NVOL/USD/20Y/8Y/Smile/0.02,0.0064970000
2022-01-31,SWAPTION/RATE_NVOL/USD/20Y/9Y/ATM,0.0054100000
2022-01-31,SWAPTION/RATE_NVOL/USD/20Y/9Y/Smile/-0.0025,0.0054200000
2022-01-31,SWAPTION/RATE_NVOL/USD/20Y/9Y/Smile/-0.005,0.0054250000
2022-01-31,SWAPTION/RATE_NVOL/USD/20Y/9Y/Smile/-0.01,0.0053160000
2022-01-31,SWAPTION/RATE_NVOL/USD/20Y/9Y/Smile/-0.015,0.0046400000
2022-01-31,SWAPTION/RATE_NVOL/USD/20Y/9Y/Smile/-0.02,0.0035890000
2022-01-31,SWAPTION/RATE_NVOL/USD/20Y/9Y/Smile/0.0025,0.0054130000
2022-01-31,SWAPTION/RATE_NVOL/USD/20Y/9Y/Smile/0.005,0.0054450000
2022-01-31,SWAPTION/RATE_NVOL/USD/20Y/9Y/Smile/0.01,0.0056320000
2022-01-31,SWAPTION/RATE_NVOL/USD/20Y/9Y/Smile/0.015,0.0059820000
2022-01-31,SWAPTION/RATE_NVOL/USD/20Y/9Y/Smile/0.02,0.0064490000
2022-01-31,SWAPTION/RATE_NVOL/USD/25Y/10Y/ATM,0.0050400000
2022-01-31,SWAPTION/RATE_NVOL/USD/25Y/10Y/Smile/-0.0025,0.0050700000
2022-01-31,SWAPTION/RATE_NVOL/USD/25Y/10Y/Smile/-0.005,0.0050960000
2022-01-31,SWAPTION/RATE_NVOL/USD/25Y/10Y/Smile/-0.01,0.0050370000
2022-01-31,SWAPTION/RATE_NVOL/USD/25Y/10Y/Smile/-0.015,0.0044620000
2022-01-31,SWAPTION/RATE_NVOL/USD/25Y/10Y/Smile/-0.02,0.0025820000
2022-01-31,SWAPTION/RATE_NVOL/USD/25Y/10Y/Smile/0.0025,0.0050260000
2022-01-31,SWAPTION/RATE_NVOL/USD/25Y/10Y/Smile/0.005,0.0050450000
2022-01-31,SWAPTION/RATE_NVOL/USD/25Y/10Y/Smile/0.01,0.0052210000
2022-01-31,SWAPTION/RATE_NVOL/USD/25Y/10Y/Smile/0.015,0.0055740000
2022-01-31,SWAPTION/RATE_NVOL/USD/25Y/10Y/Smile/0.02,0.0060460000
2022-01-31,SWAPTION/RATE_NVOL/USD/25Y/15Y/ATM,0.0048700000
2022-01-31,SWAPTION/RATE_NVOL/USD/25Y/15Y/Smile/-0.0025,0.0048850000
2022-01-31,SWAPTION/RATE_NVOL/USD/25Y/15Y/Smile/-0.005,0.0048940000
2022-01-31,SWAPTION/RATE_NVOL/USD/25Y/15Y/Smile/-0.01,0.0048090000
2022-01-31,SWAPTION/RATE_NVOL/USD/25Y/15Y/Smile/-0.015,0.0042840000
2022-01-31,SWAPTION/RATE_NVOL/USD/25Y/15Y/Smile/-0.02,0.0000540000
2022-01-31,SWAPTION/RATE_NVOL/USD/25Y/15Y/Smile/0.0025,0.0048640000
2022-01-31,SWAPTION/RATE_NVOL/USD/25Y/15Y/Smile/0.005,0.0048790000
2022-01-31,SWAPTION/RATE_NVOL/USD/25Y/15Y/Smile/0.01,0.0050110000
2022-01-31,SWAPTION/RATE_NVOL/USD/25Y/15Y/Smile/0.015,0.0052850000
2022-01-31,SWAPTION/RATE_NVOL/USD/25Y/15Y/Smile/0.02,0.0056670000
2022-01-31,SWAPTION/RATE_NVOL/USD/25Y/1Y/ATM,0.0054600000
2022-01-31,SWAPTION/RATE_NVOL/USD/25Y/1Y/Smile/-0.0025,0.0055020000
2022-01-31,SWAPTION/RATE_NVOL/USD/25Y/1Y/Smile/-0.005,0.0055400000
2022-01-31,SWAPTION/RATE_NVOL/USD/25Y/1Y/Smile/-0.01,0.0054570000
2022-01-31,SWAPTION/RATE_NVOL/USD/25Y/1Y/Smile/-0.015,0.0045440000
2022-01-31,SWAPTION/RATE_NVOL/USD/25Y/1Y/Smile/-0.02,0.0006040000
2022-01-31,SWAPTION/RATE_NVOL/USD/25Y/1Y/Smile/0.0025,0.0054460000
2022-01-31,SWAPTION/RATE_NVOL/USD/25Y/1Y/Smile/0.005,0.0054860000
2022-01-31,SWAPTION/RATE_NVOL/USD/25Y/1Y/Smile/0.01,0.0057700000
2022-01-31,SWAPTION/RATE_NVOL/USD/25Y/1Y/Smile/0.015,0.0062830000
2022-01-31,SWAPTION/RATE_NVOL/USD/25Y/1Y/Smile/0.02,0.0069260000
2022-01-31,SWAPTION/RATE_NVOL/USD/25Y/20Y/ATM,0.0047500000
2022-01-31,SWAPTION/RATE_NVOL/USD/25Y/20Y/Smile/-0.0025,0.0047670000
2022-01-31,SWAPTION/RATE_NVOL/USD/25Y/20Y/Smile/-0.005,0.0047750000
2022-01-31,SWAPTION/RATE_NVOL/USD/25Y/20Y/Smile/-0.01,0.0046930000
2022-01-31,SWAPTION/RATE_NVOL/USD/25Y/20Y/Smile/-0.015,0.0041990000
2022-01-31,SWAPTION/RATE_NVOL/USD/25Y/20Y/Smile/-0.02,0.0002300000
2022-01-31,SWAPTION/RATE_NVOL/USD/25Y/20Y/Smile/0.0025,0.0047400000
2022-01-31,SWAPTION/RATE_NVOL/USD/25Y/20Y/Smile/0.005,0.0047480000
2022-01-31,SWAPTION/RATE_NVOL/USD/25Y/20Y/Smile/0.01,0.0048540000
2022-01-31,SWAPTION/RATE_NVOL/USD/25Y/20Y/Smile/0.015,0.0050920000
2022-01-31,SWAPTION/RATE_NVOL/USD/25Y/20Y/Smile/0.02,0.0054350000
2022-01-31,SWAPTION/RATE_NVOL/USD/25Y/25Y/ATM,0.0046800000
2022-01-31,SWAPTION/RATE_NVOL/USD/25Y/25Y/Smile/-0.0025,0.0047060000
2022-01-31,SWAPTION/RATE_NVOL/USD/25Y/25Y/Smile/-0.005,0.0047270000
2022-01-31,SWAPTION/RATE_NVOL/USD/25Y/25Y/Smile/-0.01,0.0046760000
2022-01-31,SWAPTION/RATE_NVOL/USD/25Y/25Y/Smile/-0.015,0.0042380000
2022-01-31,SWAPTION/RATE_NVOL/USD/25Y/25Y/Smile/-0.02,0.0003080000
2022-01-31,SWAPTION/RATE_NVOL/USD/25Y/25Y/Smile/0.0025,0.0046630000
2022-01-31,SWAPTION/RATE_NVOL/USD/25Y/25Y/Smile/0.005,0.0046670000
2022-01-31,SWAPTION/RATE_NVOL/USD/25Y/25Y/Smile/0.01,0.0047740000
2022-01-31,SWAPTION/RATE_NVOL/USD/25Y/25Y/Smile/0.015,0.0050220000
2022-01-31,SWAPTION/RATE_NVOL/USD/25Y/25Y/Smile/0.02,0.0053770000
2022-01-31,SWAPTION/RATE_NVOL/USD/25Y/2Y/ATM,0.0053500000
2022-01-31,SWAPTION/RATE_NVOL/USD/25Y/2Y/Smile/-0.0025,0.0053920000
2022-01-31,SWAPTION/RATE_NVOL/USD/25Y/2Y/Smile/-0.005,0.0054300000
2022-01-31,SWAPTION/RATE_NVOL/USD/25Y/2Y/Smile/-0.01,0.0053470000
2022-01-31,SWAPTION/RATE_NVOL/USD/25Y/2Y/Smile/-0.015,0.0044480000
2022-01-31,SWAPTION/RATE_NVOL/USD/25Y/2Y/Smile/-0.02,0.0023310000
2022-01-31,SWAPTION/RATE_NVOL/USD/25Y/2Y/Smile/0.0025,0.0053330000
2022-01-31,SWAPTION/RATE_NVOL/USD/25Y/2Y/Smile/0.005,0.0053680000
2022-01-31,SWAPTION/RATE_NVOL/USD/25Y/2Y/Smile/0.01,0.0056330000
2022-01-31,SWAPTION/RATE_NVOL/USD/25Y/2Y/Smile/0.015,0.0061230000
2022-01-31,SWAPTION/RATE_NVOL/USD/25Y/2Y/Smile/0.02,0.0067430000
2022-01-31,SWAPTION/RATE_NVOL/USD/25Y/30Y/ATM,0.0046700000
2022-01-31,SWAPTION/RATE_NVOL/USD/25Y/30Y/Smile/-0.0025,0.0046960000
2022-01-31,SWAPTION/RATE_NVOL/USD/25Y/30Y/Smile/-0.005,0.0047160000
2022-01-31,SWAPTION/RATE_NVOL/USD/25Y/30Y/Smile/-0.01,0.0046670000
2022-01-31,SWAPTION/RATE_NVOL/USD/25Y/30Y/Smile/-0.015,0.0042430000
2022-01-31,SWAPTION/RATE_NVOL/USD/25Y/30Y/Smile/-0.02,0.0003290000
2022-01-31,SWAPTION/RATE_NVOL/USD/25Y/30Y/Smile/0.0025,0.0046530000
2022-01-31,SWAPTION/RATE_NVOL/USD/25Y/30Y/Smile/0.005,0.0046580000
2022-01-31,SWAPTION/RATE_NVOL/USD/25Y/30Y/Smile/0.01,0.0047660000
2022-01-31,SWAPTION/RATE_NVOL/USD/25Y/30Y/Smile/0.015,0.0050120000
2022-01-31,SWAPTION/RATE_NVOL/USD/25Y/30Y/Smile/0.02,0.0053640000
2022-01-31,SWAPTION/RATE_NVOL/USD/25Y/3Y/ATM,0.0052700000
2022-01-31,SWAPTION/RATE_NVOL/USD/25Y/3Y/Smile/-0.0025,0.0053130000
2022-01-31,SWAPTION/RATE_NVOL/USD/25Y/3Y/Smile/-0.005,0.0053500000
2022-01-31,SWAPTION/RATE_NVOL/USD/25Y/3Y/Smile/-0.01,0.0052670000
2022-01-31,SWAPTION/RATE_NVOL/USD/25Y/3Y/Smile/-0.015,0.0043840000
2022-01-31,SWAPTION/RATE_NVOL/USD/25Y/3Y/Smile/-0.02,0.0021560000
2022-01-31,SWAPTION/RATE_NVOL/USD/25Y/3Y/Smile/0.0025,0.0052510000
2022-01-31,SWAPTION/RATE_NVOL/USD/25Y/3Y/Smile/0.005,0.0052800000
2022-01-31,SWAPTION/RATE_NVOL/USD/25Y/3Y/Smile/0.01,0.0055300000
2022-01-31,SWAPTION/RATE_NVOL/USD/25Y/3Y/Smile/0.015,0.0060010000
2022-01-31,SWAPTION/RATE_NVOL/USD/25Y/3Y/Smile/0.02,0.0066020000
2022-01-31,SWAPTION/RATE_NVOL/USD/25Y/4Y/ATM,0.0052200000
2022-01-31,SWAPTION/RATE_NVOL/USD/25Y/4Y/Smile/-0.0025,0.0052630000
2022-01-31,SWAPTION/RATE_NVOL/USD/25Y/4Y/Smile/-0.005,0.0053000000
2022-01-31,SWAPTION/RATE_NVOL/USD/25Y/4Y/Smile/-0.01,0.0052170000
2022-01-31,SWAPTION/RATE_NVOL/USD/25Y/4Y/Smile/-0.015,0.0043480000
2022-01-31,SWAPTION/RATE_NVOL/USD/25Y/4Y/Smile/-0.02,0.0022010000
2022-01-31,SWAPTION/RATE_NVOL/USD/25Y/4Y/Smile/0.0025,0.0051990000
2022-01-31,SWAPTION/RATE_NVOL/USD/25Y/4Y/Smile/0.005,0.0052250000
2022-01-31,SWAPTION/RATE_NVOL/USD/25Y/4Y/Smile/0.01,0.0054630000
2022-01-31,SWAPTION/RATE_NVOL/USD/25Y/4Y/Smile/0.015,0.0059200000
2022-01-31,SWAPTION/RATE_NVOL/USD/25Y/4Y/Smile/0.02,0.0065060000
2022-01-31,SWAPTION/RATE_NVOL/USD/25Y/5Y/ATM,0.0051800000
2022-01-31,SWAPTION/RATE_NVOL/USD/25Y/5Y/Smile/-0.0025,0.0052230000
2022-01-31,SWAPTION/RATE_NVOL/USD/25Y/5Y/Smile/-0.005,0.0052600000
2022-01-31,SWAPTION/RATE_NVOL/USD/25Y/5Y/Smile/-0.01,0.0051770000
2022-01-31,SWAPTION/RATE_NVOL/USD/25Y/5Y/Smile/-0.015,0.0043310000
2022-01-31,SWAPTION/RATE_NVOL/USD/25Y/5Y/Smile/-0.02,0.0024080000
2022-01-31,SWAPTION/RATE_NVOL/USD/25Y/5Y/Smile/0.0025,0.0051570000
2022-01-31,SWAPTION/RATE_NVOL/USD/25Y/5Y/Smile/0.005,0.0051790000
2022-01-31,SWAPTION/RATE_NVOL/USD/25Y/5Y/Smile/0.01,0.0054030000
2022-01-31,SWAPTION/RATE_NVOL/USD/25Y/5Y/Smile/0.015,0.0058430000
2022-01-31,SWAPTION/RATE_NVOL/USD/25Y/5Y/Smile/0.02,0.0064130000
2022-01-31,SWAPTION/RATE_NVOL/USD/25Y/6Y/ATM,0.0051500000
2022-01-31,SWAPTION/RATE_NVOL/USD/25Y/6Y/Smile/-0.0025,0.0051940000
2022-01-31,SWAPTION/RATE_NVOL/USD/25Y/6Y/Smile/-0.005,0.0052290000
2022-01-31,SWAPTION/RATE_NVOL/USD/25Y/6Y/Smile/-0.01,0.0051470000
2022-01-31,SWAPTION/RATE_NVOL/USD/25Y/6Y/Smile/-0.015,0.0043570000
2022-01-31,SWAPTION/RATE_NVOL/USD/25Y/6Y/Smile/-0.02,0.0024530000
2022-01-31,SWAPTION/RATE_NVOL/USD/25Y/6Y/Smile/0.0025,0.0051230000
2022-01-31,SWAPTION/RATE_NVOL/USD/25Y/6Y/Smile/0.005,0.0051360000
2022-01-31,SWAPTION/RATE_NVOL/USD/25Y/6Y/Smile/0.01,0.0053330000
2022-01-31,SWAPTION/RATE_NVOL/USD/25Y/6Y/Smile/0.015,0.0057400000
2022-01-31,SWAPTION/RATE_NVOL/USD/25Y/6Y/Smile/0.02,0.0062800000
2022-01-31,SWAPTION/RATE_NVOL/USD/25Y/7Y/ATM,0.0051200000
2022-01-31,SWAPTION/RATE_NVOL/USD/25Y/7Y/Smile/-0.0025,0.0051590000
2022-01-31,SWAPTION/RATE_NVOL/USD/25Y/7Y/Smile/-0.005,0.0051910000
2022-01-31,SWAPTION/RATE_NVOL/USD/25Y/7Y/Smile/-0.01,0.0051170000
2022-01-31,SWAPTION/RATE_NVOL/USD/25Y/7Y/Smile/-0.015,0.0044070000
2022-01-31,SWAPTION/RATE_NVOL/USD/25Y/7Y/Smile/-0.02,0.0024940000
2022-01-31,SWAPTION/RATE_NVOL/USD/25Y/7Y/Smile/0.0025,0.0050980000
2022-01-31,SWAPTION/RATE_NVOL/USD/25Y/7Y/Smile/0.005,0.0051130000
2022-01-31,SWAPTION/RATE_NVOL/USD/25Y/7Y/Smile/0.01,0.0053010000
2022-01-31,SWAPTION/RATE_NVOL/USD/25Y/7Y/Smile/0.015,0.0056890000
2022-01-31,SWAPTION/RATE_NVOL/USD/25Y/7Y/Smile/0.02,0.0062040000
2022-01-31,SWAPTION/RATE_NVOL/USD/25Y/8Y/ATM,0.0050900000
2022-01-31,SWAPTION/RATE_NVOL/USD/25Y/8Y/Smile/-0.0025,0.0051250000
2022-01-31,SWAPTION/RATE_NVOL/USD/25Y/8Y/Smile/-0.005,0.0051550000
2022-01-31,SWAPTION/RATE_NVOL/USD/25Y/8Y/Smile/-0.01,0.0050870000
2022-01-31,SWAPTION/RATE_NVOL/USD/25Y/8Y/Smile/-0.015,0.0044370000
2022-01-31,SWAPTION/RATE_NVOL/USD/25Y/8Y/Smile/-0.02,0.0025250000
2022-01-31,SWAPTION/RATE_NVOL/USD/25Y/8Y/Smile/0.0025,0.0050710000
2022-01-31,SWAPTION/RATE_NVOL/USD/25Y/8Y/Smile/0.005,0.0050880000
2022-01-31,SWAPTION/RATE_NVOL/USD/25Y/8Y/Smile/0.01,0.0052710000
2022-01-31,SWAPTION/RATE_NVOL/USD/25Y/8Y/Smile/0.015,0.0056440000
2022-01-31,SWAPTION/RATE_NVOL/USD/25Y/8Y/Smile/0.02,0.0061400000
2022-01-31,SWAPTION/RATE_NVOL/USD/25Y/9Y/ATM,0.0050700000
2022-01-31,SWAPTION/RATE_NVOL/USD/25Y/9Y/Smile/-0.0025,0.0051030000
2022-01-31,SWAPTION/RATE_NVOL/USD/25Y/9Y/Smile/-0.005,0.0051300000
2022-01-31,SWAPTION/RATE_NVOL/USD/25Y/9Y/Smile/-0.01,0.0050670000
2022-01-31,SWAPTION/RATE_NVOL/USD/25Y/9Y/Smile/-0.015,0.0044560000
2022-01-31,SWAPTION/RATE_NVOL/USD/25Y/9Y/Smile/-0.02,0.0025540000
2022-01-31,SWAPTION/RATE_NVOL/USD/25Y/9Y/Smile/0.0025,0.0050540000
2022-01-31,SWAPTION/RATE_NVOL/USD/25Y/9Y/Smile/0.005,0.0050720000
2022-01-31,SWAPTION/RATE_NVOL/USD/25Y/9Y/Smile/0.01,0.0052510000
2022-01-31,SWAPTION/RATE_NVOL/USD/25Y/9Y/Smile/0.015,0.0056140000
2022-01-31,SWAPTION/RATE_NVOL/USD/25Y/9Y/Smile/0.02,0.0060980000
2022-01-31,SWAPTION/RATE_NVOL/USD/2Y/10Y/ATM,0.0080400000
2022-01-31,SWAPTION/RATE_NVOL/USD/2Y/10Y/Smile/-0.0025,0.0076050000
2022-01-31,SWAPTION/RATE_NVOL/USD/2Y/10Y/Smile/-0.005,0.0072930000
2022-01-31,SWAPTION/RATE_NVOL/USD/2Y/10Y/Smile/-0.01,0.0070330000
2022-01-31,SWAPTION/RATE_NVOL/USD/2Y/10Y/Smile/-0.015,0.0070040000
2022-01-31,SWAPTION/RATE_NVOL/USD/2Y/10Y/Smile/-0.02,0.0058480000
2022-01-31,SWAPTION/RATE_NVOL/USD/2Y/10Y/Smile/0.0025,0.0085710000
2022-01-31,SWAPTION/RATE_NVOL/USD/2Y/10Y/Smile/0.005,0.0091660000
2022-01-31,SWAPTION/RATE_NVOL/USD/2Y/10Y/Smile/0.01,0.0104550000
2022-01-31,SWAPTION/RATE_NVOL/USD/2Y/10Y/Smile/0.015,0.0117930000
2022-01-31,SWAPTION/RATE_NVOL/USD/2Y/10Y/Smile/0.02,0.0131320000
2022-01-31,SWAPTION/RATE_NVOL/USD/2Y/15Y/ATM,0.0077500000
2022-01-31,SWAPTION/RATE_NVOL/USD/2Y/15Y/Smile/-0.0025,0.0073220000
2022-01-31,SWAPTION/RATE_NVOL/USD/2Y/15Y/Smile/-0.005,0.0070250000
2022-01-31,SWAPTION/RATE_NVOL/USD/2Y/15Y/Smile/-0.01,0.0068190000
2022-01-31,SWAPTION/RATE_NVOL/USD/2Y/15Y/Smile/-0.015,0.0068610000
2022-01-31,SWAPTION/RATE_NVOL/USD/2Y/15Y/Smile/-0.02,0.0062490000
2022-01-31,SWAPTION/RATE_NVOL/USD/2Y/15Y/Smile/0.0025,0.0082800000
2022-01-31,SWAPTION/RATE_NVOL/USD/2Y/15Y/Smile/0.005,0.0088760000
2022-01-31,SWAPTION/RATE_NVOL/USD/2Y/15Y/Smile/0.01,0.0101680000
2022-01-31,SWAPTION/RATE_NVOL/USD/2Y/15Y/Smile/0.015,0.0115050000
2022-01-31,SWAPTION/RATE_NVOL/USD/2Y/15Y/Smile/0.02,0.0128420000
2022-01-31,SWAPTION/RATE_NVOL/USD/2Y/1Y/ATM,0.0090100000
2022-01-31,SWAPTION/RATE_NVOL/USD/2Y/1Y/Smile/-0.0025,0.0085870000
2022-01-31,SWAPTION/RATE_NVOL/USD/2Y/1Y/Smile/-0.005,0.0082760000
2022-01-31,SWAPTION/RATE_NVOL/USD/2Y/1Y/Smile/-0.01,0.0079700000
2022-01-31,SWAPTION/RATE_NVOL/USD/2Y/1Y/Smile/-0.015,0.0078310000
2022-01-31,SWAPTION/RATE_NVOL/USD/2Y/1Y/Smile/-0.02,0.0067620000
2022-01-31,SWAPTION/RATE_NVOL/USD/2Y/1Y/Smile/0.0025,0.0095260000
2022-01-31,SWAPTION/RATE_NVOL/USD/2Y/1Y/Smile/0.005,0.0101100000
2022-01-31,SWAPTION/RATE_NVOL/USD/2Y/1Y/Smile/0.01,0.0113970000
2022-01-31,SWAPTION/RATE_NVOL/USD/2Y/1Y/Smile/0.015,0.0127520000
2022-01-31,SWAPTION/RATE_NVOL/USD/2Y/1Y/Smile/0.02,0.0141220000
2022-01-31,SWAPTION/RATE_NVOL/USD/2Y/20Y/ATM,0.0075300000
2022-01-31,SWAPTION/RATE_NVOL/USD/2Y/20Y/Smile/-0.0025,0.0071000000
2022-01-31,SWAPTION/RATE_NVOL/USD/2Y/20Y/Smile/-0.005,0.0068030000
2022-01-31,SWAPTION/RATE_NVOL/USD/2Y/20Y/Smile/-0.01,0.0066040000
2022-01-31,SWAPTION/RATE_NVOL/USD/2Y/20Y/Smile/-0.015,0.0066560000
2022-01-31,SWAPTION/RATE_NVOL/USD/2Y/20Y/Smile/-0.02,0.0060070000
2022-01-31,SWAPTION/RATE_NVOL/USD/2Y/20Y/Smile/0.0025,0.0080610000
2022-01-31,SWAPTION/RATE_NVOL/USD/2Y/20Y/Smile/0.005,0.0086570000
2022-01-31,SWAPTION/RATE_NVOL/USD/2Y/20Y/Smile/0.01,0.0099440000
2022-01-31,SWAPTION/RATE_NVOL/USD/2Y/20Y/Smile/0.015,0.0112720000
2022-01-31,SWAPTION/RATE_NVOL/USD/2Y/20Y/Smile/0.02,0.0125960000
2022-01-31,SWAPTION/RATE_NVOL/USD/2Y/25Y/ATM,0.0074000000
2022-01-31,SWAPTION/RATE_NVOL/USD/2Y/25Y/Smile/-0.0025,0.0069700000
2022-01-31,SWAPTION/RATE_NVOL/USD/2Y/25Y/Smile/-0.005,0.0066750000
2022-01-31,SWAPTION/RATE_NVOL/USD/2Y/25Y/Smile/-0.01,0.0064810000
2022-01-31,SWAPTION/RATE_NVOL/USD/2Y/25Y/Smile/-0.015,0.0065260000
2022-01-31,SWAPTION/RATE_NVOL/USD/2Y/25Y/Smile/-0.02,0.0052050000
2022-01-31,SWAPTION/RATE_NVOL/USD/2Y/25Y/Smile/0.0025,0.0079320000
2022-01-31,SWAPTION/RATE_NVOL/USD/2Y/25Y/Smile/0.005,0.0085280000
2022-01-31,SWAPTION/RATE_NVOL/USD/2Y/25Y/Smile/0.01,0.0098160000
2022-01-31,SWAPTION/RATE_NVOL/USD/2Y/25Y/Smile/0.015,0.0111420000
2022-01-31,SWAPTION/RATE_NVOL/USD/2Y/25Y/Smile/0.02,0.0124630000
2022-01-31,SWAPTION/RATE_NVOL/USD/2Y/2Y/ATM,0.0088300000
2022-01-31,SWAPTION/RATE_NVOL/USD/2Y/2Y/Smile/-0.0025,0.0084070000
2022-01-31,SWAPTION/RATE_NVOL/USD/2Y/2Y/Smile/-0.005,0.0080970000
2022-01-31,SWAPTION/RATE_NVOL/USD/2Y/2Y/Smile/-0.01,0.0077900000
2022-01-31,SWAPTION/RATE_NVOL/USD/2Y/2Y/Smile/-0.015,0.0076200000
2022-01-31,SWAPTION/RATE_NVOL/USD/2Y/2Y/Smile/-0.02,0.0065750000
2022-01-31,SWAPTION/RATE_NVOL/USD/2Y/2Y/Smile/0.0025,0.0093470000
2022-01-31,SWAPTION/RATE_NVOL/USD/2Y/2Y/Smile/0.005,0.0099320000
2022-01-31,SWAPTION/RATE_NVOL/USD/2Y/2Y/Smile/0.01,0.0112180000
2022-01-31,SWAPTION/RATE_NVOL/USD/2Y/2Y/Smile/0.015,0.0125720000
2022-01-31,SWAPTION/RATE_NVOL/USD/2Y/2Y/Smile/0.02,0.0139390000
2022-01-31,SWAPTION/RATE_NVOL/USD/2Y/30Y/ATM,0.0073100000
2022-01-31,SWAPTION/RATE_NVOL/USD/2Y/30Y/Smile/-0.0025,0.0068690000
2022-01-31,SWAPTION/RATE_NVOL/USD/2Y/30Y/Smile/-0.005,0.0065600000
2022-01-31,SWAPTION/RATE_NVOL/USD/2Y/30Y/Smile/-0.01,0.0063370000
2022-01-31,SWAPTION/RATE_NVOL/USD/2Y/30Y/Smile/-0.015,0.0063580000
2022-01-31,SWAPTION/RATE_NVOL/USD/2Y/30Y/Smile/-0.02,0.0058880000
2022-01-31,SWAPTION/RATE_NVOL/USD/2Y/30Y/Smile/0.0025,0.0078480000
2022-01-31,SWAPTION/RATE_NVOL/USD/2Y/30Y/Smile/0.005,0.0084480000
2022-01-31,SWAPTION/RATE_NVOL/USD/2Y/30Y/Smile/0.01,0.0097340000
2022-01-31,SWAPTION/RATE_NVOL/USD/2Y/30Y/Smile/0.015,0.0110520000
2022-01-31,SWAPTION/RATE_NVOL/USD/2Y/30Y/Smile/0.02,0.0123630000
2022-01-31,SWAPTION/RATE_NVOL/USD/2Y/3Y/ATM,0.0087600000
2022-01-31,SWAPTION/RATE_NVOL/USD/2Y/3Y/Smile/-0.0025,0.0083360000
2022-01-31,SWAPTION/RATE_NVOL/USD/2Y/3Y/Smile/-0.005,0.0080250000
2022-01-31,SWAPTION/RATE_NVOL/USD/2Y/3Y/Smile/-0.01,0.0077200000
2022-01-31,SWAPTION/RATE_NVOL/USD/2Y/3Y/Smile/-0.015,0.0075580000
2022-01-31,SWAPTION/RATE_NVOL/USD/2Y/3Y/Smile/-0.02,0.0061250000
2022-01-31,SWAPTION/RATE_NVOL/USD/2Y/3Y/Smile/0.0025,0.0092780000
2022-01-31,SWAPTION/RATE_NVOL/USD/2Y/3Y/Smile/0.005,0.0098640000
2022-01-31,SWAPTION/RATE_NVOL/USD/2Y/3Y/Smile/0.01,0.0111500000
2022-01-31,SWAPTION/RATE_NVOL/USD/2Y/3Y/Smile/0.015,0.0125020000
2022-01-31,SWAPTION/RATE_NVOL/USD/2Y/3Y/Smile/0.02,0.0138660000
2022-01-31,SWAPTION/RATE_NVOL/USD/2Y/4Y/ATM,0.0085800000
2022-01-31,SWAPTION/RATE_NVOL/USD/2Y/4Y/Smile/-0.0025,0.0081530000
2022-01-31,SWAPTION/RATE_NVOL/USD/2Y/4Y/Smile/-0.005,0.0078410000
2022-01-31,SWAPTION/RATE_NVOL/USD/2Y/4Y/Smile/-0.01,0.0075400000
2022-01-31,SWAPTION/RATE_NVOL/USD/2Y/4Y/Smile/-0.015,0.0073980000
2022-01-31,SWAPTION/RATE_NVOL/USD/2Y/4Y/Smile/-0.02,0.0056160000
2022-01-31,SWAPTION/RATE_NVOL/USD/2Y/4Y/Smile/0.0025,0.0091010000
2022-01-31,SWAPTION/RATE_NVOL/USD/2Y/4Y/Smile/0.005,0.0096880000
2022-01-31,SWAPTION/RATE_NVOL/USD/2Y/4Y/Smile/0.01,0.0109730000
2022-01-31,SWAPTION/RATE_NVOL/USD/2Y/4Y/Smile/0.015,0.0123190000
2022-01-31,SWAPTION/RATE_NVOL/USD/2Y/4Y/Smile/0.02,0.0136750000
2022-01-31,SWAPTION/RATE_NVOL/USD/2Y/5Y/ATM,0.0084600000
2022-01-31,SWAPTION/RATE_NVOL/USD/2Y/5Y/Smile/-0.0025,0.0080300000
2022-01-31,SWAPTION/RATE_NVOL/USD/2Y/5Y/Smile/-0.005,0.0077160000
2022-01-31,SWAPTION/RATE_NVOL/USD/2Y/5Y/Smile/-0.01,0.0074200000
2022-01-31,SWAPTION/RATE_NVOL/USD/2Y/5Y/Smile/-0.015,0.0073010000
2022-01-31,SWAPTION/RATE_NVOL/USD/2Y/5Y/Smile/-0.02,0.0049840000
2022-01-31,SWAPTION/RATE_NVOL/USD/2Y/5Y/Smile/0.0025,0.0089830000
2022-01-31,SWAPTION/RATE_NVOL/USD/2Y/5Y/Smile/0.005,0.0095720000
2022-01-31,SWAPTION/RATE_NVOL/USD/2Y/5Y/Smile/0.01,0.0108580000
2022-01-31,SWAPTION/RATE_NVOL/USD/2Y/5Y/Smile/0.015,0.0122010000
2022-01-31,SWAPTION/RATE_NVOL/USD/2Y/5Y/Smile/0.02,0.0135520000
2022-01-31,SWAPTION/RATE_NVOL/USD/2Y/6Y/ATM,0.0083400000
2022-01-31,SWAPTION/RATE_NVOL/USD/2Y/6Y/Smile/-0.0025,0.0079070000
2022-01-31,SWAPTION/RATE_NVOL/USD/2Y/6Y/Smile/-0.005,0.0075910000
2022-01-31,SWAPTION/RATE_NVOL/USD/2Y/6Y/Smile/-0.01,0.0073000000
2022-01-31,SWAPTION/RATE_NVOL/USD/2Y/6Y/Smile/-0.015,0.0071980000
2022-01-31,SWAPTION/RATE_NVOL/USD/2Y/6Y/Smile/-0.02,0.0058310000
2022-01-31,SWAPTION/RATE_NVOL/USD/2Y/6Y/Smile/0.0025,0.0088660000
2022-01-31,SWAPTION/RATE_NVOL/USD/2Y/6Y/Smile/0.005,0.0094570000
2022-01-31,SWAPTION/RATE_NVOL/USD/2Y/6Y/Smile/0.01,0.0107440000
2022-01-31,SWAPTION/RATE_NVOL/USD/2Y/6Y/Smile/0.015,0.0120850000
2022-01-31,SWAPTION/RATE_NVOL/USD/2Y/6Y/Smile/0.02,0.0134320000
2022-01-31,SWAPTION/RATE_NVOL/USD/2Y/7Y/ATM,0.0082100000
2022-01-31,SWAPTION/RATE_NVOL/USD/2Y/7Y/Smile/-0.0025,0.0077740000
2022-01-31,SWAPTION/RATE_NVOL/USD/2Y/7Y/Smile/-0.005,0.0074570000
2022-01-31,SWAPTION/RATE_NVOL/USD/2Y/7Y/Smile/-0.01,0.0071700000
2022-01-31,SWAPTION/RATE_NVOL/USD/2Y/7Y/Smile/-0.015,0.0070860000
2022-01-31,SWAPTION/RATE_NVOL/USD/2Y/7Y/Smile/-0.02,0.0049170000
2022-01-31,SWAPTION/RATE_NVOL/USD/2Y/7Y/Smile/0.0025,0.0087390000
2022-01-31,SWAPTION/RATE_NVOL/USD/2Y/7Y/Smile/0.005,0.0093330000
2022-01-31,SWAPTION/RATE_NVOL/USD/2Y/7Y/Smile/0.01,0.0106210000
2022-01-31,SWAPTION/RATE_NVOL/USD/2Y/7Y/Smile/0.015,0.0119590000
2022-01-31,SWAPTION/RATE_NVOL/USD/2Y/7Y/Smile/0.02,0.0133020000
2022-01-31,SWAPTION/RATE_NVOL/USD/2Y/8Y/ATM,0.0081500000
2022-01-31,SWAPTION/RATE_NVOL/USD/2Y/8Y/Smile/-0.0025,0.0077120000
2022-01-31,SWAPTION/RATE_NVOL/USD/2Y/8Y/Smile/-0.005,0.0073940000
2022-01-31,SWAPTION/RATE_NVOL/USD/2Y/8Y/Smile/-0.01,0.0071100000
2022-01-31,SWAPTION/RATE_NVOL/USD/2Y/8Y/Smile/-0.015,0.0070410000
2022-01-31,SWAPTION/RATE_NVOL/USD/2Y/8Y/Smile/-0.02,0.0058930000
2022-01-31,SWAPTION/RATE_NVOL/USD/2Y/8Y/Smile/0.0025,0.0086810000
2022-01-31,SWAPTION/RATE_NVOL/USD/2Y/8Y/Smile/0.005,0.0092760000
2022-01-31,SWAPTION/RATE_NVOL/USD/2Y/8Y/Smile/0.01,0.0105640000
2022-01-31,SWAPTION/RATE_NVOL/USD/2Y/8Y/Smile/0.015,0.0119020000
2022-01-31,SWAPTION/RATE_NVOL/USD/2Y/8Y/Smile/0.02,0.0132420000
2022-01-31,SWAPTION/RATE_NVOL/USD/2Y/9Y/ATM,0.0081000000
2022-01-31,SWAPTION/RATE_NVOL/USD/2Y/9Y/Smile/-0.0025,0.0076630000
2022-01-31,SWAPTION/RATE_NVOL/USD/2Y/9Y/Smile/-0.005,0.0073480000
2022-01-31,SWAPTION/RATE_NVOL/USD/2Y/9Y/Smile/-0.01,0.0070760000
2022-01-31,SWAPTION/RATE_NVOL/USD/2Y/9Y/Smile/-0.015,0.0070270000
2022-01-31,SWAPTION/RATE_NVOL/USD/2Y/9Y/Smile/-0.02,0.0053670000
2022-01-31,SWAPTION/RATE_NVOL/USD/2Y/9Y/Smile/0.0025,0.0086310000
2022-01-31,SWAPTION/RATE_NVOL/USD/2Y/9Y/Smile/0.005,0.0092260000
2022-01-31,SWAPTION/RATE_NVOL/USD/2Y/9Y/Smile/0.01,0.0105150000
2022-01-31,SWAPTION/RATE_NVOL/USD/2Y/9Y/Smile/0.015,0.0118520000
2022-01-31,SWAPTION/RATE_NVOL/USD/2Y/9Y/Smile/0.02,0.0131920000
2022-01-31,SWAPTION/RATE_NVOL/USD/30Y/10Y/ATM,0.0048100000
2022-01-31,SWAPTION/RATE_NVOL/USD/30Y/10Y/Smile/-0.0025,0.0048290000
2022-01-31,SWAPTION/RATE_NVOL/USD/30Y/10Y/Smile/-0.005,0.0048440000
2022-01-31,SWAPTION/RATE_NVOL/USD/30Y/10Y/Smile/-0.01,0.0047890000
2022-01-31,SWAPTION/RATE_NVOL/USD/30Y/10Y/Smile/-0.015,0.0043530000
2022-01-31,SWAPTION/RATE_NVOL/USD/30Y/10Y/Smile/-0.02,0.0021200000
2022-01-31,SWAPTION/RATE_NVOL/USD/30Y/10Y/Smile/0.0025,0.0048050000
2022-01-31,SWAPTION/RATE_NVOL/USD/30Y/10Y/Smile/0.005,0.0048260000
2022-01-31,SWAPTION/RATE_NVOL/USD/30Y/10Y/Smile/0.01,0.0049790000
2022-01-31,SWAPTION/RATE_NVOL/USD/30Y/10Y/Smile/0.015,0.0052790000
2022-01-31,SWAPTION/RATE_NVOL/USD/30Y/10Y/Smile/0.02,0.0056850000
2022-01-31,SWAPTION/RATE_NVOL/USD/30Y/15Y/ATM,0.0047100000
2022-01-31,SWAPTION/RATE_NVOL/USD/30Y/15Y/Smile/-0.0025,0.0047300000
2022-01-31,SWAPTION/RATE_NVOL/USD/30Y/15Y/Smile/-0.005,0.0047460000
2022-01-31,SWAPTION/RATE_NVOL/USD/30Y/15Y/Smile/-0.01,0.0046890000
2022-01-31,SWAPTION/RATE_NVOL/USD/30Y/15Y/Smile/-0.015,0.0042580000
2022-01-31,SWAPTION/RATE_NVOL/USD/30Y/15Y/Smile/-0.02,0.0022690000
2022-01-31,SWAPTION/RATE_NVOL/USD/30Y/15Y/Smile/0.0025,0.0047010000
2022-01-31,SWAPTION/RATE_NVOL/USD/30Y/15Y/Smile/0.005,0.0047160000
2022-01-31,SWAPTION/RATE_NVOL/USD/30Y/15Y/Smile/0.01,0.0048510000
2022-01-31,SWAPTION/RATE_NVOL/USD/30Y/15Y/Smile/0.015,0.0051280000
2022-01-31,SWAPTION/RATE_NVOL/USD/30Y/15Y/Smile/0.02,0.0055110000
2022-01-31,SWAPTION/RATE_NVOL/USD/30Y/1Y/ATM,0.0052200000
2022-01-31,SWAPTION/RATE_NVOL/USD/30Y/1Y/Smile/-0.0025,0.0052440000
2022-01-31,SWAPTION/RATE_NVOL/USD/30Y/1Y/Smile/-0.005,0.0052640000
2022-01-31,SWAPTION/RATE_NVOL/USD/30Y/1Y/Smile/-0.01,0.0051990000
2022-01-31,SWAPTION/RATE_NVOL/USD/30Y/1Y/Smile/-0.015,0.0046730000
2022-01-31,SWAPTION/RATE_NVOL/USD/30Y/1Y/Smile/-0.02,0.0020980000
2022-01-31,SWAPTION/RATE_NVOL/USD/30Y/1Y/Smile/0.0025,0.0052130000
2022-01-31,SWAPTION/RATE_NVOL/USD/30Y/1Y/Smile/0.005,0.0052390000
2022-01-31,SWAPTION/RATE_NVOL/USD/30Y/1Y/Smile/0.01,0.0054300000
2022-01-31,SWAPTION/RATE_NVOL/USD/30Y/1Y/Smile/0.015,0.0057960000
2022-01-31,SWAPTION/RATE_NVOL/USD/30Y/1Y/Smile/0.02,0.0062830000
2022-01-31,SWAPTION/RATE_NVOL/USD/30Y/20Y/ATM,0.0046500000
2022-01-31,SWAPTION/RATE_NVOL/USD/30Y/20Y/Smile/-0.0025,0.0046710000
2022-01-31,SWAPTION/RATE_NVOL/USD/30Y/20Y/Smile/-0.005,0.0046870000
2022-01-31,SWAPTION/RATE_NVOL/USD/30Y/20Y/Smile/-0.01,0.0046290000
2022-01-31,SWAPTION/RATE_NVOL/USD/30Y/20Y/Smile/-0.015,0.0042000000
2022-01-31,SWAPTION/RATE_NVOL/USD/30Y/20Y/Smile/-0.02,0.0023500000
2022-01-31,SWAPTION/RATE_NVOL/USD/30Y/20Y/Smile/0.0025,0.0046390000
2022-01-31,SWAPTION/RATE_NVOL/USD/30Y/20Y/Smile/0.005,0.0046500000
2022-01-31,SWAPTION/RATE_NVOL/USD/30Y/20Y/Smile/0.01,0.0047730000
2022-01-31,SWAPTION/RATE_NVOL/USD/30Y/20Y/Smile/0.015,0.0050360000
2022-01-31,SWAPTION/RATE_NVOL/USD/30Y/20Y/Smile/0.02,0.0054030000
2022-01-31,SWAPTION/RATE_NVOL/USD/30Y/25Y/ATM,0.0046100000
2022-01-31,SWAPTION/RATE_NVOL/USD/30Y/25Y/Smile/-0.0025,0.0046300000
2022-01-31,SWAPTION/RATE_NVOL/USD/30Y/25Y/Smile/-0.005,0.0046450000
2022-01-31,SWAPTION/RATE_NVOL/USD/30Y/25Y/Smile/-0.01,0.0045890000
2022-01-31,SWAPTION/RATE_NVOL/USD/30Y/25Y/Smile/-0.015,0.0041730000
2022-01-31,SWAPTION/RATE_NVOL/USD/30Y/25Y/Smile/-0.02,0.0024020000
2022-01-31,SWAPTION/RATE_NVOL/USD/30Y/25Y/Smile/0.0025,0.0046000000
2022-01-31,SWAPTION/RATE_NVOL/USD/30Y/25Y/Smile/0.005,0.0046120000
2022-01-31,SWAPTION/RATE_NVOL/USD/30Y/25Y/Smile/0.01,0.0047330000
2022-01-31,SWAPTION/RATE_NVOL/USD/30Y/25Y/Smile/0.015,0.0049910000
2022-01-31,SWAPTION/RATE_NVOL/USD/30Y/25Y/Smile/0.02,0.0053520000
2022-01-31,SWAPTION/RATE_NVOL/USD/30Y/2Y/ATM,0.0051100000
2022-01-31,SWAPTION/RATE_NVOL/USD/30Y/2Y/Smile/-0.0025,0.0051310000
2022-01-31,SWAPTION/RATE_NVOL/USD/30Y/2Y/Smile/-0.005,0.0051490000
2022-01-31,SWAPTION/RATE_NVOL/USD/30Y/2Y/Smile/-0.01,0.0050890000
2022-01-31,SWAPTION/RATE_NVOL/USD/30Y/2Y/Smile/-0.015,0.0045970000
2022-01-31,SWAPTION/RATE_NVOL/USD/30Y/2Y/Smile/-0.02,0.0020950000
2022-01-31,SWAPTION/RATE_NVOL/USD/30Y/2Y/Smile/0.0025,0.0051060000
2022-01-31,SWAPTION/RATE_NVOL/USD/30Y/2Y/Smile/0.005,0.0051340000
2022-01-31,SWAPTION/RATE_NVOL/USD/30Y/2Y/Smile/0.01,0.0053200000
2022-01-31,SWAPTION/RATE_NVOL/USD/30Y/2Y/Smile/0.015,0.0056730000
2022-01-31,SWAPTION/RATE_NVOL/USD/30Y/2Y/Smile/0.02,0.0061400000
2022-01-31,SWAPTION/RATE_NVOL/USD/30Y/30Y/ATM,0.0046000000
2022-01-31,SWAPTION/RATE_NVOL/USD/30Y/30Y/Smile/-0.0025,0.0046190000
2022-01-31,SWAPTION/RATE_NVOL/USD/30Y/30Y/Smile/-0.005,0.0046340000
2022-01-31,SWAPTION/RATE_NVOL/USD/30Y/30Y/Smile/-0.01,0.0045790000
2022-01-31,SWAPTION/RATE_NVOL/USD/30Y/30Y/Smile/-0.015,0.0041670000
2022-01-31,SWAPTION/RATE_NVOL/USD/30Y/30Y/Smile/-0.02,0.0024270000
2022-01-31,SWAPTION/RATE_NVOL/USD/30Y/30Y/Smile/0.0025,0.0045900000
2022-01-31,SWAPTION/RATE_NVOL/USD/30Y/30Y/Smile/0.005,0.0046030000
2022-01-31,SWAPTION/RATE_NVOL/USD/30Y/30Y/Smile/0.01,0.0047240000
2022-01-31,SWAPTION/RATE_NVOL/USD/30Y/30Y/Smile/0.015,0.0049810000
2022-01-31,SWAPTION/RATE_NVOL/USD/30Y/30Y/Smile/0.02,0.0053400000
2022-01-31,SWAPTION/RATE_NVOL/USD/30Y/3Y/ATM,0.0050200000
2022-01-31,SWAPTION/RATE_NVOL/USD/30Y/3Y/Smile/-0.0025,0.0050380000
2022-01-31,SWAPTION/RATE_NVOL/USD/30Y/3Y/Smile/-0.005,0.0050550000
2022-01-31,SWAPTION/RATE_NVOL/USD/30Y/3Y/Smile/-0.01,0.0049990000
2022-01-31,SWAPTION/RATE_NVOL/USD/30Y/3Y/Smile/-0.015,0.0045390000
2022-01-31,SWAPTION/RATE_NVOL/USD/30Y/3Y/Smile/-0.02,0.0020630000
2022-01-31,SWAPTION/RATE_NVOL/USD/30Y/3Y/Smile/0.0025,0.0050180000
2022-01-31,SWAPTION/RATE_NVOL/USD/30Y/3Y/Smile/0.005,0.0050470000
2022-01-31,SWAPTION/RATE_NVOL/USD/30Y/3Y/Smile/0.01,0.0052300000
2022-01-31,SWAPTION/RATE_NVOL/USD/30Y/3Y/Smile/0.015,0.0055710000
2022-01-31,SWAPTION/RATE_NVOL/USD/30Y/3Y/Smile/0.02,0.0060210000
2022-01-31,SWAPTION/RATE_NVOL/USD/30Y/4Y/ATM,0.0049900000
2022-01-31,SWAPTION/RATE_NVOL/USD/30Y/4Y/Smile/-0.0025,0.0050070000
2022-01-31,SWAPTION/RATE_NVOL/USD/30Y/4Y/Smile/-0.005,0.0050240000
2022-01-31,SWAPTION/RATE_NVOL/USD/30Y/4Y/Smile/-0.01,0.0049690000
2022-01-31,SWAPTION/RATE_NVOL/USD/30Y/4Y/Smile/-0.015,0.0045170000
2022-01-31,SWAPTION/RATE_NVOL/USD/30Y/4Y/Smile/-0.02,0.0020310000
2022-01-31,SWAPTION/RATE_NVOL/USD/30Y/4Y/Smile/0.0025,0.0049890000
2022-01-31,SWAPTION/RATE_NVOL/USD/30Y/4Y/Smile/0.005,0.0050180000
2022-01-31,SWAPTION/RATE_NVOL/USD/30Y/4Y/Smile/0.01,0.0052000000
2022-01-31,SWAPTION/RATE_NVOL/USD/30Y/4Y/Smile/0.015,0.0055370000
2022-01-31,SWAPTION/RATE_NVOL/USD/30Y/4Y/Smile/0.02,0.0059840000
2022-01-31,SWAPTION/RATE_NVOL/USD/30Y/5Y/ATM,0.0049600000
2022-01-31,SWAPTION/RATE_NVOL/USD/30Y/5Y/Smile/-0.0025,0.0049770000
2022-01-31,SWAPTION/RATE_NVOL/USD/30Y/5Y/Smile/-0.005,0.0049920000
2022-01-31,SWAPTION/RATE_NVOL/USD/30Y/5Y/Smile/-0.01,0.0049390000
2022-01-31,SWAPTION/RATE_NVOL/USD/30Y/5Y/Smile/-0.015,0.0044970000
2022-01-31,SWAPTION/RATE_NVOL/USD/30Y/5Y/Smile/-0.02,0.0020040000
2022-01-31,SWAPTION/RATE_NVOL/USD/30Y/5Y/Smile/0.0025,0.0049600000
2022-01-31,SWAPTION/RATE_NVOL/USD/30Y/5Y/Smile/0.005,0.0049900000
2022-01-31,SWAPTION/RATE_NVOL/USD/30Y/5Y/Smile/0.01,0.0051690000
2022-01-31,SWAPTION/RATE_NVOL/USD/30Y/5Y/Smile/0.015,0.0055030000
2022-01-31,SWAPTION/RATE_NVOL/USD/30Y/5Y/Smile/0.02,0.0059440000
2022-01-31,SWAPTION/RATE_NVOL/USD/30Y/6Y/ATM,0.0049200000
2022-01-31,SWAPTION/RATE_NVOL/USD/30Y/6Y/Smile/-0.0025,0.0049370000
2022-01-31,SWAPTION/RATE_NVOL/USD/30Y/6Y/Smile/-0.005,0.0049530000
2022-01-31,SWAPTION/RATE_NVOL/USD/30Y/6Y/Smile/-0.01,0.0048990000
2022-01-31,SWAPTION/RATE_NVOL/USD/30Y/6Y/Smile/-0.015,0.0044590000
2022-01-31,SWAPTION/RATE_NVOL/USD/30Y/6Y/Smile/-0.02,0.0019800000
2022-01-31,SWAPTION/RATE_NVOL/USD/30Y/6Y/Smile/0.0025,0.0049180000
2022-01-31,SWAPTION/RATE_NVOL/USD/30Y/6Y/Smile/0.005,0.0049460000
2022-01-31,SWAPTION/RATE_NVOL/USD/30Y/6Y/Smile/0.01,0.0051180000
2022-01-31,SWAPTION/RATE_NVOL/USD/30Y/6Y/Smile/0.015,0.0054430000
2022-01-31,SWAPTION/RATE_NVOL/USD/30Y/6Y/Smile/0.02,0.0058740000
2022-01-31,SWAPTION/RATE_NVOL/USD/30Y/7Y/ATM,0.0048900000
2022-01-31,SWAPTION/RATE_NVOL/USD/30Y/7Y/Smile/-0.0025,0.0049080000
2022-01-31,SWAPTION/RATE_NVOL/USD/30Y/7Y/Smile/-0.005,0.0049230000
2022-01-31,SWAPTION/RATE_NVOL/USD/30Y/7Y/Smile/-0.01,0.0048690000
2022-01-31,SWAPTION/RATE_NVOL/USD/30Y/7Y/Smile/-0.015,0.0044300000
2022-01-31,SWAPTION/RATE_NVOL/USD/30Y/7Y/Smile/-0.02,0.0019530000
2022-01-31,SWAPTION/RATE_NVOL/USD/30Y/7Y/Smile/0.0025,0.0048870000
2022-01-31,SWAPTION/RATE_NVOL/USD/30Y/7Y/Smile/0.005,0.0049130000
2022-01-31,SWAPTION/RATE_NVOL/USD/30Y/7Y/Smile/0.01,0.0050800000
2022-01-31,SWAPTION/RATE_NVOL/USD/30Y/7Y/Smile/0.015,0.0053980000
2022-01-31,SWAPTION/RATE_NVOL/USD/30Y/7Y/Smile/0.02,0.0058220000
2022-01-31,SWAPTION/RATE_NVOL/USD/30Y/8Y/ATM,0.0048700000
2022-01-31,SWAPTION/RATE_NVOL/USD/30Y/8Y/Smile/-0.0025,0.0048880000
2022-01-31,SWAPTION/RATE_NVOL/USD/30Y/8Y/Smile/-0.005,0.0049040000
2022-01-31,SWAPTION/RATE_NVOL/USD/30Y/8Y/Smile/-0.01,0.0048490000
2022-01-31,SWAPTION/RATE_NVOL/USD/30Y/8Y/Smile/-0.015,0.0044110000
2022-01-31,SWAPTION/RATE_NVOL/USD/30Y/8Y/Smile/-0.02,0.0020030000
2022-01-31,SWAPTION/RATE_NVOL/USD/30Y/8Y/Smile/0.0025,0.0048660000
2022-01-31,SWAPTION/RATE_NVOL/USD/30Y/8Y/Smile/0.005,0.0048910000
2022-01-31,SWAPTION/RATE_NVOL/USD/30Y/8Y/Smile/0.01,0.0050540000
2022-01-31,SWAPTION/RATE_NVOL/USD/30Y/8Y/Smile/0.015,0.0053670000
2022-01-31,SWAPTION/RATE_NVOL/USD/30Y/8Y/Smile/0.02,0.0057860000
2022-01-31,SWAPTION/RATE_NVOL/USD/30Y/9Y/ATM,0.0048400000
2022-01-31,SWAPTION/RATE_NVOL/USD/30Y/9Y/Smile/-0.0025,0.0048580000
2022-01-31,SWAPTION/RATE_NVOL/USD/30Y/9Y/Smile/-0.005,0.0048740000
2022-01-31,SWAPTION/RATE_NVOL/USD/30Y/9Y/Smile/-0.01,0.0048190000
2022-01-31,SWAPTION/RATE_NVOL/USD/30Y/9Y/Smile/-0.015,0.0043820000
2022-01-31,SWAPTION/RATE_NVOL/USD/30Y/9Y/Smile/-0.02,0.0020640000
2022-01-31,SWAPTION/RATE_NVOL/USD/30Y/9Y/Smile/0.0025,0.0048350000
2022-01-31,SWAPTION/RATE_NVOL/USD/30Y/9Y/Smile/0.005,0.0048580000
2022-01-31,SWAPTION/RATE_NVOL/USD/30Y/9Y/Smile/0.01,0.0050160000
2022-01-31,SWAPTION/RATE_NVOL/USD/30Y/9Y/Smile/0.015,0.0053230000
2022-01-31,SWAPTION/RATE_NVOL/USD/30Y/9Y/Smile/0.02,0.0057360000
2022-01-31,SWAPTION/RATE_NVOL/USD/3M/10Y/ATM,0.0083000000
2022-01-31,SWAPTION/RATE_NVOL/USD/3M/10Y/Smile/-0.0025,0.0082760000
2022-01-31,SWAPTION/RATE_NVOL/USD/3M/10Y/Smile/-0.005,0.0084500000
2022-01-31,SWAPTION/RATE_NVOL/USD/3M/10Y/Smile/-0.01,0.0090640000
2022-01-31,SWAPTION/RATE_NVOL/USD/3M/10Y/Smile/-0.015,0.0095320000
2022-01-31,SWAPTION/RATE_NVOL/USD/3M/10Y/Smile/-0.02,0.0044560000
2022-01-31,SWAPTION/RATE_NVOL/USD/3M/10Y/Smile/0.0025,0.0085670000
2022-01-31,SWAPTION/RATE_NVOL/USD/3M/10Y/Smile/0.005,0.0090490000
2022-01-31,SWAPTION/RATE_NVOL/USD/3M/10Y/Smile/0.01,0.0104000000
2022-01-31,SWAPTION/RATE_NVOL/USD/3M/10Y/Smile/0.015,0.0119610000
2022-01-31,SWAPTION/RATE_NVOL/USD/3M/10Y/Smile/0.02,0.0135740000
2022-01-31,SWAPTION/RATE_NVOL/USD/3M/15Y/ATM,0.0080900000
2022-01-31,SWAPTION/RATE_NVOL/USD/3M/15Y/Smile/-0.0025,0.0080560000
2022-01-31,SWAPTION/RATE_NVOL/USD/3M/15Y/Smile/-0.005,0.0082260000
2022-01-31,SWAPTION/RATE_NVOL/USD/3M/15Y/Smile/-0.01,0.0088540000
2022-01-31,SWAPTION/RATE_NVOL/USD/3M/15Y/Smile/-0.015,0.0094020000
2022-01-31,SWAPTION/RATE_NVOL/USD/3M/15Y/Smile/-0.02,0.0086760000
2022-01-31,SWAPTION/RATE_NVOL/USD/3M/15Y/Smile/0.0025,0.0083670000
2022-01-31,SWAPTION/RATE_NVOL/USD/3M/15Y/Smile/0.005,0.0088570000
2022-01-31,SWAPTION/RATE_NVOL/USD/3M/15Y/Smile/0.01,0.0102060000
2022-01-31,SWAPTION/RATE_NVOL/USD/3M/15Y/Smile/0.015,0.0117510000
2022-01-31,SWAPTION/RATE_NVOL/USD/3M/15Y/Smile/0.02,0.0133420000
2022-01-31,SWAPTION/RATE_NVOL/USD/3M/1Y/ATM,0.0078600000
2022-01-31,SWAPTION/RATE_NVOL/USD/3M/1Y/Smile/-0.0025,0.0080460000
2022-01-31,SWAPTION/RATE_NVOL/USD/3M/1Y/Smile/-0.005,0.0083630000
2022-01-31,SWAPTION/RATE_NVOL/USD/3M/1Y/Smile/-0.01,0.0086240000
2022-01-31,SWAPTION/RATE_NVOL/USD/3M/1Y/Smile/-0.015,0.0058130000
2022-01-31,SWAPTION/RATE_NVOL/USD/3M/1Y/Smile/-0.02,0.0073320000
2022-01-31,SWAPTION/RATE_NVOL/USD/3M/1Y/Smile/0.0025,0.0079560000
2022-01-31,SWAPTION/RATE_NVOL/USD/3M/1Y/Smile/0.005,0.0083710000
2022-01-31,SWAPTION/RATE_NVOL/USD/3M/1Y/Smile/0.01,0.0098010000
2022-01-31,SWAPTION/RATE_NVOL/USD/3M/1Y/Smile/0.015,0.0115210000
2022-01-31,SWAPTION/RATE_NVOL/USD/3M/1Y/Smile/0.02,0.0132980000
2022-01-31,SWAPTION/RATE_NVOL/USD/3M/20Y/ATM,0.0078900000
2022-01-31,SWAPTION/RATE_NVOL/USD/3M/20Y/Smile/-0.0025,0.0078520000
2022-01-31,SWAPTION/RATE_NVOL/USD/3M/20Y/Smile/-0.005,0.0080210000
2022-01-31,SWAPTION/RATE_NVOL/USD/3M/20Y/Smile/-0.01,0.0086540000
2022-01-31,SWAPTION/RATE_NVOL/USD/3M/20Y/Smile/-0.015,0.0092260000
2022-01-31,SWAPTION/RATE_NVOL/USD/3M/20Y/Smile/-0.02,0.0067970000
2022-01-31,SWAPTION/RATE_NVOL/USD/3M/20Y/Smile/0.0025,0.0081740000
2022-01-31,SWAPTION/RATE_NVOL/USD/3M/20Y/Smile/0.005,0.0086680000
2022-01-31,SWAPTION/RATE_NVOL/USD/3M/20Y/Smile/0.01,0.0100160000
2022-01-31,SWAPTION/RATE_NVOL/USD/3M/20Y/Smile/0.015,0.0115510000
2022-01-31,SWAPTION/RATE_NVOL/USD/3M/20Y/Smile/0.02,0.0131270000
2022-01-31,SWAPTION/RATE_NVOL/USD/3M/25Y/ATM,0.0078100000
2022-01-31,SWAPTION/RATE_NVOL/USD/3M/25Y/Smile/-0.0025,0.0077730000
2022-01-31,SWAPTION/RATE_NVOL/USD/3M/25Y/Smile/-0.005,0.0079430000
2022-01-31,SWAPTION/RATE_NVOL/USD/3M/25Y/Smile/-0.01,0.0085740000
2022-01-31,SWAPTION/RATE_NVOL/USD/3M/25Y/Smile/-0.015,0.0091310000
2022-01-31,SWAPTION/RATE_NVOL/USD/3M/25Y/Smile/-0.02,0.0085780000
2022-01-31,SWAPTION/RATE_NVOL/USD/3M/25Y/Smile/0.0025,0.0080940000
2022-01-31,SWAPTION/RATE_NVOL/USD/3M/25Y/Smile/0.005,0.0085890000
2022-01-31,SWAPTION/RATE_NVOL/USD/3M/25Y/Smile/0.01,0.0099380000
2022-01-31,SWAPTION/RATE_NVOL/USD/3M/25Y/Smile/0.015,0.0114710000
2022-01-31,SWAPTION/RATE_NVOL/USD/3M/25Y/Smile/0.02,0.0130440000
2022-01-31,SWAPTION/RATE_NVOL/USD/3M/2Y/ATM,0.0087700000
2022-01-31,SWAPTION/RATE_NVOL/USD/3M/2Y/Smile/-0.0025,0.0089370000
2022-01-31,SWAPTION/RATE_NVOL/USD/3M/2Y/Smile/-0.005,0.0092770000
2022-01-31,SWAPTION/RATE_NVOL/USD/3M/2Y/Smile/-0.01,0.0099980000
2022-01-31,SWAPTION/RATE_NVOL/USD/3M/2Y/Smile/-0.015,0.0088590000
2022-01-31,SWAPTION/RATE_NVOL/USD/3M/2Y/Smile/-0.02,0.0106900000
2022-01-31,SWAPTION/RATE_NVOL/USD/3M/2Y/Smile/0.0025,0.0088860000
2022-01-31,SWAPTION/RATE_NVOL/USD/3M/2Y/Smile/0.005,0.0093020000
2022-01-31,SWAPTION/RATE_NVOL/USD/3M/2Y/Smile/0.01,0.0107110000
2022-01-31,SWAPTION/RATE_NVOL/USD/3M/2Y/Smile/0.015,0.0124310000
2022-01-31,SWAPTION/RATE_NVOL/USD/3M/2Y/Smile/0.02,0.0142260000
2022-01-31,SWAPTION/RATE_NVOL/USD/3M/30Y/ATM,0.0077000000
2022-01-31,SWAPTION/RATE_NVOL/USD/3M/30Y/Smile/-0.0025,0.0076630000
2022-01-31,SWAPTION/RATE_NVOL/USD/3M/30Y/Smile/-0.005,0.0078350000
2022-01-31,SWAPTION/RATE_NVOL/USD/3M/30Y/Smile/-0.01,0.0084640000
2022-01-31,SWAPTION/RATE_NVOL/USD/3M/30Y/Smile/-0.015,0.0090050000
2022-01-31,SWAPTION/RATE_NVOL/USD/3M/30Y/Smile/-0.02,0.0069100000
2022-01-31,SWAPTION/RATE_NVOL/USD/3M/30Y/Smile/0.0025,0.0079850000
2022-01-31,SWAPTION/RATE_NVOL/USD/3M/30Y/Smile/0.005,0.0084810000
2022-01-31,SWAPTION/RATE_NVOL/USD/3M/30Y/Smile/0.01,0.0098310000
2022-01-31,SWAPTION/RATE_NVOL/USD/3M/30Y/Smile/0.015,0.0113610000
2022-01-31,SWAPTION/RATE_NVOL/USD/3M/30Y/Smile/0.02,0.0129290000
2022-01-31,SWAPTION/RATE_NVOL/USD/3M/3Y/ATM,0.0086600000
2022-01-31,SWAPTION/RATE_NVOL/USD/3M/3Y/Smile/-0.0025,0.0086680000
2022-01-31,SWAPTION/RATE_NVOL/USD/3M/3Y/Smile/-0.005,0.0088600000
2022-01-31,SWAPTION/RATE_NVOL/USD/3M/3Y/Smile/-0.01,0.0094240000
2022-01-31,SWAPTION/RATE_NVOL/USD/3M/3Y/Smile/-0.015,0.0094630000
2022-01-31,SWAPTION/RATE_NVOL/USD/3M/3Y/Smile/-0.02,0.0143920000
2022-01-31,SWAPTION/RATE_NVOL/USD/3M/3Y/Smile/0.0025,0.0088940000
2022-01-31,SWAPTION/RATE_NVOL/USD/3M/3Y/Smile/0.005,0.0093580000
2022-01-31,SWAPTION/RATE_NVOL/USD/3M/3Y/Smile/0.01,0.0107180000
2022-01-31,SWAPTION/RATE_NVOL/USD/3M/3Y/Smile/0.015,0.0123210000
2022-01-31,SWAPTION/RATE_NVOL/USD/3M/3Y/Smile/0.02,0.0139890000
2022-01-31,SWAPTION/RATE_NVOL/USD/3M/4Y/ATM,0.0085900000
2022-01-31,SWAPTION/RATE_NVOL/USD/3M/4Y/Smile/-0.0025,0.0085900000
2022-01-31,SWAPTION/RATE_NVOL/USD/3M/4Y/Smile/-0.005,0.0087770000
2022-01-31,SWAPTION/RATE_NVOL/USD/3M/4Y/Smile/-0.01,0.0093540000
2022-01-31,SWAPTION/RATE_NVOL/USD/3M/4Y/Smile/-0.015,0.0095340000
2022-01-31,SWAPTION/RATE_NVOL/USD/3M/4Y/Smile/-0.02,0.0144790000
2022-01-31,SWAPTION/RATE_NVOL/USD/3M/4Y/Smile/0.0025,0.0088320000
2022-01-31,SWAPTION/RATE_NVOL/USD/3M/4Y/Smile/0.005,0.0093010000
2022-01-31,SWAPTION/RATE_NVOL/USD/3M/4Y/Smile/0.01,0.0106580000
2022-01-31,SWAPTION/RATE_NVOL/USD/3M/4Y/Smile/0.015,0.0122510000
2022-01-31,SWAPTION/RATE_NVOL/USD/3M/4Y/Smile/0.02,0.0139060000
2022-01-31,SWAPTION/RATE_NVOL/USD/3M/5Y/ATM,0.0085500000
2022-01-31,SWAPTION/RATE_NVOL/USD/3M/5Y/Smile/-0.0025,0.0085430000
2022-01-31,SWAPTION/RATE_NVOL/USD/3M/5Y/Smile/-0.005,0.0087270000
2022-01-31,SWAPTION/RATE_NVOL/USD/3M/5Y/Smile/-0.01,0.0093140000
2022-01-31,SWAPTION/RATE_NVOL/USD/3M/5Y/Smile/-0.015,0.0095890000
2022-01-31,SWAPTION/RATE_NVOL/USD/3M/5Y/Smile/-0.02,0.0089890000
2022-01-31,SWAPTION/RATE_NVOL/USD/3M/5Y/Smile/0.0025,0.0087990000
2022-01-31,SWAPTION/RATE_NVOL/USD/3M/5Y/Smile/0.005,0.0092700000
2022-01-31,SWAPTION/RATE_NVOL/USD/3M/5Y/Smile/0.01,0.0106260000
2022-01-31,SWAPTION/RATE_NVOL/USD/3M/5Y/Smile/0.015,0.0122110000
2022-01-31,SWAPTION/RATE_NVOL/USD/3M/5Y/Smile/0.02,0.0138560000
2022-01-31,SWAPTION/RATE_NVOL/USD/3M/6Y/ATM,0.0084800000
2022-01-31,SWAPTION/RATE_NVOL/USD/3M/6Y/Smile/-0.0025,0.0084680000
2022-01-31,SWAPTION/RATE_NVOL/USD/3M/6Y/Smile/-0.005,0.0086490000
2022-01-31,SWAPTION/RATE_NVOL/USD/3M/6Y/Smile/-0.01,0.0092440000
2022-01-31,SWAPTION/RATE_NVOL/USD/3M/6Y/Smile/-0.015,0.0095830000
2022-01-31,SWAPTION/RATE_NVOL/USD/3M/6Y/Smile/-0.02,0.0102910000
2022-01-31,SWAPTION/RATE_NVOL/USD/3M/6Y/Smile/0.0025,0.0087340000
2022-01-31,SWAPTION/RATE_NVOL/USD/3M/6Y/Smile/0.005,0.0092090000
2022-01-31,SWAPTION/RATE_NVOL/USD/3M/6Y/Smile/0.01,0.0105630000
2022-01-31,SWAPTION/RATE_NVOL/USD/3M/6Y/Smile/0.015,0.0121410000
2022-01-31,SWAPTION/RATE_NVOL/USD/3M/6Y/Smile/0.02,0.0137770000
2022-01-31,SWAPTION/RATE_NVOL/USD/3M/7Y/ATM,0.0084000000
2022-01-31,SWAPTION/RATE_NVOL/USD/3M/7Y/Smile/-0.0025,0.0083840000
2022-01-31,SWAPTION/RATE_NVOL/USD/3M/7Y/Smile/-0.005,0.0085620000
2022-01-31,SWAPTION/RATE_NVOL/USD/3M/7Y/Smile/-0.01,0.0091640000
2022-01-31,SWAPTION/RATE_NVOL/USD/3M/7Y/Smile/-0.015,0.0095510000
2022-01-31,SWAPTION/RATE_NVOL/USD/3M/7Y/Smile/-0.02,0.0069240000
2022-01-31,SWAPTION/RATE_NVOL/USD/3M/7Y/Smile/0.0025,0.0086590000
2022-01-31,SWAPTION/RATE_NVOL/USD/3M/7Y/Smile/0.005,0.0091360000
2022-01-31,SWAPTION/RATE_NVOL/USD/3M/7Y/Smile/0.01,0.0104890000
2022-01-31,SWAPTION/RATE_NVOL/USD/3M/7Y/Smile/0.015,0.0120610000
2022-01-31,SWAPTION/RATE_NVOL/USD/3M/7Y/Smile/0.02,0.0136880000
2022-01-31,SWAPTION/RATE_NVOL/USD/3M/8Y/ATM,0.0083600000
2022-01-31,SWAPTION/RATE_NVOL/USD/3M/8Y/Smile/-0.0025,0.0083410000
2022-01-31,SWAPTION/RATE_NVOL/USD/3M/8Y/Smile/-0.005,0.0085180000
2022-01-31,SWAPTION/RATE_NVOL/USD/3M/8Y/Smile/-0.01,0.0091240000
2022-01-31,SWAPTION/RATE_NVOL/USD/3M/8Y/Smile/-0.015,0.0095410000
2022-01-31,SWAPTION/RATE_NVOL/USD/3M/8Y/Smile/-0.02,0.0071720000
2022-01-31,SWAPTION/RATE_NVOL/USD/3M/8Y/Smile/0.0025,0.0086220000
2022-01-31,SWAPTION/RATE_NVOL/USD/3M/8Y/Smile/0.005,0.0091010000
2022-01-31,SWAPTION/RATE_NVOL/USD/3M/8Y/Smile/0.01,0.0104530000
2022-01-31,SWAPTION/RATE_NVOL/USD/3M/8Y/Smile/0.015,0.0120210000
2022-01-31,SWAPTION/RATE_NVOL/USD/3M/8Y/Smile/0.02,0.0136430000
2022-01-31,SWAPTION/RATE_NVOL/USD/3M/9Y/ATM,0.0083300000
2022-01-31,SWAPTION/RATE_NVOL/USD/3M/9Y/Smile/-0.0025,0.0083090000
2022-01-31,SWAPTION/RATE_NVOL/USD/3M/9Y/Smile/-0.005,0.0084840000
2022-01-31,SWAPTION/RATE_NVOL/USD/3M/9Y/Smile/-0.01,0.0090940000
2022-01-31,SWAPTION/RATE_NVOL/USD/3M/9Y/Smile/-0.015,0.0095360000
2022-01-31,SWAPTION/RATE_NVOL/USD/3M/9Y/Smile/-0.02,0.0057140000
2022-01-31,SWAPTION/RATE_NVOL/USD/3M/9Y/Smile/0.0025,0.0085940000
2022-01-31,SWAPTION/RATE_NVOL/USD/3M/9Y/Smile/0.005,0.0090750000
2022-01-31,SWAPTION/RATE_NVOL/USD/3M/9Y/Smile/0.01,0.0104270000
2022-01-31,SWAPTION/RATE_NVOL/USD/3M/9Y/Smile/0.015,0.0119910000
2022-01-31,SWAPTION/RATE_NVOL/USD/3M/9Y/Smile/0.02,0.0136080000
2022-01-31,SWAPTION/RATE_NVOL/USD/3Y/10Y/ATM,0.0078100000
2022-01-31,SWAPTION/RATE_NVOL/USD/3Y/10Y/Smile/-0.0025,0.0075800000
2022-01-31,SWAPTION/RATE_NVOL/USD/3Y/10Y/Smile/-0.005,0.0074390000
2022-01-31,SWAPTION/RATE_NVOL/USD/3Y/10Y/Smile/-0.01,0.0073560000
2022-01-31,SWAPTION/RATE_NVOL/USD/3Y/10Y/Smile/-0.015,0.0073140000
2022-01-31,SWAPTION/RATE_NVOL/USD/3Y/10Y/Smile/-0.02,0.0061170000
2022-01-31,SWAPTION/RATE_NVOL/USD/3Y/10Y/Smile/0.0025,0.0081260000
2022-01-31,SWAPTION/RATE_NVOL/USD/3Y/10Y/Smile/0.005,0.0085140000
2022-01-31,SWAPTION/RATE_NVOL/USD/3Y/10Y/Smile/0.01,0.0094410000
2022-01-31,SWAPTION/RATE_NVOL/USD/3Y/10Y/Smile/0.015,0.0104750000
2022-01-31,SWAPTION/RATE_NVOL/USD/3Y/10Y/Smile/0.02,0.0115520000
2022-01-31,SWAPTION/RATE_NVOL/USD/3Y/15Y/ATM,0.0075400000
2022-01-31,SWAPTION/RATE_NVOL/USD/3Y/15Y/Smile/-0.0025,0.0073070000
2022-01-31,SWAPTION/RATE_NVOL/USD/3Y/15Y/Smile/-0.005,0.0071610000
2022-01-31,SWAPTION/RATE_NVOL/USD/3Y/15Y/Smile/-0.01,0.0070760000
2022-01-31,SWAPTION/RATE_NVOL/USD/3Y/15Y/Smile/-0.015,0.0070560000
2022-01-31,SWAPTION/RATE_NVOL/USD/3Y/15Y/Smile/-0.02,0.0062460000
2022-01-31,SWAPTION/RATE_NVOL/USD/3Y/15Y/Smile/0.0025,0.0078570000
2022-01-31,SWAPTION/RATE_NVOL/USD/3Y/15Y/Smile/0.005,0.0082440000
2022-01-31,SWAPTION/RATE_NVOL/USD/3Y/15Y/Smile/0.01,0.0091590000
2022-01-31,SWAPTION/RATE_NVOL/USD/3Y/15Y/Smile/0.015,0.0101730000
2022-01-31,SWAPTION/RATE_NVOL/USD/3Y/15Y/Smile/0.02,0.0112250000
2022-01-31,SWAPTION/RATE_NVOL/USD/3Y/1Y/ATM,0.0088400000
2022-01-31,SWAPTION/RATE_NVOL/USD/3Y/1Y/Smile/-0.0025,0.0086130000
2022-01-31,SWAPTION/RATE_NVOL/USD/3Y/1Y/Smile/-0.005,0.0084590000
2022-01-31,SWAPTION/RATE_NVOL/USD/3Y/1Y/Smile/-0.01,0.0082830000
2022-01-31,SWAPTION/RATE_NVOL/USD/3Y/1Y/Smile/-0.015,0.0079640000
2022-01-31,SWAPTION/RATE_NVOL/USD/3Y/1Y/Smile/-0.02,0.0063080000
2022-01-31,SWAPTION/RATE_NVOL/USD/3Y/1Y/Smile/0.0025,0.0091440000
2022-01-31,SWAPTION/RATE_NVOL/USD/3Y/1Y/Smile/0.005,0.0095200000
2022-01-31,SWAPTION/RATE_NVOL/USD/3Y/1Y/Smile/0.01,0.0104330000
2022-01-31,SWAPTION/RATE_NVOL/USD/3Y/1Y/Smile/0.015,0.0114770000
2022-01-31,SWAPTION/RATE_NVOL/USD/3Y/1Y/Smile/0.02,0.0125820000
2022-01-31,SWAPTION/RATE_NVOL/USD/3Y/20Y/ATM,0.0072800000
2022-01-31,SWAPTION/RATE_NVOL/USD/3Y/20Y/Smile/-0.0025,0.0070460000
2022-01-31,SWAPTION/RATE_NVOL/USD/3Y/20Y/Smile/-0.005,0.0069000000
2022-01-31,SWAPTION/RATE_NVOL/USD/3Y/20Y/Smile/-0.01,0.0068160000
2022-01-31,SWAPTION/RATE_NVOL/USD/3Y/20Y/Smile/-0.015,0.0067960000
2022-01-31,SWAPTION/RATE_NVOL/USD/3Y/20Y/Smile/-0.02,0.0058290000
2022-01-31,SWAPTION/RATE_NVOL/USD/3Y/20Y/Smile/0.0025,0.0075980000
2022-01-31,SWAPTION/RATE_NVOL/USD/3Y/20Y/Smile/0.005,0.0079840000
2022-01-31,SWAPTION/RATE_NVOL/USD/3Y/20Y/Smile/0.01,0.0088940000
2022-01-31,SWAPTION/RATE_NVOL/USD/3Y/20Y/Smile/0.015,0.0098970000
2022-01-31,SWAPTION/RATE_NVOL/USD/3Y/20Y/Smile/0.02,0.0109350000
2022-01-31,SWAPTION/RATE_NVOL/USD/3Y/25Y/ATM,0.0071500000
2022-01-31,SWAPTION/RATE_NVOL/USD/3Y/25Y/Smile/-0.0025,0.0069180000
2022-01-31,SWAPTION/RATE_NVOL/USD/3Y/25Y/Smile/-0.005,0.0067750000
2022-01-31,SWAPTION/RATE_NVOL/USD/3Y/25Y/Smile/-0.01,0.0066970000
2022-01-31,SWAPTION/RATE_NVOL/USD/3Y/25Y/Smile/-0.015,0.0066660000
2022-01-31,SWAPTION/RATE_NVOL/USD/3Y/25Y/Smile/-0.02,0.0044250000
2022-01-31,SWAPTION/RATE_NVOL/USD/3Y/25Y/Smile/0.0025,0.0074670000
2022-01-31,SWAPTION/RATE_NVOL/USD/3Y/25Y/Smile/0.005,0.0078540000
2022-01-31,SWAPTION/RATE_NVOL/USD/3Y/25Y/Smile/0.01,0.0087660000
2022-01-31,SWAPTION/RATE_NVOL/USD/3Y/25Y/Smile/0.015,0.0097700000
2022-01-31,SWAPTION/RATE_NVOL/USD/3Y/25Y/Smile/0.02,0.0108090000
2022-01-31,SWAPTION/RATE_NVOL/USD/3Y/2Y/ATM,0.0085900000
2022-01-31,SWAPTION/RATE_NVOL/USD/3Y/2Y/Smile/-0.0025,0.0083570000
2022-01-31,SWAPTION/RATE_NVOL/USD/3Y/2Y/Smile/-0.005,0.0082000000
2022-01-31,SWAPTION/RATE_NVOL/USD/3Y/2Y/Smile/-0.01,0.0080330000
2022-01-31,SWAPTION/RATE_NVOL/USD/3Y/2Y/Smile/-0.015,0.0077790000
2022-01-31,SWAPTION/RATE_NVOL/USD/3Y/2Y/Smile/-0.02,0.0047520000
2022-01-31,SWAPTION/RATE_NVOL/USD/3Y/2Y/Smile/0.0025,0.0089010000
2022-01-31,SWAPTION/RATE_NVOL/USD/3Y/2Y/Smile/0.005,0.0092820000
2022-01-31,SWAPTION/RATE_NVOL/USD/3Y/2Y/Smile/0.01,0.0101990000
2022-01-31,SWAPTION/RATE_NVOL/USD/3Y/2Y/Smile/0.015,0.0112380000
2022-01-31,SWAPTION/RATE_NVOL/USD/3Y/2Y/Smile/0.02,0.0123320000
2022-01-31,SWAPTION/RATE_NVOL/USD/3Y/30Y/ATM,0.0070600000
2022-01-31,SWAPTION/RATE_NVOL/USD/3Y/30Y/Smile/-0.0025,0.0068280000
2022-01-31,SWAPTION/RATE_NVOL/USD/3Y/30Y/Smile/-0.005,0.0066860000
2022-01-31,SWAPTION/RATE_NVOL/USD/3Y/30Y/Smile/-0.01,0.0066100000
2022-01-31,SWAPTION/RATE_NVOL/USD/3Y/30Y/Smile/-0.015,0.0065760000
2022-01-31,SWAPTION/RATE_NVOL/USD/3Y/30Y/Smile/-0.02,0.0058950000
2022-01-31,SWAPTION/RATE_NVOL/USD/3Y/30Y/Smile/0.0025,0.0073770000
2022-01-31,SWAPTION/RATE_NVOL/USD/3Y/30Y/Smile/0.005,0.0077640000
2022-01-31,SWAPTION/RATE_NVOL/USD/3Y/30Y/Smile/0.01,0.0086750000
2022-01-31,SWAPTION/RATE_NVOL/USD/3Y/30Y/Smile/0.015,0.0096770000
2022-01-31,SWAPTION/RATE_NVOL/USD/3Y/30Y/Smile/0.02,0.0107120000
2022-01-31,SWAPTION/RATE_NVOL/USD/3Y/3Y/ATM,0.0085000000
2022-01-31,SWAPTION/RATE_NVOL/USD/3Y/3Y/Smile/-0.0025,0.0082650000
2022-01-31,SWAPTION/RATE_NVOL/USD/3Y/3Y/Smile/-0.005,0.0081070000
2022-01-31,SWAPTION/RATE_NVOL/USD/3Y/3Y/Smile/-0.01,0.0079450000
2022-01-31,SWAPTION/RATE_NVOL/USD/3Y/3Y/Smile/-0.015,0.0077230000
2022-01-31,SWAPTION/RATE_NVOL/USD/3Y/3Y/Smile/-0.02,0.0031550000
2022-01-31,SWAPTION/RATE_NVOL/USD/3Y/3Y/Smile/0.0025,0.0088130000
2022-01-31,SWAPTION/RATE_NVOL/USD/3Y/3Y/Smile/0.005,0.0091960000
2022-01-31,SWAPTION/RATE_NVOL/USD/3Y/3Y/Smile/0.01,0.0101140000
2022-01-31,SWAPTION/RATE_NVOL/USD/3Y/3Y/Smile/0.015,0.0111520000
2022-01-31,SWAPTION/RATE_NVOL/USD/3Y/3Y/Smile/0.02,0.0122420000
2022-01-31,SWAPTION/RATE_NVOL/USD/3Y/4Y/ATM,0.0083600000
2022-01-31,SWAPTION/RATE_NVOL/USD/3Y/4Y/Smile/-0.0025,0.0081240000
2022-01-31,SWAPTION/RATE_NVOL/USD/3Y/4Y/Smile/-0.005,0.0079670000
2022-01-31,SWAPTION/RATE_NVOL/USD/3Y/4Y/Smile/-0.01,0.0078170000
2022-01-31,SWAPTION/RATE_NVOL/USD/3Y/4Y/Smile/-0.015,0.0076340000
2022-01-31,SWAPTION/RATE_NVOL/USD/3Y/4Y/Smile/-0.02,0.0071890000
2022-01-31,SWAPTION/RATE_NVOL/USD/3Y/4Y/Smile/0.0025,0.0086750000
2022-01-31,SWAPTION/RATE_NVOL/USD/3Y/4Y/Smile/0.005,0.0090600000
2022-01-31,SWAPTION/RATE_NVOL/USD/3Y/4Y/Smile/0.01,0.0099800000
2022-01-31,SWAPTION/RATE_NVOL/USD/3Y/4Y/Smile/0.015,0.0110160000
2022-01-31,SWAPTION/RATE_NVOL/USD/3Y/4Y/Smile/0.02,0.0121020000
2022-01-31,SWAPTION/RATE_NVOL/USD/3Y/5Y/ATM,0.0082600000
2022-01-31,SWAPTION/RATE_NVOL/USD/3Y/5Y/Smile/-0.0025,0.0080230000
2022-01-31,SWAPTION/RATE_NVOL/USD/3Y/5Y/Smile/-0.005,0.0078670000
2022-01-31,SWAPTION/RATE_NVOL/USD/3Y/5Y/Smile/-0.01,0.0077240000
2022-01-31,SWAPTION/RATE_NVOL/USD/3Y/5Y/Smile/-0.015,0.0075630000
2022-01-31,SWAPTION/RATE_NVOL/USD/3Y/5Y/Smile/-0.02,0.0053520000
2022-01-31,SWAPTION/RATE_NVOL/USD/3Y/5Y/Smile/0.0025,0.0085770000
2022-01-31,SWAPTION/RATE_NVOL/USD/3Y/5Y/Smile/0.005,0.0089630000
2022-01-31,SWAPTION/RATE_NVOL/USD/3Y/5Y/Smile/0.01,0.0098840000
2022-01-31,SWAPTION/RATE_NVOL/USD/3Y/5Y/Smile/0.015,0.0109190000
2022-01-31,SWAPTION/RATE_NVOL/USD/3Y/5Y/Smile/0.02,0.0120020000
2022-01-31,SWAPTION/RATE_NVOL/USD/3Y/6Y/ATM,0.0081600000
2022-01-31,SWAPTION/RATE_NVOL/USD/3Y/6Y/Smile/-0.0025,0.0079240000
2022-01-31,SWAPTION/RATE_NVOL/USD/3Y/6Y/Smile/-0.005,0.0077680000
2022-01-31,SWAPTION/RATE_NVOL/USD/3Y/6Y/Smile/-0.01,0.0076350000
2022-01-31,SWAPTION/RATE_NVOL/USD/3Y/6Y/Smile/-0.015,0.0074940000
2022-01-31,SWAPTION/RATE_NVOL/USD/3Y/6Y/Smile/-0.02,0.0070800000
2022-01-31,SWAPTION/RATE_NVOL/USD/3Y/6Y/Smile/0.0025,0.0084770000
2022-01-31,SWAPTION/RATE_NVOL/USD/3Y/6Y/Smile/0.005,0.0088640000
2022-01-31,SWAPTION/RATE_NVOL/USD/3Y/6Y/Smile/0.01,0.0097870000
2022-01-31,SWAPTION/RATE_NVOL/USD/3Y/6Y/Smile/0.015,0.0108210000
2022-01-31,SWAPTION/RATE_NVOL/USD/3Y/6Y/Smile/0.02,0.0119020000
2022-01-31,SWAPTION/RATE_NVOL/USD/3Y/7Y/ATM,0.0080600000
2022-01-31,SWAPTION/RATE_NVOL/USD/3Y/7Y/Smile/-0.0025,0.0078250000
2022-01-31,SWAPTION/RATE_NVOL/USD/3Y/7Y/Smile/-0.005,0.0076740000
2022-01-31,SWAPTION/RATE_NVOL/USD/3Y/7Y/Smile/-0.01,0.0075550000
2022-01-31,SWAPTION/RATE_NVOL/USD/3Y/7Y/Smile/-0.015,0.0074430000
2022-01-31,SWAPTION/RATE_NVOL/USD/3Y/7Y/Smile/-0.02,0.0056350000
2022-01-31,SWAPTION/RATE_NVOL/USD/3Y/7Y/Smile/0.0025,0.0083770000
2022-01-31,SWAPTION/RATE_NVOL/USD/3Y/7Y/Smile/0.005,0.0087640000
2022-01-31,SWAPTION/RATE_NVOL/USD/3Y/7Y/Smile/0.01,0.0096880000
2022-01-31,SWAPTION/RATE_NVOL/USD/3Y/7Y/Smile/0.015,0.0107220000
2022-01-31,SWAPTION/RATE_NVOL/USD/3Y/7Y/Smile/0.02,0.0118020000
2022-01-31,SWAPTION/RATE_NVOL/USD/3Y/8Y/ATM,0.0079800000
2022-01-31,SWAPTION/RATE_NVOL/USD/3Y/8Y/Smile/-0.0025,0.0077470000
2022-01-31,SWAPTION/RATE_NVOL/USD/3Y/8Y/Smile/-0.005,0.0075990000
2022-01-31,SWAPTION/RATE_NVOL/USD/3Y/8Y/Smile/-0.01,0.0074920000
2022-01-31,SWAPTION/RATE_NVOL/USD/3Y/8Y/Smile/-0.015,0.0074070000
2022-01-31,SWAPTION/RATE_NVOL/USD/3Y/8Y/Smile/-0.02,0.0053260000
2022-01-31,SWAPTION/RATE_NVOL/USD/3Y/8Y/Smile/0.0025,0.0082970000
2022-01-31,SWAPTION/RATE_NVOL/USD/3Y/8Y/Smile/0.005,0.0086840000
2022-01-31,SWAPTION/RATE_NVOL/USD/3Y/8Y/Smile/0.01,0.0096090000
2022-01-31,SWAPTION/RATE_NVOL/USD/3Y/8Y/Smile/0.015,0.0106430000
2022-01-31,SWAPTION/RATE_NVOL/USD/3Y/8Y/Smile/0.02,0.0117220000
2022-01-31,SWAPTION/RATE_NVOL/USD/3Y/9Y/ATM,0.0078900000
2022-01-31,SWAPTION/RATE_NVOL/USD/3Y/9Y/Smile/-0.0025,0.0076590000
2022-01-31,SWAPTION/RATE_NVOL/USD/3Y/9Y/Smile/-0.005,0.0075140000
2022-01-31,SWAPTION/RATE_NVOL/USD/3Y/9Y/Smile/-0.01,0.0074200000
2022-01-31,SWAPTION/RATE_NVOL/USD/3Y/9Y/Smile/-0.015,0.0073590000
2022-01-31,SWAPTION/RATE_NVOL/USD/3Y/9Y/Smile/-0.02,0.0058950000
2022-01-31,SWAPTION/RATE_NVOL/USD/3Y/9Y/Smile/0.0025,0.0082060000
2022-01-31,SWAPTION/RATE_NVOL/USD/3Y/9Y/Smile/0.005,0.0085940000
2022-01-31,SWAPTION/RATE_NVOL/USD/3Y/9Y/Smile/0.01,0.0095200000
2022-01-31,SWAPTION/RATE_NVOL/USD/3Y/9Y/Smile/0.015,0.0105540000
2022-01-31,SWAPTION/RATE_NVOL/USD/3Y/9Y/Smile/0.02,0.0116320000
2022-01-31,SWAPTION/RATE_NVOL/USD/4Y/10Y/ATM,0.0076000000
2022-01-31,SWAPTION/RATE_NVOL/USD/4Y/10Y/Smile/-0.0025,0.0073770000
2022-01-31,SWAPTION/RATE_NVOL/USD/4Y/10Y/Smile/-0.005,0.0072600000
2022-01-31,SWAPTION/RATE_NVOL/USD/4Y/10Y/Smile/-0.01,0.0072600000
2022-01-31,SWAPTION/RATE_NVOL/USD/4Y/10Y/Smile/-0.015,0.0073190000
2022-01-31,SWAPTION/RATE_NVOL/USD/4Y/10Y/Smile/-0.02,0.0064900000
2022-01-31,SWAPTION/RATE_NVOL/USD/4Y/10Y/Smile/0.0025,0.0079250000
2022-01-31,SWAPTION/RATE_NVOL/USD/4Y/10Y/Smile/0.005,0.0083350000
2022-01-31,SWAPTION/RATE_NVOL/USD/4Y/10Y/Smile/0.01,0.0093200000
2022-01-31,SWAPTION/RATE_NVOL/USD/4Y/10Y/Smile/0.015,0.0104160000
2022-01-31,SWAPTION/RATE_NVOL/USD/4Y/10Y/Smile/0.02,0.0115510000
2022-01-31,SWAPTION/RATE_NVOL/USD/4Y/15Y/ATM,0.0073300000
2022-01-31,SWAPTION/RATE_NVOL/USD/4Y/15Y/Smile/-0.0025,0.0071090000
2022-01-31,SWAPTION/RATE_NVOL/USD/4Y/15Y/Smile/-0.005,0.0069970000
2022-01-31,SWAPTION/RATE_NVOL/USD/4Y/15Y/Smile/-0.01,0.0070140000
2022-01-31,SWAPTION/RATE_NVOL/USD/4Y/15Y/Smile/-0.015,0.0071060000
2022-01-31,SWAPTION/RATE_NVOL/USD/4Y/15Y/Smile/-0.02,0.0064650000
2022-01-31,SWAPTION/RATE_NVOL/USD/4Y/15Y/Smile/0.0025,0.0076550000
2022-01-31,SWAPTION/RATE_NVOL/USD/4Y/15Y/Smile/0.005,0.0080650000
2022-01-31,SWAPTION/RATE_NVOL/USD/4Y/15Y/Smile/0.01,0.0090460000
2022-01-31,SWAPTION/RATE_NVOL/USD/4Y/15Y/Smile/0.015,0.0101340000
2022-01-31,SWAPTION/RATE_NVOL/USD/4Y/15Y/Smile/0.02,0.0112570000
2022-01-31,SWAPTION/RATE_NVOL/USD/4Y/1Y/ATM,0.0085900000
2022-01-31,SWAPTION/RATE_NVOL/USD/4Y/1Y/Smile/-0.0025,0.0083650000
2022-01-31,SWAPTION/RATE_NVOL/USD/4Y/1Y/Smile/-0.005,0.0082280000
2022-01-31,SWAPTION/RATE_NVOL/USD/4Y/1Y/Smile/-0.01,0.0081290000
2022-01-31,SWAPTION/RATE_NVOL/USD/4Y/1Y/Smile/-0.015,0.0079650000
2022-01-31,SWAPTION/RATE_NVOL/USD/4Y/1Y/Smile/-0.02,0.0071750000
2022-01-31,SWAPTION/RATE_NVOL/USD/4Y/1Y/Smile/0.0025,0.0089070000
2022-01-31,SWAPTION/RATE_NVOL/USD/4Y/1Y/Smile/0.005,0.0093050000
2022-01-31,SWAPTION/RATE_NVOL/USD/4Y/1Y/Smile/0.01,0.0102770000
2022-01-31,SWAPTION/RATE_NVOL/USD/4Y/1Y/Smile/0.015,0.0113810000
2022-01-31,SWAPTION/RATE_NVOL/USD/4Y/1Y/Smile/0.02,0.0125410000
2022-01-31,SWAPTION/RATE_NVOL/USD/4Y/20Y/ATM,0.0070500000
2022-01-31,SWAPTION/RATE_NVOL/USD/4Y/20Y/Smile/-0.0025,0.0068260000
2022-01-31,SWAPTION/RATE_NVOL/USD/4Y/20Y/Smile/-0.005,0.0067090000
2022-01-31,SWAPTION/RATE_NVOL/USD/4Y/20Y/Smile/-0.01,0.0067170000
2022-01-31,SWAPTION/RATE_NVOL/USD/4Y/20Y/Smile/-0.015,0.0067930000
2022-01-31,SWAPTION/RATE_NVOL/USD/4Y/20Y/Smile/-0.02,0.0058930000
2022-01-31,SWAPTION/RATE_NVOL/USD/4Y/20Y/Smile/0.0025,0.0073760000
2022-01-31,SWAPTION/RATE_NVOL/USD/4Y/20Y/Smile/0.005,0.0077850000
2022-01-31,SWAPTION/RATE_NVOL/USD/4Y/20Y/Smile/0.01,0.0087560000
2022-01-31,SWAPTION/RATE_NVOL/USD/4Y/20Y/Smile/0.015,0.0098260000
2022-01-31,SWAPTION/RATE_NVOL/USD/4Y/20Y/Smile/0.02,0.0109270000
2022-01-31,SWAPTION/RATE_NVOL/USD/4Y/25Y/ATM,0.0069200000
2022-01-31,SWAPTION/RATE_NVOL/USD/4Y/25Y/Smile/-0.0025,0.0066910000
2022-01-31,SWAPTION/RATE_NVOL/USD/4Y/25Y/Smile/-0.005,0.0065660000
2022-01-31,SWAPTION/RATE_NVOL/USD/4Y/25Y/Smile/-0.01,0.0065500000
2022-01-31,SWAPTION/RATE_NVOL/USD/4Y/25Y/Smile/-0.015,0.0065890000
2022-01-31,SWAPTION/RATE_NVOL/USD/4Y/25Y/Smile/-0.02,0.0044190000
2022-01-31,SWAPTION/RATE_NVOL/USD/4Y/25Y/Smile/0.0025,0.0072480000
2022-01-31,SWAPTION/RATE_NVOL/USD/4Y/25Y/Smile/0.005,0.0076550000
2022-01-31,SWAPTION/RATE_NVOL/USD/4Y/25Y/Smile/0.01,0.0086150000
2022-01-31,SWAPTION/RATE_NVOL/USD/4Y/25Y/Smile/0.015,0.0096700000
2022-01-31,SWAPTION/RATE_NVOL/USD/4Y/25Y/Smile/0.02,0.0107530000
2022-01-31,SWAPTION/RATE_NVOL/USD/4Y/2Y/ATM,0.0082800000
2022-01-31,SWAPTION/RATE_NVOL/USD/4Y/2Y/Smile/-0.0025,0.0080490000
2022-01-31,SWAPTION/RATE_NVOL/USD/4Y/2Y/Smile/-0.005,0.0079090000
2022-01-31,SWAPTION/RATE_NVOL/USD/4Y/2Y/Smile/-0.01,0.0078190000
2022-01-31,SWAPTION/RATE_NVOL/USD/4Y/2Y/Smile/-0.015,0.0076970000
2022-01-31,SWAPTION/RATE_NVOL/USD/4Y/2Y/Smile/-0.02,0.0070480000
2022-01-31,SWAPTION/RATE_NVOL/USD/4Y/2Y/Smile/0.0025,0.0086040000
2022-01-31,SWAPTION/RATE_NVOL/USD/4Y/2Y/Smile/0.005,0.0090080000
2022-01-31,SWAPTION/RATE_NVOL/USD/4Y/2Y/Smile/0.01,0.0099840000
2022-01-31,SWAPTION/RATE_NVOL/USD/4Y/2Y/Smile/0.015,0.0110830000
2022-01-31,SWAPTION/RATE_NVOL/USD/4Y/2Y/Smile/0.02,0.0122310000
2022-01-31,SWAPTION/RATE_NVOL/USD/4Y/30Y/ATM,0.0068300000
2022-01-31,SWAPTION/RATE_NVOL/USD/4Y/30Y/Smile/-0.0025,0.0065980000
2022-01-31,SWAPTION/RATE_NVOL/USD/4Y/30Y/Smile/-0.005,0.0064680000
2022-01-31,SWAPTION/RATE_NVOL/USD/4Y/30Y/Smile/-0.01,0.0064420000
2022-01-31,SWAPTION/RATE_NVOL/USD/4Y/30Y/Smile/-0.015,0.0064700000
2022-01-31,SWAPTION/RATE_NVOL/USD/4Y/30Y/Smile/-0.02,0.0056400000
2022-01-31,SWAPTION/RATE_NVOL/USD/4Y/30Y/Smile/0.0025,0.0071590000
2022-01-31,SWAPTION/RATE_NVOL/USD/4Y/30Y/Smile/0.005,0.0075650000
2022-01-31,SWAPTION/RATE_NVOL/USD/4Y/30Y/Smile/0.01,0.0085190000
2022-01-31,SWAPTION/RATE_NVOL/USD/4Y/30Y/Smile/0.015,0.0095640000
2022-01-31,SWAPTION/RATE_NVOL/USD/4Y/30Y/Smile/0.02,0.0106360000
2022-01-31,SWAPTION/RATE_NVOL/USD/4Y/3Y/ATM,0.0082400000
2022-01-31,SWAPTION/RATE_NVOL/USD/4Y/3Y/Smile/-0.0025,0.0080070000
2022-01-31,SWAPTION/RATE_NVOL/USD/4Y/3Y/Smile/-0.005,0.0078660000
2022-01-31,SWAPTION/RATE_NVOL/USD/4Y/3Y/Smile/-0.01,0.0077790000
2022-01-31,SWAPTION/RATE_NVOL/USD/4Y/3Y/Smile/-0.015,0.0076820000
2022-01-31,SWAPTION/RATE_NVOL/USD/4Y/3Y/Smile/-0.02,0.0072570000
2022-01-31,SWAPTION/RATE_NVOL/USD/4Y/3Y/Smile/0.0025,0.0085660000
2022-01-31,SWAPTION/RATE_NVOL/USD/4Y/3Y/Smile/0.005,0.0089720000
2022-01-31,SWAPTION/RATE_NVOL/USD/4Y/3Y/Smile/0.01,0.0099490000
2022-01-31,SWAPTION/RATE_NVOL/USD/4Y/3Y/Smile/0.015,0.0110460000
2022-01-31,SWAPTION/RATE_NVOL/USD/4Y/3Y/Smile/0.02,0.0121910000
2022-01-31,SWAPTION/RATE_NVOL/USD/4Y/4Y/ATM,0.0081200000
2022-01-31,SWAPTION/RATE_NVOL/USD/4Y/4Y/Smile/-0.0025,0.0078860000
2022-01-31,SWAPTION/RATE_NVOL/USD/4Y/4Y/Smile/-0.005,0.0077460000
2022-01-31,SWAPTION/RATE_NVOL/USD/4Y/4Y/Smile/-0.01,0.0076690000
2022-01-31,SWAPTION/RATE_NVOL/USD/4Y/4Y/Smile/-0.015,0.0075930000
2022-01-31,SWAPTION/RATE_NVOL/USD/4Y/4Y/Smile/-0.02,0.0047420000
2022-01-31,SWAPTION/RATE_NVOL/USD/4Y/4Y/Smile/0.0025,0.0084470000
2022-01-31,SWAPTION/RATE_NVOL/USD/4Y/4Y/Smile/0.005,0.0088550000
2022-01-31,SWAPTION/RATE_NVOL/USD/4Y/4Y/Smile/0.01,0.0098330000
2022-01-31,SWAPTION/RATE_NVOL/USD/4Y/4Y/Smile/0.015,0.0109290000
2022-01-31,SWAPTION/RATE_NVOL/USD/4Y/4Y/Smile/0.02,0.0120710000
2022-01-31,SWAPTION/RATE_NVOL/USD/4Y/5Y/ATM,0.0080400000
2022-01-31,SWAPTION/RATE_NVOL/USD/4Y/5Y/Smile/-0.0025,0.0078080000
2022-01-31,SWAPTION/RATE_NVOL/USD/4Y/5Y/Smile/-0.005,0.0076710000
2022-01-31,SWAPTION/RATE_NVOL/USD/4Y/5Y/Smile/-0.01,0.0076040000
2022-01-31,SWAPTION/RATE_NVOL/USD/4Y/5Y/Smile/-0.015,0.0075470000
2022-01-31,SWAPTION/RATE_NVOL/USD/4Y/5Y/Smile/-0.02,0.0070980000
2022-01-31,SWAPTION/RATE_NVOL/USD/4Y/5Y/Smile/0.0025,0.0083670000
2022-01-31,SWAPTION/RATE_NVOL/USD/4Y/5Y/Smile/0.005,0.0087750000
2022-01-31,SWAPTION/RATE_NVOL/USD/4Y/5Y/Smile/0.01,0.0097540000
2022-01-31,SWAPTION/RATE_NVOL/USD/4Y/5Y/Smile/0.015,0.0108500000
2022-01-31,SWAPTION/RATE_NVOL/USD/4Y/5Y/Smile/0.02,0.0119910000
2022-01-31,SWAPTION/RATE_NVOL/USD/4Y/6Y/ATM,0.0079400000
2022-01-31,SWAPTION/RATE_NVOL/USD/4Y/6Y/Smile/-0.0025,0.0077100000
2022-01-31,SWAPTION/RATE_NVOL/USD/4Y/6Y/Smile/-0.005,0.0075780000
2022-01-31,SWAPTION/RATE_NVOL/USD/4Y/6Y/Smile/-0.01,0.0075260000
2022-01-31,SWAPTION/RATE_NVOL/USD/4Y/6Y/Smile/-0.015,0.0074980000
2022-01-31,SWAPTION/RATE_NVOL/USD/4Y/6Y/Smile/-0.02,0.0054330000
2022-01-31,SWAPTION/RATE_NVOL/USD/4Y/6Y/Smile/0.0025,0.0082670000
2022-01-31,SWAPTION/RATE_NVOL/USD/4Y/6Y/Smile/0.005,0.0086750000
2022-01-31,SWAPTION/RATE_NVOL/USD/4Y/6Y/Smile/0.01,0.0096550000
2022-01-31,SWAPTION/RATE_NVOL/USD/4Y/6Y/Smile/0.015,0.0107510000
2022-01-31,SWAPTION/RATE_NVOL/USD/4Y/6Y/Smile/0.02,0.0118910000
2022-01-31,SWAPTION/RATE_NVOL/USD/4Y/7Y/ATM,0.0078500000
2022-01-31,SWAPTION/RATE_NVOL/USD/4Y/7Y/Smile/-0.0025,0.0076220000
2022-01-31,SWAPTION/RATE_NVOL/USD/4Y/7Y/Smile/-0.005,0.0074940000
2022-01-31,SWAPTION/RATE_NVOL/USD/4Y/7Y/Smile/-0.01,0.0074570000
2022-01-31,SWAPTION/RATE_NVOL/USD/4Y/7Y/Smile/-0.015,0.0074570000
2022-01-31,SWAPTION/RATE_NVOL/USD/4Y/7Y/Smile/-0.02,0.0060620000
2022-01-31,SWAPTION/RATE_NVOL/USD/4Y/7Y/Smile/0.0025,0.0081760000
2022-01-31,SWAPTION/RATE_NVOL/USD/4Y/7Y/Smile/0.005,0.0085850000
2022-01-31,SWAPTION/RATE_NVOL/USD/4Y/7Y/Smile/0.01,0.0095660000
2022-01-31,SWAPTION/RATE_NVOL/USD/4Y/7Y/Smile/0.015,0.0106630000
2022-01-31,SWAPTION/RATE_NVOL/USD/4Y/7Y/Smile/0.02,0.0118010000
2022-01-31,SWAPTION/RATE_NVOL/USD/4Y/8Y/ATM,0.0077600000
2022-01-31,SWAPTION/RATE_NVOL/USD/4Y/8Y/Smile/-0.0025,0.0075340000
2022-01-31,SWAPTION/RATE_NVOL/USD/4Y/8Y/Smile/-0.005,0.0074100000
2022-01-31,SWAPTION/RATE_NVOL/USD/4Y/8Y/Smile/-0.01,0.0073870000
2022-01-31,SWAPTION/RATE_NVOL/USD/4Y/8Y/Smile/-0.015,0.0074110000
2022-01-31,SWAPTION/RATE_NVOL/USD/4Y/8Y/Smile/-0.02,0.0063180000
2022-01-31,SWAPTION/RATE_NVOL/USD/4Y/8Y/Smile/0.0025,0.0080860000
2022-01-31,SWAPTION/RATE_NVOL/USD/4Y/8Y/Smile/0.005,0.0084950000
2022-01-31,SWAPTION/RATE_NVOL/USD/4Y/8Y/Smile/0.01,0.0094780000
2022-01-31,SWAPTION/RATE_NVOL/USD/4Y/8Y/Smile/0.015,0.0105740000
2022-01-31,SWAPTION/RATE_NVOL/USD/4Y/8Y/Smile/0.02,0.0117110000
2022-01-31,SWAPTION/RATE_NVOL/USD/4Y/9Y/ATM,0.0076800000
2022-01-31,SWAPTION/RATE_NVOL/USD/4Y/9Y/Smile/-0.0025,0.0074560000
2022-01-31,SWAPTION/RATE_NVOL/USD/4Y/9Y/Smile/-0.005,0.0073350000
2022-01-31,SWAPTION/RATE_NVOL/USD/4Y/9Y/Smile/-0.01,0.0073240000
2022-01-31,SWAPTION/RATE_NVOL/USD/4Y/9Y/Smile/-0.015,0.0073670000
2022-01-31,SWAPTION/RATE_NVOL/USD/4Y/9Y/Smile/-0.02,0.0064310000
2022-01-31,SWAPTION/RATE_NVOL/USD/4Y/9Y/Smile/0.0025,0.0080050000
2022-01-31,SWAPTION/RATE_NVOL/USD/4Y/9Y/Smile/0.005,0.0084150000
2022-01-31,SWAPTION/RATE_NVOL/USD/4Y/9Y/Smile/0.01,0.0093990000
2022-01-31,SWAPTION/RATE_NVOL/USD/4Y/9Y/Smile/0.015,0.0104950000
2022-01-31,SWAPTION/RATE_NVOL/USD/4Y/9Y/Smile/0.02,0.0116310000
2022-01-31,SWAPTION/RATE_NVOL/USD/5Y/10Y/ATM,0.0074200000
2022-01-31,SWAPTION/RATE_NVOL/USD/5Y/10Y/Smile/-0.0025,0.0072880000
2022-01-31,SWAPTION/RATE_NVOL/USD/5Y/10Y/Smile/-0.005,0.0072500000
2022-01-31,SWAPTION/RATE_NVOL/USD/5Y/10Y/Smile/-0.01,0.0073530000
2022-01-31,SWAPTION/RATE_NVOL/USD/5Y/10Y/Smile/-0.015,0.0074510000
2022-01-31,SWAPTION/RATE_NVOL/USD/5Y/10Y/Smile/-0.02,0.0066860000
2022-01-31,SWAPTION/RATE_NVOL/USD/5Y/10Y/Smile/0.0025,0.0076530000
2022-01-31,SWAPTION/RATE_NVOL/USD/5Y/10Y/Smile/0.005,0.0079790000
2022-01-31,SWAPTION/RATE_NVOL/USD/5Y/10Y/Smile/0.01,0.0088270000
2022-01-31,SWAPTION/RATE_NVOL/USD/5Y/10Y/Smile/0.015,0.0098190000
2022-01-31,SWAPTION/RATE_NVOL/USD/5Y/10Y/Smile/0.02,0.0108720000
2022-01-31,SWAPTION/RATE_NVOL/USD/5Y/15Y/ATM,0.0071400000
2022-01-31,SWAPTION/RATE_NVOL/USD/5Y/15Y/Smile/-0.0025,0.0070060000
2022-01-31,SWAPTION/RATE_NVOL/USD/5Y/15Y/Smile/-0.005,0.0069650000
2022-01-31,SWAPTION/RATE_NVOL/USD/5Y/15Y/Smile/-0.01,0.0070650000
2022-01-31,SWAPTION/RATE_NVOL/USD/5Y/15Y/Smile/-0.015,0.0071710000
2022-01-31,SWAPTION/RATE_NVOL/USD/5Y/15Y/Smile/-0.02,0.0064790000
2022-01-31,SWAPTION/RATE_NVOL/USD/5Y/15Y/Smile/0.0025,0.0073750000
2022-01-31,SWAPTION/RATE_NVOL/USD/5Y/15Y/Smile/0.005,0.0076990000
2022-01-31,SWAPTION/RATE_NVOL/USD/5Y/15Y/Smile/0.01,0.0085360000
2022-01-31,SWAPTION/RATE_NVOL/USD/5Y/15Y/Smile/0.015,0.0095100000
2022-01-31,SWAPTION/RATE_NVOL/USD/5Y/15Y/Smile/0.02,0.0105380000
2022-01-31,SWAPTION/RATE_NVOL/USD/5Y/1Y/ATM,0.0082700000
2022-01-31,SWAPTION/RATE_NVOL/USD/5Y/1Y/Smile/-0.0025,0.0081260000
2022-01-31,SWAPTION/RATE_NVOL/USD/5Y/1Y/Smile/-0.005,0.0080640000
2022-01-31,SWAPTION/RATE_NVOL/USD/5Y/1Y/Smile/-0.01,0.0080740000
2022-01-31,SWAPTION/RATE_NVOL/USD/5Y/1Y/Smile/-0.015,0.0079750000
2022-01-31,SWAPTION/RATE_NVOL/USD/5Y/1Y/Smile/-0.02,0.0062910000
2022-01-31,SWAPTION/RATE_NVOL/USD/5Y/1Y/Smile/0.0025,0.0085050000
2022-01-31,SWAPTION/RATE_NVOL/USD/5Y/1Y/Smile/0.005,0.0088270000
2022-01-31,SWAPTION/RATE_NVOL/USD/5Y/1Y/Smile/0.01,0.0096730000
2022-01-31,SWAPTION/RATE_NVOL/USD/5Y/1Y/Smile/0.015,0.0106790000
2022-01-31,SWAPTION/RATE_NVOL/USD/5Y/1Y/Smile/0.02,0.0117600000
2022-01-31,SWAPTION/RATE_NVOL/USD/5Y/20Y/ATM,0.0068600000
2022-01-31,SWAPTION/RATE_NVOL/USD/5Y/20Y/Smile/-0.0025,0.0067210000
2022-01-31,SWAPTION/RATE_NVOL/USD/5Y/20Y/Smile/-0.005,0.0066730000
2022-01-31,SWAPTION/RATE_NVOL/USD/5Y/20Y/Smile/-0.01,0.0067540000
2022-01-31,SWAPTION/RATE_NVOL/USD/5Y/20Y/Smile/-0.015,0.0068280000
2022-01-31,SWAPTION/RATE_NVOL/USD/5Y/20Y/Smile/-0.02,0.0057430000
2022-01-31,SWAPTION/RATE_NVOL/USD/5Y/20Y/Smile/0.0025,0.0070960000
2022-01-31,SWAPTION/RATE_NVOL/USD/5Y/20Y/Smile/0.005,0.0074190000
2022-01-31,SWAPTION/RATE_NVOL/USD/5Y/20Y/Smile/0.01,0.0082430000
2022-01-31,SWAPTION/RATE_NVOL/USD/5Y/20Y/Smile/0.015,0.0091950000
2022-01-31,SWAPTION/RATE_NVOL/USD/5Y/20Y/Smile/0.02,0.0101970000
2022-01-31,SWAPTION/RATE_NVOL/USD/5Y/25Y/ATM,0.0067300000
2022-01-31,SWAPTION/RATE_NVOL/USD/5Y/25Y/Smile/-0.0025,0.0065860000
2022-01-31,SWAPTION/RATE_NVOL/USD/5Y/25Y/Smile/-0.005,0.0065300000
2022-01-31,SWAPTION/RATE_NVOL/USD/5Y/25Y/Smile/-0.01,0.0065880000
2022-01-31,SWAPTION/RATE_NVOL/USD/5Y/25Y/Smile/-0.015,0.0066260000
2022-01-31,SWAPTION/RATE_NVOL/USD/5Y/25Y/Smile/-0.02,0.0037160000
2022-01-31,SWAPTION/RATE_NVOL/USD/5Y/25Y/Smile/0.0025,0.0069680000
2022-01-31,SWAPTION/RATE_NVOL/USD/5Y/25Y/Smile/0.005,0.0072890000
2022-01-31,SWAPTION/RATE_NVOL/USD/5Y/25Y/Smile/0.01,0.0081030000
2022-01-31,SWAPTION/RATE_NVOL/USD/5Y/25Y/Smile/0.015,0.0090390000
2022-01-31,SWAPTION/RATE_NVOL/USD/5Y/25Y/Smile/0.02,0.0100230000
2022-01-31,SWAPTION/RATE_NVOL/USD/5Y/2Y/ATM,0.0080500000
2022-01-31,SWAPTION/RATE_NVOL/USD/5Y/2Y/Smile/-0.0025,0.0079100000
2022-01-31,SWAPTION/RATE_NVOL/USD/5Y/2Y/Smile/-0.005,0.0078540000
2022-01-31,SWAPTION/RATE_NVOL/USD/5Y/2Y/Smile/-0.01,0.0078910000
2022-01-31,SWAPTION/RATE_NVOL/USD/5Y/2Y/Smile/-0.015,0.0078460000
2022-01-31,SWAPTION/RATE_NVOL/USD/5Y/2Y/Smile/-0.02,0.0041730000
2022-01-31,SWAPTION/RATE_NVOL/USD/5Y/2Y/Smile/0.0025,0.0082850000
2022-01-31,SWAPTION/RATE_NVOL/USD/5Y/2Y/Smile/0.005,0.0086090000
2022-01-31,SWAPTION/RATE_NVOL/USD/5Y/2Y/Smile/0.01,0.0094570000
2022-01-31,SWAPTION/RATE_NVOL/USD/5Y/2Y/Smile/0.015,0.0104640000
2022-01-31,SWAPTION/RATE_NVOL/USD/5Y/2Y/Smile/0.02,0.0115400000
2022-01-31,SWAPTION/RATE_NVOL/USD/5Y/30Y/ATM,0.0066500000
2022-01-31,SWAPTION/RATE_NVOL/USD/5Y/30Y/Smile/-0.0025,0.0065040000
2022-01-31,SWAPTION/RATE_NVOL/USD/5Y/30Y/Smile/-0.005,0.0064450000
2022-01-31,SWAPTION/RATE_NVOL/USD/5Y/30Y/Smile/-0.01,0.0064980000
2022-01-31,SWAPTION/RATE_NVOL/USD/5Y/30Y/Smile/-0.015,0.0065290000
2022-01-31,SWAPTION/RATE_NVOL/USD/5Y/30Y/Smile/-0.02,0.0054420000
2022-01-31,SWAPTION/RATE_NVOL/USD/5Y/30Y/Smile/0.0025,0.0068890000
2022-01-31,SWAPTION/RATE_NVOL/USD/5Y/30Y/Smile/0.005,0.0072090000
2022-01-31,SWAPTION/RATE_NVOL/USD/5Y/30Y/Smile/0.01,0.0080180000
2022-01-31,SWAPTION/RATE_NVOL/USD/5Y/30Y/Smile/0.015,0.0089470000
2022-01-31,SWAPTION/RATE_NVOL/USD/5Y/30Y/Smile/0.02,0.0099220000
2022-01-31,SWAPTION/RATE_NVOL/USD/5Y/3Y/ATM,0.0080200000
2022-01-31,SWAPTION/RATE_NVOL/USD/5Y/3Y/Smile/-0.0025,0.0078800000
2022-01-31,SWAPTION/RATE_NVOL/USD/5Y/3Y/Smile/-0.005,0.0078260000
2022-01-31,SWAPTION/RATE_NVOL/USD/5Y/3Y/Smile/-0.01,0.0078680000
2022-01-31,SWAPTION/RATE_NVOL/USD/5Y/3Y/Smile/-0.015,0.0078340000
2022-01-31,SWAPTION/RATE_NVOL/USD/5Y/3Y/Smile/-0.02,0.0041500000
2022-01-31,SWAPTION/RATE_NVOL/USD/5Y/3Y/Smile/0.0025,0.0082550000
2022-01-31,SWAPTION/RATE_NVOL/USD/5Y/3Y/Smile/0.005,0.0085790000
2022-01-31,SWAPTION/RATE_NVOL/USD/5Y/3Y/Smile/0.01,0.0094280000
2022-01-31,SWAPTION/RATE_NVOL/USD/5Y/3Y/Smile/0.015,0.0104340000
2022-01-31,SWAPTION/RATE_NVOL/USD/5Y/3Y/Smile/0.02,0.0115100000
2022-01-31,SWAPTION/RATE_NVOL/USD/5Y/4Y/ATM,0.0079100000
2022-01-31,SWAPTION/RATE_NVOL/USD/5Y/4Y/Smile/-0.0025,0.0077720000
2022-01-31,SWAPTION/RATE_NVOL/USD/5Y/4Y/Smile/-0.005,0.0077220000
2022-01-31,SWAPTION/RATE_NVOL/USD/5Y/4Y/Smile/-0.01,0.0077760000
2022-01-31,SWAPTION/RATE_NVOL/USD/5Y/4Y/Smile/-0.015,0.0077630000
2022-01-31,SWAPTION/RATE_NVOL/USD/5Y/4Y/Smile/-0.02,0.0050740000
2022-01-31,SWAPTION/RATE_NVOL/USD/5Y/4Y/Smile/0.0025,0.0081440000
2022-01-31,SWAPTION/RATE_NVOL/USD/5Y/4Y/Smile/0.005,0.0084690000
2022-01-31,SWAPTION/RATE_NVOL/USD/5Y/4Y/Smile/0.01,0.0093190000
2022-01-31,SWAPTION/RATE_NVOL/USD/5Y/4Y/Smile/0.015,0.0103260000
2022-01-31,SWAPTION/RATE_NVOL/USD/5Y/4Y/Smile/0.02,0.0114000000
2022-01-31,SWAPTION/RATE_NVOL/USD/5Y/5Y/ATM,0.0078400000
2022-01-31,SWAPTION/RATE_NVOL/USD/5Y/5Y/Smile/-0.0025,0.0077040000
2022-01-31,SWAPTION/RATE_NVOL/USD/5Y/5Y/Smile/-0.005,0.0076570000
2022-01-31,SWAPTION/RATE_NVOL/USD/5Y/5Y/Smile/-0.01,0.0077230000
2022-01-31,SWAPTION/RATE_NVOL/USD/5Y/5Y/Smile/-0.015,0.0077370000
2022-01-31,SWAPTION/RATE_NVOL/USD/5Y/5Y/Smile/-0.02,0.0059660000
2022-01-31,SWAPTION/RATE_NVOL/USD/5Y/5Y/Smile/0.0025,0.0080740000
2022-01-31,SWAPTION/RATE_NVOL/USD/5Y/5Y/Smile/0.005,0.0083990000
2022-01-31,SWAPTION/RATE_NVOL/USD/5Y/5Y/Smile/0.01,0.0092500000
2022-01-31,SWAPTION/RATE_NVOL/USD/5Y/5Y/Smile/0.015,0.0102570000
2022-01-31,SWAPTION/RATE_NVOL/USD/5Y/5Y/Smile/0.02,0.0113290000
2022-01-31,SWAPTION/RATE_NVOL/USD/5Y/6Y/ATM,0.0077500000
2022-01-31,SWAPTION/RATE_NVOL/USD/5Y/6Y/Smile/-0.0025,0.0076160000
2022-01-31,SWAPTION/RATE_NVOL/USD/5Y/6Y/Smile/-0.005,0.0075740000
2022-01-31,SWAPTION/RATE_NVOL/USD/5Y/6Y/Smile/-0.01,0.0076550000
2022-01-31,SWAPTION/RATE_NVOL/USD/5Y/6Y/Smile/-0.015,0.0076980000
2022-01-31,SWAPTION/RATE_NVOL/USD/5Y/6Y/Smile/-0.02,0.0064040000
2022-01-31,SWAPTION/RATE_NVOL/USD/5Y/6Y/Smile/0.0025,0.0079830000
2022-01-31,SWAPTION/RATE_NVOL/USD/5Y/6Y/Smile/0.005,0.0083090000
2022-01-31,SWAPTION/RATE_NVOL/USD/5Y/6Y/Smile/0.01,0.0091620000
2022-01-31,SWAPTION/RATE_NVOL/USD/5Y/6Y/Smile/0.015,0.0101680000
2022-01-31,SWAPTION/RATE_NVOL/USD/5Y/6Y/Smile/0.02,0.0112400000
2022-01-31,SWAPTION/RATE_NVOL/USD/5Y/7Y/ATM,0.0076500000
2022-01-31,SWAPTION/RATE_NVOL/USD/5Y/7Y/Smile/-0.0025,0.0075190000
2022-01-31,SWAPTION/RATE_NVOL/USD/5Y/7Y/Smile/-0.005,0.0074800000
2022-01-31,SWAPTION/RATE_NVOL/USD/5Y/7Y/Smile/-0.01,0.0075750000
2022-01-31,SWAPTION/RATE_NVOL/USD/5Y/7Y/Smile/-0.015,0.0076430000
2022-01-31,SWAPTION/RATE_NVOL/USD/5Y/7Y/Smile/-0.02,0.0065860000
2022-01-31,SWAPTION/RATE_NVOL/USD/5Y/7Y/Smile/0.0025,0.0078830000
2022-01-31,SWAPTION/RATE_NVOL/USD/5Y/7Y/Smile/0.005,0.0082090000
2022-01-31,SWAPTION/RATE_NVOL/USD/5Y/7Y/Smile/0.01,0.0090630000
2022-01-31,SWAPTION/RATE_NVOL/USD/5Y/7Y/Smile/0.015,0.0100700000
2022-01-31,SWAPTION/RATE_NVOL/USD/5Y/7Y/Smile/0.02,0.0111400000
2022-01-31,SWAPTION/RATE_NVOL/USD/5Y/8Y/ATM,0.0075700000
2022-01-31,SWAPTION/RATE_NVOL/USD/5Y/8Y/Smile/-0.0025,0.0074400000
2022-01-31,SWAPTION/RATE_NVOL/USD/5Y/8Y/Smile/-0.005,0.0074050000
2022-01-31,SWAPTION/RATE_NVOL/USD/5Y/8Y/Smile/-0.01,0.0075100000
2022-01-31,SWAPTION/RATE_NVOL/USD/5Y/8Y/Smile/-0.015,0.0075970000
2022-01-31,SWAPTION/RATE_NVOL/USD/5Y/8Y/Smile/-0.02,0.0066760000
2022-01-31,SWAPTION/RATE_NVOL/USD/5Y/8Y/Smile/0.0025,0.0078020000
2022-01-31,SWAPTION/RATE_NVOL/USD/5Y/8Y/Smile/0.005,0.0081290000
2022-01-31,SWAPTION/RATE_NVOL/USD/5Y/8Y/Smile/0.01,0.0089850000
2022-01-31,SWAPTION/RATE_NVOL/USD/5Y/8Y/Smile/0.015,0.0099910000
2022-01-31,SWAPTION/RATE_NVOL/USD/5Y/8Y/Smile/0.02,0.0110600000
2022-01-31,SWAPTION/RATE_NVOL/USD/5Y/9Y/ATM,0.0074900000
2022-01-31,SWAPTION/RATE_NVOL/USD/5Y/9Y/Smile/-0.0025,0.0073590000
2022-01-31,SWAPTION/RATE_NVOL/USD/5Y/9Y/Smile/-0.005,0.0073230000
2022-01-31,SWAPTION/RATE_NVOL/USD/5Y/9Y/Smile/-0.01,0.0074270000
2022-01-31,SWAPTION/RATE_NVOL/USD/5Y/9Y/Smile/-0.015,0.0075210000
2022-01-31,SWAPTION/RATE_NVOL/USD/5Y/9Y/Smile/-0.02,0.0066900000
2022-01-31,SWAPTION/RATE_NVOL/USD/5Y/9Y/Smile/0.0025,0.0077230000
2022-01-31,SWAPTION/RATE_NVOL/USD/5Y/9Y/Smile/0.005,0.0080490000
2022-01-31,SWAPTION/RATE_NVOL/USD/5Y/9Y/Smile/0.01,0.0089010000
2022-01-31,SWAPTION/RATE_NVOL/USD/5Y/9Y/Smile/0.015,0.0099000000
2022-01-31,SWAPTION/RATE_NVOL/USD/5Y/9Y/Smile/0.02,0.0109600000
2022-01-31,SWAPTION/RATE_NVOL/USD/6M/10Y/ATM,0.0083100000
2022-01-31,SWAPTION/RATE_NVOL/USD/6M/10Y/Smile/-0.0025,0.0081350000
2022-01-31,SWAPTION/RATE_NVOL/USD/6M/10Y/Smile/-0.005,0.0082300000
2022-01-31,SWAPTION/RATE_NVOL/USD/6M/10Y/Smile/-0.01,0.0088450000
2022-01-31,SWAPTION/RATE_NVOL/USD/6M/10Y/Smile/-0.015,0.0094200000
2022-01-31,SWAPTION/RATE_NVOL/USD/6M/10Y/Smile/-0.02,0.0071090000
2022-01-31,SWAPTION/RATE_NVOL/USD/6M/10Y/Smile/0.0025,0.0087730000
2022-01-31,SWAPTION/RATE_NVOL/USD/6M/10Y/Smile/0.005,0.0094510000
2022-01-31,SWAPTION/RATE_NVOL/USD/6M/10Y/Smile/0.01,0.0111230000
2022-01-31,SWAPTION/RATE_NVOL/USD/6M/10Y/Smile/0.015,0.0129330000
2022-01-31,SWAPTION/RATE_NVOL/USD/6M/10Y/Smile/0.02,0.0147560000
2022-01-31,SWAPTION/RATE_NVOL/USD/6M/15Y/ATM,0.0080600000
2022-01-31,SWAPTION/RATE_NVOL/USD/6M/15Y/Smile/-0.0025,0.0078660000
2022-01-31,SWAPTION/RATE_NVOL/USD/6M/15Y/Smile/-0.005,0.0079480000
2022-01-31,SWAPTION/RATE_NVOL/USD/6M/15Y/Smile/-0.01,0.0085630000
2022-01-31,SWAPTION/RATE_NVOL/USD/6M/15Y/Smile/-0.015,0.0091960000
2022-01-31,SWAPTION/RATE_NVOL/USD/6M/15Y/Smile/-0.02,0.0068030000
2022-01-31,SWAPTION/RATE_NVOL/USD/6M/15Y/Smile/0.0025,0.0085400000
2022-01-31,SWAPTION/RATE_NVOL/USD/6M/15Y/Smile/0.005,0.0092270000
2022-01-31,SWAPTION/RATE_NVOL/USD/6M/15Y/Smile/0.01,0.0108950000
2022-01-31,SWAPTION/RATE_NVOL/USD/6M/15Y/Smile/0.015,0.0126840000
2022-01-31,SWAPTION/RATE_NVOL/USD/6M/15Y/Smile/0.02,0.0144810000
2022-01-31,SWAPTION/RATE_NVOL/USD/6M/1Y/ATM,0.0083900000
2022-01-31,SWAPTION/RATE_NVOL/USD/6M/1Y/Smile/-0.0025,0.0082180000
2022-01-31,SWAPTION/RATE_NVOL/USD/6M/1Y/Smile/-0.005,0.0082780000
2022-01-31,SWAPTION/RATE_NVOL/USD/6M/1Y/Smile/-0.01,0.0086120000
2022-01-31,SWAPTION/RATE_NVOL/USD/6M/1Y/Smile/-0.015,0.0063530000
2022-01-31,SWAPTION/RATE_NVOL/USD/6M/1Y/Smile/-0.02,0.0103020000
2022-01-31,SWAPTION/RATE_NVOL/USD/6M/1Y/Smile/0.0025,0.0088360000
2022-01-31,SWAPTION/RATE_NVOL/USD/6M/1Y/Smile/0.005,0.0095030000
2022-01-31,SWAPTION/RATE_NVOL/USD/6M/1Y/Smile/0.01,0.0111800000
2022-01-31,SWAPTION/RATE_NVOL/USD/6M/1Y/Smile/0.015,0.0130140000
2022-01-31,SWAPTION/RATE_NVOL/USD/6M/1Y/Smile/0.02,0.0148680000
2022-01-31,SWAPTION/RATE_NVOL/USD/6M/20Y/ATM,0.0078600000
2022-01-31,SWAPTION/RATE_NVOL/USD/6M/20Y/Smile/-0.0025,0.0076630000
2022-01-31,SWAPTION/RATE_NVOL/USD/6M/20Y/Smile/-0.005,0.0077480000
2022-01-31,SWAPTION/RATE_NVOL/USD/6M/20Y/Smile/-0.01,0.0083750000
2022-01-31,SWAPTION/RATE_NVOL/USD/6M/20Y/Smile/-0.015,0.0090290000
2022-01-31,SWAPTION/RATE_NVOL/USD/6M/20Y/Smile/-0.02,0.0079140000
2022-01-31,SWAPTION/RATE_NVOL/USD/6M/20Y/Smile/0.0025,0.0083460000
2022-01-31,SWAPTION/RATE_NVOL/USD/6M/20Y/Smile/0.005,0.0090370000
2022-01-31,SWAPTION/RATE_NVOL/USD/6M/20Y/Smile/0.01,0.0107040000
2022-01-31,SWAPTION/RATE_NVOL/USD/6M/20Y/Smile/0.015,0.0124840000
2022-01-31,SWAPTION/RATE_NVOL/USD/6M/20Y/Smile/0.02,0.0142680000
2022-01-31,SWAPTION/RATE_NVOL/USD/6M/25Y/ATM,0.0077900000
2022-01-31,SWAPTION/RATE_NVOL/USD/6M/25Y/Smile/-0.0025,0.0075930000
2022-01-31,SWAPTION/RATE_NVOL/USD/6M/25Y/Smile/-0.005,0.0076780000
2022-01-31,SWAPTION/RATE_NVOL/USD/6M/25Y/Smile/-0.01,0.0083010000
2022-01-31,SWAPTION/RATE_NVOL/USD/6M/25Y/Smile/-0.015,0.0089360000
2022-01-31,SWAPTION/RATE_NVOL/USD/6M/25Y/Smile/-0.02,0.0076230000
2022-01-31,SWAPTION/RATE_NVOL/USD/6M/25Y/Smile/0.0025,0.0082770000
2022-01-31,SWAPTION/RATE_NVOL/USD/6M/25Y/Smile/0.005,0.0089690000
2022-01-31,SWAPTION/RATE_NVOL/USD/6M/25Y/Smile/0.01,0.0106360000
2022-01-31,SWAPTION/RATE_NVOL/USD/6M/25Y/Smile/0.015,0.0124140000
2022-01-31,SWAPTION/RATE_NVOL/USD/6M/25Y/Smile/0.02,0.0141940000
2022-01-31,SWAPTION/RATE_NVOL/USD/6M/2Y/ATM,0.0089800000
2022-01-31,SWAPTION/RATE_NVOL/USD/6M/2Y/Smile/-0.0025,0.0089530000
2022-01-31,SWAPTION/RATE_NVOL/USD/6M/2Y/Smile/-0.005,0.0091810000
2022-01-31,SWAPTION/RATE_NVOL/USD/6M/2Y/Smile/-0.01,0.0099060000
2022-01-31,SWAPTION/RATE_NVOL/USD/6M/2Y/Smile/-0.015,0.0100900000
2022-01-31,SWAPTION/RATE_NVOL/USD/6M/2Y/Smile/-0.02,0.0110890000
2022-01-31,SWAPTION/RATE_NVOL/USD/6M/2Y/Smile/0.0025,0.0093320000
2022-01-31,SWAPTION/RATE_NVOL/USD/6M/2Y/Smile/0.005,0.0099630000
2022-01-31,SWAPTION/RATE_NVOL/USD/6M/2Y/Smile/0.01,0.0116770000
2022-01-31,SWAPTION/RATE_NVOL/USD/6M/2Y/Smile/0.015,0.0136040000
2022-01-31,SWAPTION/RATE_NVOL/USD/6M/2Y/Smile/0.02,0.0155680000
2022-01-31,SWAPTION/RATE_NVOL/USD/6M/30Y/ATM,0.0076500000
2022-01-31,SWAPTION/RATE_NVOL/USD/6M/30Y/Smile/-0.0025,0.0074520000
2022-01-31,SWAPTION/RATE_NVOL/USD/6M/30Y/Smile/-0.005,0.0075380000
2022-01-31,SWAPTION/RATE_NVOL/USD/6M/30Y/Smile/-0.01,0.0081610000
2022-01-31,SWAPTION/RATE_NVOL/USD/6M/30Y/Smile/-0.015,0.0087830000
2022-01-31,SWAPTION/RATE_NVOL/USD/6M/30Y/Smile/-0.02,0.0069350000
2022-01-31,SWAPTION/RATE_NVOL/USD/6M/30Y/Smile/0.0025,0.0081400000
2022-01-31,SWAPTION/RATE_NVOL/USD/6M/30Y/Smile/0.005,0.0088350000
2022-01-31,SWAPTION/RATE_NVOL/USD/6M/30Y/Smile/0.01,0.0105010000
2022-01-31,SWAPTION/RATE_NVOL/USD/6M/30Y/Smile/0.015,0.0122740000
2022-01-31,SWAPTION/RATE_NVOL/USD/6M/30Y/Smile/0.02,0.0140470000
2022-01-31,SWAPTION/RATE_NVOL/USD/6M/3Y/ATM,0.0088700000
2022-01-31,SWAPTION/RATE_NVOL/USD/6M/3Y/Smile/-0.0025,0.0087770000
2022-01-31,SWAPTION/RATE_NVOL/USD/6M/3Y/Smile/-0.005,0.0089440000
2022-01-31,SWAPTION/RATE_NVOL/USD/6M/3Y/Smile/-0.01,0.0096100000
2022-01-31,SWAPTION/RATE_NVOL/USD/6M/3Y/Smile/-0.015,0.0099800000
2022-01-31,SWAPTION/RATE_NVOL/USD/6M/3Y/Smile/-0.02,0.0128640000
2022-01-31,SWAPTION/RATE_NVOL/USD/6M/3Y/Smile/0.0025,0.0092680000
2022-01-31,SWAPTION/RATE_NVOL/USD/6M/3Y/Smile/0.005,0.0099170000
2022-01-31,SWAPTION/RATE_NVOL/USD/6M/3Y/Smile/0.01,0.0116120000
2022-01-31,SWAPTION/RATE_NVOL/USD/6M/3Y/Smile/0.015,0.0134940000
2022-01-31,SWAPTION/RATE_NVOL/USD/6M/3Y/Smile/0.02,0.0154060000
2022-01-31,SWAPTION/RATE_NVOL/USD/6M/4Y/ATM,0.0087600000
2022-01-31,SWAPTION/RATE_NVOL/USD/6M/4Y/Smile/-0.0025,0.0086480000
2022-01-31,SWAPTION/RATE_NVOL/USD/6M/4Y/Smile/-0.005,0.0087970000
2022-01-31,SWAPTION/RATE_NVOL/USD/6M/4Y/Smile/-0.01,0.0094490000
2022-01-31,SWAPTION/RATE_NVOL/USD/6M/4Y/Smile/-0.015,0.0098700000
2022-01-31,SWAPTION/RATE_NVOL/USD/6M/4Y/Smile/-0.02,0.0094320000
2022-01-31,SWAPTION/RATE_NVOL/USD/6M/4Y/Smile/0.0025,0.0091730000
2022-01-31,SWAPTION/RATE_NVOL/USD/6M/4Y/Smile/0.005,0.0098290000
2022-01-31,SWAPTION/RATE_NVOL/USD/6M/4Y/Smile/0.01,0.0115190000
2022-01-31,SWAPTION/RATE_NVOL/USD/6M/4Y/Smile/0.015,0.0133840000
2022-01-31,SWAPTION/RATE_NVOL/USD/6M/4Y/Smile/0.02,0.0152760000
2022-01-31,SWAPTION/RATE_NVOL/USD/6M/5Y/ATM,0.0087100000
2022-01-31,SWAPTION/RATE_NVOL/USD/6M/5Y/Smile/-0.0025,0.0085820000
2022-01-31,SWAPTION/RATE_NVOL/USD/6M/5Y/Smile/-0.005,0.0087160000
2022-01-31,SWAPTION/RATE_NVOL/USD/6M/5Y/Smile/-0.01,0.0093560000
2022-01-31,SWAPTION/RATE_NVOL/USD/6M/5Y/Smile/-0.015,0.0098200000
2022-01-31,SWAPTION/RATE_NVOL/USD/6M/5Y/Smile/-0.02,0.0116660000
2022-01-31,SWAPTION/RATE_NVOL/USD/6M/5Y/Smile/0.0025,0.0091350000
2022-01-31,SWAPTION/RATE_NVOL/USD/6M/5Y/Smile/0.005,0.0097950000
2022-01-31,SWAPTION/RATE_NVOL/USD/6M/5Y/Smile/0.01,0.0114800000
2022-01-31,SWAPTION/RATE_NVOL/USD/6M/5Y/Smile/0.015,0.0133340000
2022-01-31,SWAPTION/RATE_NVOL/USD/6M/5Y/Smile/0.02,0.0152120000
2022-01-31,SWAPTION/RATE_NVOL/USD/6M/6Y/ATM,0.0085900000
2022-01-31,SWAPTION/RATE_NVOL/USD/6M/6Y/Smile/-0.0025,0.0084470000
2022-01-31,SWAPTION/RATE_NVOL/USD/6M/6Y/Smile/-0.005,0.0085700000
2022-01-31,SWAPTION/RATE_NVOL/USD/6M/6Y/Smile/-0.01,0.0092020000
2022-01-31,SWAPTION/RATE_NVOL/USD/6M/6Y/Smile/-0.015,0.0097000000
2022-01-31,SWAPTION/RATE_NVOL/USD/6M/6Y/Smile/-0.02,0.0092660000
2022-01-31,SWAPTION/RATE_NVOL/USD/6M/6Y/Smile/0.0025,0.0090270000
2022-01-31,SWAPTION/RATE_NVOL/USD/6M/6Y/Smile/0.005,0.0096920000
2022-01-31,SWAPTION/RATE_NVOL/USD/6M/6Y/Smile/0.01,0.0113740000
2022-01-31,SWAPTION/RATE_NVOL/USD/6M/6Y/Smile/0.015,0.0132140000
2022-01-31,SWAPTION/RATE_NVOL/USD/6M/6Y/Smile/0.02,0.0150760000
2022-01-31,SWAPTION/RATE_NVOL/USD/6M/7Y/ATM,0.0084700000
2022-01-31,SWAPTION/RATE_NVOL/USD/6M/7Y/Smile/-0.0025,0.0083160000
2022-01-31,SWAPTION/RATE_NVOL/USD/6M/7Y/Smile/-0.005,0.0084290000
2022-01-31,SWAPTION/RATE_NVOL/USD/6M/7Y/Smile/-0.01,0.0090550000
2022-01-31,SWAPTION/RATE_NVOL/USD/6M/7Y/Smile/-0.015,0.0095800000
2022-01-31,SWAPTION/RATE_NVOL/USD/6M/7Y/Smile/-0.02,0.0056120000
2022-01-31,SWAPTION/RATE_NVOL/USD/6M/7Y/Smile/0.0025,0.0089160000
2022-01-31,SWAPTION/RATE_NVOL/USD/6M/7Y/Smile/0.005,0.0095870000
2022-01-31,SWAPTION/RATE_NVOL/USD/6M/7Y/Smile/0.01,0.0112650000
2022-01-31,SWAPTION/RATE_NVOL/USD/6M/7Y/Smile/0.015,0.0130940000
2022-01-31,SWAPTION/RATE_NVOL/USD/6M/7Y/Smile/0.02,0.0149410000
2022-01-31,SWAPTION/RATE_NVOL/USD/6M/8Y/ATM,0.0084100000
2022-01-31,SWAPTION/RATE_NVOL/USD/6M/8Y/Smile/-0.0025,0.0082490000
2022-01-31,SWAPTION/RATE_NVOL/USD/6M/8Y/Smile/-0.005,0.0083560000
2022-01-31,SWAPTION/RATE_NVOL/USD/6M/8Y/Smile/-0.01,0.0089790000
2022-01-31,SWAPTION/RATE_NVOL/USD/6M/8Y/Smile/-0.015,0.0095200000
2022-01-31,SWAPTION/RATE_NVOL/USD/6M/8Y/Smile/-0.02,0.0071350000
2022-01-31,SWAPTION/RATE_NVOL/USD/6M/8Y/Smile/0.0025,0.0088620000
2022-01-31,SWAPTION/RATE_NVOL/USD/6M/8Y/Smile/0.005,0.0095350000
2022-01-31,SWAPTION/RATE_NVOL/USD/6M/8Y/Smile/0.01,0.0112120000
2022-01-31,SWAPTION/RATE_NVOL/USD/6M/8Y/Smile/0.015,0.0130340000
2022-01-31,SWAPTION/RATE_NVOL/USD/6M/8Y/Smile/0.02,0.0148730000
2022-01-31,SWAPTION/RATE_NVOL/USD/6M/9Y/ATM,0.0083600000
2022-01-31,SWAPTION/RATE_NVOL/USD/6M/9Y/Smile/-0.0025,0.0081920000
2022-01-31,SWAPTION/RATE_NVOL/USD/6M/9Y/Smile/-0.005,0.0082940000
2022-01-31,SWAPTION/RATE_NVOL/USD/6M/9Y/Smile/-0.01,0.0089120000
2022-01-31,SWAPTION/RATE_NVOL/USD/6M/9Y/Smile/-0.015,0.0094700000
2022-01-31,SWAPTION/RATE_NVOL/USD/6M/9Y/Smile/-0.02,0.0060770000
2022-01-31,SWAPTION/RATE_NVOL/USD/6M/9Y/Smile/0.0025,0.0088170000
2022-01-31,SWAPTION/RATE_NVOL/USD/6M/9Y/Smile/0.005,0.0094930000
2022-01-31,SWAPTION/RATE_NVOL/USD/6M/9Y/Smile/0.01,0.0111680000
2022-01-31,SWAPTION/RATE_NVOL/USD/6M/9Y/Smile/0.015,0.0129840000
2022-01-31,SWAPTION/RATE_NVOL/USD/6M/9Y/Smile/0.02,0.0148150000
2022-01-31,SWAPTION/RATE_NVOL/USD/7Y/10Y/ATM,0.0070300000
2022-01-31,SWAPTION/RATE_NVOL/USD/7Y/10Y/Smile/-0.0025,0.0069660000
2022-01-31,SWAPTION/RATE_NVOL/USD/7Y/10Y/Smile/-0.005,0.0069600000
2022-01-31,SWAPTION/RATE_NVOL/USD/7Y/10Y/Smile/-0.01,0.0070440000
2022-01-31,SWAPTION/RATE_NVOL/USD/7Y/10Y/Smile/-0.015,0.0070640000
2022-01-31,SWAPTION/RATE_NVOL/USD/7Y/10Y/Smile/-0.02,0.0062960000
2022-01-31,SWAPTION/RATE_NVOL/USD/7Y/10Y/Smile/0.0025,0.0071650000
2022-01-31,SWAPTION/RATE_NVOL/USD/7Y/10Y/Smile/0.005,0.0073730000
2022-01-31,SWAPTION/RATE_NVOL/USD/7Y/10Y/Smile/0.01,0.0079680000
2022-01-31,SWAPTION/RATE_NVOL/USD/7Y/10Y/Smile/0.015,0.0087200000
2022-01-31,SWAPTION/RATE_NVOL/USD/7Y/10Y/Smile/0.02,0.0095520000
2022-01-31,SWAPTION/RATE_NVOL/USD/7Y/15Y/ATM,0.0067300000
2022-01-31,SWAPTION/RATE_NVOL/USD/7Y/15Y/Smile/-0.0025,0.0066640000
2022-01-31,SWAPTION/RATE_NVOL/USD/7Y/15Y/Smile/-0.005,0.0066590000
2022-01-31,SWAPTION/RATE_NVOL/USD/7Y/15Y/Smile/-0.01,0.0067440000
2022-01-31,SWAPTION/RATE_NVOL/USD/7Y/15Y/Smile/-0.015,0.0067640000
2022-01-31,SWAPTION/RATE_NVOL/USD/7Y/15Y/Smile/-0.02,0.0058720000
2022-01-31,SWAPTION/RATE_NVOL/USD/7Y/15Y/Smile/0.0025,0.0068680000
2022-01-31,SWAPTION/RATE_NVOL/USD/7Y/15Y/Smile/0.005,0.0070780000
2022-01-31,SWAPTION/RATE_NVOL/USD/7Y/15Y/Smile/0.01,0.0076770000
2022-01-31,SWAPTION/RATE_NVOL/USD/7Y/15Y/Smile/0.015,0.0084260000
2022-01-31,SWAPTION/RATE_NVOL/USD/7Y/15Y/Smile/0.02,0.0092490000
2022-01-31,SWAPTION/RATE_NVOL/USD/7Y/1Y/ATM,0.0077500000
2022-01-31,SWAPTION/RATE_NVOL/USD/7Y/1Y/Smile/-0.0025,0.0076700000
2022-01-31,SWAPTION/RATE_NVOL/USD/7Y/1Y/Smile/-0.005,0.0076390000
2022-01-31,SWAPTION/RATE_NVOL/USD/7Y/1Y/Smile/-0.01,0.0076330000
2022-01-31,SWAPTION/RATE_NVOL/USD/7Y/1Y/Smile/-0.015,0.0074690000
2022-01-31,SWAPTION/RATE_NVOL/USD/7Y/1Y/Smile/-0.02,0.0045720000
2022-01-31,SWAPTION/RATE_NVOL/USD/7Y/1Y/Smile/0.0025,0.0078910000
2022-01-31,SWAPTION/RATE_NVOL/USD/7Y/1Y/Smile/0.005,0.0080970000
2022-01-31,SWAPTION/RATE_NVOL/USD/7Y/1Y/Smile/0.01,0.0086820000
2022-01-31,SWAPTION/RATE_NVOL/USD/7Y/1Y/Smile/0.015,0.0094320000
2022-01-31,SWAPTION/RATE_NVOL/USD/7Y/1Y/Smile/0.02,0.0102720000
2022-01-31,SWAPTION/RATE_NVOL/USD/7Y/20Y/ATM,0.0064600000
2022-01-31,SWAPTION/RATE_NVOL/USD/7Y/20Y/Smile/-0.0025,0.0063970000
2022-01-31,SWAPTION/RATE_NVOL/USD/7Y/20Y/Smile/-0.005,0.0063950000
2022-01-31,SWAPTION/RATE_NVOL/USD/7Y/20Y/Smile/-0.01,0.0064860000
2022-01-31,SWAPTION/RATE_NVOL/USD/7Y/20Y/Smile/-0.015,0.0064890000
2022-01-31,SWAPTION/RATE_NVOL/USD/7Y/20Y/Smile/-0.02,0.0048640000
2022-01-31,SWAPTION/RATE_NVOL/USD/7Y/20Y/Smile/0.0025,0.0065970000
2022-01-31,SWAPTION/RATE_NVOL/USD/7Y/20Y/Smile/0.005,0.0068080000
2022-01-31,SWAPTION/RATE_NVOL/USD/7Y/20Y/Smile/0.01,0.0074100000
2022-01-31,SWAPTION/RATE_NVOL/USD/7Y/20Y/Smile/0.015,0.0081610000
2022-01-31,SWAPTION/RATE_NVOL/USD/7Y/20Y/Smile/0.02,0.0089820000
2022-01-31,SWAPTION/RATE_NVOL/USD/7Y/25Y/ATM,0.0063000000
2022-01-31,SWAPTION/RATE_NVOL/USD/7Y/25Y/Smile/-0.0025,0.0062390000
2022-01-31,SWAPTION/RATE_NVOL/USD/7Y/25Y/Smile/-0.005,0.0062400000
2022-01-31,SWAPTION/RATE_NVOL/USD/7Y/25Y/Smile/-0.01,0.0063340000
2022-01-31,SWAPTION/RATE_NVOL/USD/7Y/25Y/Smile/-0.015,0.0063320000
2022-01-31,SWAPTION/RATE_NVOL/USD/7Y/25Y/Smile/-0.02,0.0007600000
2022-01-31,SWAPTION/RATE_NVOL/USD/7Y/25Y/Smile/0.0025,0.0064370000
2022-01-31,SWAPTION/RATE_NVOL/USD/7Y/25Y/Smile/0.005,0.0066480000
2022-01-31,SWAPTION/RATE_NVOL/USD/7Y/25Y/Smile/0.01,0.0072520000
2022-01-31,SWAPTION/RATE_NVOL/USD/7Y/25Y/Smile/0.015,0.0080030000
2022-01-31,SWAPTION/RATE_NVOL/USD/7Y/25Y/Smile/0.02,0.0088220000
2022-01-31,SWAPTION/RATE_NVOL/USD/7Y/2Y/ATM,0.0075800000
2022-01-31,SWAPTION/RATE_NVOL/USD/7Y/2Y/Smile/-0.0025,0.0075010000
2022-01-31,SWAPTION/RATE_NVOL/USD/7Y/2Y/Smile/-0.005,0.0074730000
2022-01-31,SWAPTION/RATE_NVOL/USD/7Y/2Y/Smile/-0.01,0.0074790000
2022-01-31,SWAPTION/RATE_NVOL/USD/7Y/2Y/Smile/-0.015,0.0073440000
2022-01-31,SWAPTION/RATE_NVOL/USD/7Y/2Y/Smile/-0.02,0.0049710000
2022-01-31,SWAPTION/RATE_NVOL/USD/7Y/2Y/Smile/0.0025,0.0077210000
2022-01-31,SWAPTION/RATE_NVOL/USD/7Y/2Y/Smile/0.005,0.0079280000
2022-01-31,SWAPTION/RATE_NVOL/USD/7Y/2Y/Smile/0.01,0.0085160000
2022-01-31,SWAPTION/RATE_NVOL/USD/7Y/2Y/Smile/0.015,0.0092650000
2022-01-31,SWAPTION/RATE_NVOL/USD/7Y/2Y/Smile/0.02,0.0101020000
2022-01-31,SWAPTION/RATE_NVOL/USD/7Y/30Y/ATM,0.0062400000
2022-01-31,SWAPTION/RATE_NVOL/USD/7Y/30Y/Smile/-0.0025,0.0061790000
2022-01-31,SWAPTION/RATE_NVOL/USD/7Y/30Y/Smile/-0.005,0.0061810000
2022-01-31,SWAPTION/RATE_NVOL/USD/7Y/30Y/Smile/-0.01,0.0062770000
2022-01-31,SWAPTION/RATE_NVOL/USD/7Y/30Y/Smile/-0.015,0.0062740000
2022-01-31,SWAPTION/RATE_NVOL/USD/7Y/30Y/Smile/-0.02,0.0047120000
2022-01-31,SWAPTION/RATE_NVOL/USD/7Y/30Y/Smile/0.0025,0.0063760000
2022-01-31,SWAPTION/RATE_NVOL/USD/7Y/30Y/Smile/0.005,0.0065880000
2022-01-31,SWAPTION/RATE_NVOL/USD/7Y/30Y/Smile/0.01,0.0071920000
2022-01-31,SWAPTION/RATE_NVOL/USD/7Y/30Y/Smile/0.015,0.0079420000
2022-01-31,SWAPTION/RATE_NVOL/USD/7Y/30Y/Smile/0.02,0.0087600000
2022-01-31,SWAPTION/RATE_NVOL/USD/7Y/3Y/ATM,0.0075400000
2022-01-31,SWAPTION/RATE_NVOL/USD/7Y/3Y/Smile/-0.0025,0.0074630000
2022-01-31,SWAPTION/RATE_NVOL/USD/7Y/3Y/Smile/-0.005,0.0074370000
2022-01-31,SWAPTION/RATE_NVOL/USD/7Y/3Y/Smile/-0.01,0.0074550000
2022-01-31,SWAPTION/RATE_NVOL/USD/7Y/3Y/Smile/-0.015,0.0073490000
2022-01-31,SWAPTION/RATE_NVOL/USD/7Y/3Y/Smile/-0.02,0.0056740000
2022-01-31,SWAPTION/RATE_NVOL/USD/7Y/3Y/Smile/0.0025,0.0076810000
2022-01-31,SWAPTION/RATE_NVOL/USD/7Y/3Y/Smile/0.005,0.0078880000
2022-01-31,SWAPTION/RATE_NVOL/USD/7Y/3Y/Smile/0.01,0.0084770000
2022-01-31,SWAPTION/RATE_NVOL/USD/7Y/3Y/Smile/0.015,0.0092260000
2022-01-31,SWAPTION/RATE_NVOL/USD/7Y/3Y/Smile/0.02,0.0100620000
2022-01-31,SWAPTION/RATE_NVOL/USD/7Y/4Y/ATM,0.0074700000
2022-01-31,SWAPTION/RATE_NVOL/USD/7Y/4Y/Smile/-0.0025,0.0073940000
2022-01-31,SWAPTION/RATE_NVOL/USD/7Y/4Y/Smile/-0.005,0.0073720000
2022-01-31,SWAPTION/RATE_NVOL/USD/7Y/4Y/Smile/-0.01,0.0074030000
2022-01-31,SWAPTION/RATE_NVOL/USD/7Y/4Y/Smile/-0.015,0.0073320000
2022-01-31,SWAPTION/RATE_NVOL/USD/7Y/4Y/Smile/-0.02,0.0060710000
2022-01-31,SWAPTION/RATE_NVOL/USD/7Y/4Y/Smile/0.0025,0.0076110000
2022-01-31,SWAPTION/RATE_NVOL/USD/7Y/4Y/Smile/0.005,0.0078180000
2022-01-31,SWAPTION/RATE_NVOL/USD/7Y/4Y/Smile/0.01,0.0084080000
2022-01-31,SWAPTION/RATE_NVOL/USD/7Y/4Y/Smile/0.015,0.0091570000
2022-01-31,SWAPTION/RATE_NVOL/USD/7Y/4Y/Smile/0.02,0.0099920000
2022-01-31,SWAPTION/RATE_NVOL/USD/7Y/5Y/ATM,0.0074000000
2022-01-31,SWAPTION/RATE_NVOL/USD/7Y/5Y/Smile/-0.0025,0.0071550000
2022-01-31,SWAPTION/RATE_NVOL/USD/7Y/5Y/Smile/-0.005,0.0068930000
2022-01-31,SWAPTION/RATE_NVOL/USD/7Y/5Y/Smile/-0.01,0.0062920000
2022-01-31,SWAPTION/RATE_NVOL/USD/7Y/5Y/Smile/-0.015,0.0055110000
2022-01-31,SWAPTION/RATE_NVOL/USD/7Y/5Y/Smile/-0.02,0.0039920000
2022-01-31,SWAPTION/RATE_NVOL/USD/7Y/5Y/Smile/0.0025,0.0076300000
2022-01-31,SWAPTION/RATE_NVOL/USD/7Y/5Y/Smile/0.005,0.0078470000
2022-01-31,SWAPTION/RATE_NVOL/USD/7Y/5Y/Smile/0.01,0.0082520000
2022-01-31,SWAPTION/RATE_NVOL/USD/7Y/5Y/Smile/0.015,0.0086250000
2022-01-31,SWAPTION/RATE_NVOL/USD/7Y/5Y/Smile/0.02,0.0089720000
2022-01-31,SWAPTION/RATE_NVOL/USD/7Y/6Y/ATM,0.0073200000
2022-01-31,SWAPTION/RATE_NVOL/USD/7Y/6Y/Smile/-0.0025,0.0072650000
2022-01-31,SWAPTION/RATE_NVOL/USD/7Y/6Y/Smile/-0.005,0.0072670000
2022-01-31,SWAPTION/RATE_NVOL/USD/7Y/6Y/Smile/-0.01,0.0073560000
2022-01-31,SWAPTION/RATE_NVOL/USD/7Y/6Y/Smile/-0.015,0.0073540000
2022-01-31,SWAPTION/RATE_NVOL/USD/7Y/6Y/Smile/-0.02,0.0063960000
2022-01-31,SWAPTION/RATE_NVOL/USD/7Y/6Y/Smile/0.0025,0.0074460000
2022-01-31,SWAPTION/RATE_NVOL/USD/7Y/6Y/Smile/0.005,0.0076460000
2022-01-31,SWAPTION/RATE_NVOL/USD/7Y/6Y/Smile/0.01,0.0082360000
2022-01-31,SWAPTION/RATE_NVOL/USD/7Y/6Y/Smile/0.015,0.0089950000
2022-01-31,SWAPTION/RATE_NVOL/USD/7Y/6Y/Smile/0.02,0.0098420000
2022-01-31,SWAPTION/RATE_NVOL/USD/7Y/7Y/ATM,0.0072400000
2022-01-31,SWAPTION/RATE_NVOL/USD/7Y/7Y/Smile/-0.0025,0.0071820000
2022-01-31,SWAPTION/RATE_NVOL/USD/7Y/7Y/Smile/-0.005,0.0071820000
2022-01-31,SWAPTION/RATE_NVOL/USD/7Y/7Y/Smile/-0.01,0.0072680000
2022-01-31,SWAPTION/RATE_NVOL/USD/7Y/7Y/Smile/-0.015,0.0072740000
2022-01-31,SWAPTION/RATE_NVOL/USD/7Y/7Y/Smile/-0.02,0.0063920000
2022-01-31,SWAPTION/RATE_NVOL/USD/7Y/7Y/Smile/0.0025,0.0073690000
2022-01-31,SWAPTION/RATE_NVOL/USD/7Y/7Y/Smile/0.005,0.0075720000
2022-01-31,SWAPTION/RATE_NVOL/USD/7Y/7Y/Smile/0.01,0.0081630000
2022-01-31,SWAPTION/RATE_NVOL/USD/7Y/7Y/Smile/0.015,0.0089200000
2022-01-31,SWAPTION/RATE_NVOL/USD/7Y/7Y/Smile/0.02,0.0097620000
2022-01-31,SWAPTION/RATE_NVOL/USD/7Y/8Y/ATM,0.0071700000
2022-01-31,SWAPTION/RATE_NVOL/USD/7Y/8Y/Smile/-0.0025,0.0071090000
2022-01-31,SWAPTION/RATE_NVOL/USD/7Y/8Y/Smile/-0.005,0.0071070000
2022-01-31,SWAPTION/RATE_NVOL/USD/7Y/8Y/Smile/-0.01,0.0071930000
2022-01-31,SWAPTION/RATE_NVOL/USD/7Y/8Y/Smile/-0.015,0.0072040000
2022-01-31,SWAPTION/RATE_NVOL/USD/7Y/8Y/Smile/-0.02,0.0063730000
2022-01-31,SWAPTION/RATE_NVOL/USD/7Y/8Y/Smile/0.0025,0.0073020000
2022-01-31,SWAPTION/RATE_NVOL/USD/7Y/8Y/Smile/0.005,0.0075060000
2022-01-31,SWAPTION/RATE_NVOL/USD/7Y/8Y/Smile/0.01,0.0080990000
2022-01-31,SWAPTION/RATE_NVOL/USD/7Y/8Y/Smile/0.015,0.0088540000
2022-01-31,SWAPTION/RATE_NVOL/USD/7Y/8Y/Smile/0.02,0.0096920000
2022-01-31,SWAPTION/RATE_NVOL/USD/7Y/9Y/ATM,0.0071000000
2022-01-31,SWAPTION/RATE_NVOL/USD/7Y/9Y/Smile/-0.0025,0.0070370000
2022-01-31,SWAPTION/RATE_NVOL/USD/7Y/9Y/Smile/-0.005,0.0070330000
2022-01-31,SWAPTION/RATE_NVOL/USD/7Y/9Y/Smile/-0.01,0.0071180000
2022-01-31,SWAPTION/RATE_NVOL/USD/7Y/9Y/Smile/-0.015,0.0071340000
2022-01-31,SWAPTION/RATE_NVOL/USD/7Y/9Y/Smile/-0.02,0.0063420000
2022-01-31,SWAPTION/RATE_NVOL/USD/7Y/9Y/Smile/0.0025,0.0072340000
2022-01-31,SWAPTION/RATE_NVOL/USD/7Y/9Y/Smile/0.005,0.0074400000
2022-01-31,SWAPTION/RATE_NVOL/USD/7Y/9Y/Smile/0.01,0.0080340000
2022-01-31,SWAPTION/RATE_NVOL/USD/7Y/9Y/Smile/0.015,0.0087870000
2022-01-31,SWAPTION/RATE_NVOL/USD/7Y/9Y/Smile/0.02,0.0096220000
