#Portfolio,RiskClass,RiskType,Quantile_0.010000,Quantile_0.050000,Quantile_0.950000,Quantile_0.990000,ExpectedShortfall_0.010000,ExpectedShortfall_0.050000,ExpectedShortfall_0.950000,ExpectedShortfall_0.990000
All,All,All,-874503.346996,-629899.117052,552878.307798,846747.819325,-949845.987415,-777808.702398,-46660.238115,-19301.225679
All,All,DeltaGamma,-874503.346996,-629899.117052,552878.307798,846747.819325,-949845.987415,-777808.702398,-46660.238115,-19301.225679
All,InterestRate,All,-63274.845054,-47022.474291,75704.158273,103062.448727,-68496.179457,-56659.032043,2840.589295,6221.911416
All,InterestRate,DeltaGamma,-63274.845054,-47022.474291,75704.158273,103062.448727,-68496.179457,-56659.032043,2840.589295,6221.911416
All,FX,All,-884244.095663,-636898.798448,534980.406779,806008.993809,-955311.193585,-776950.293297,-53409.959864,-26518.158997
All,FX,DeltaGamma,-884244.095663,-636898.798448,534980.406779,806008.993809,-955311.193585,-776950.293297,-53409.959864,-26518.158997
