tenor,eigenvector_1,eigenvector_2
1,0.353553390593,-0.537955502871
2,0.353553390593,-0.374924478795
3,0.353553390593,-0.252916811525
5,0.353553390593,-0.087587539893
10,0.353553390593,0.12267800393
15,0.353553390593,0.240659435416
20,0.353553390593,0.339148675322
30,0.353553390593,0.552478951238
