tenor,eigenvector_1,eigenvector_2,eigenvector_3,eigenvector_4,eigenvector_5,eigenvector_6,eigenvector_7,eigenvector_8
1,0.34688826736335926,0.5441204725042812,-0.7162928096427604,-0.18824933629210716,0.07667583806483486,0.15883707598894636,-0.05093422377599116,-22.037222890874084605
2,0.3489303472083185,0.380259707350115,0.30338470098913023,0.7202196074064487,0.30449210462836473,0.02154516769559326,0.12359837225747472,-0.12014746947116296
3,0.350362134519783,0.2581408080614405,0.3170200516454366,-0.06540347373613303,-0.8253045782985983,0.056856275362015554,-0.1460912479060546,0.011288696390914147
5,0.3523983915961889,0.09230899007104967,0.14863004835845778,-0.3408076358893348,0.16822935648546225,-0.7788107077791129,0.24424508872473746,0.1858784271544541
10,0.3550169593982022,-0.11856777284904292,0.25297249364496394,-0.1985269013338191,0.35568043698156954,0.2845306445149841,-0.5835663493880946,0.4565968504284933
15,0.35647835947136625,-0.23676104168229614,0.13050870809667844,-0.2621927397718947,0.06059343675959671,0.5015666946933093,0.68981128700444,-0.003083373762518718
20,0.3577146190751303,-0.3354486339442275,0.0012756265813915,-0.11657772781440816,0.09096067084644714,-0.08986886622707967,-0.29078060599722405,-0.8031306579194182
30,0.36042236352102563,-0.549124709243042,-0.4373333934040627,0.4512982555594259,-0.23134958236687833,-0.15467573963030473,0.013717671149075373,0.3098253910220649
