tenor,eigenvector_1,eigenvector_2,eigenvector_3,eigenvector_4,eigenvector_5,eigenvector_6,eigenvector_7,eigenvector_8
1,0.32517346750021536,0.5179936385116239,0.4281548137143078,0.48562056489157,-0.4275810398068035,0.07290966298829041,-0.1276103687409309,-0.0487355945286317
2,0.32792012325259196,0.3852433335917985,0.1645389928769375,-0.21274279569150506,0.6912622608966851,0.4225063704593883,0.020332954222652532,0.12228987670588347
3,0.33018414759115566,0.2868041761307863,-0.036797229075635735,-0.2922316829049018,0.13296722473712905,-0.8216017358934634,-0.0891981300215008,-0.1459534138008791
5,0.3347251905713447,0.14892536785469232,-0.27548334187928536,-0.3531262993282425,-0.4335274336305609,0.1427830938193926,0.6311219555926678,0.24195672389697417
10,0.34594663046682406,-0.04314631127238847,-0.4394154661393885,-0.16663735823652875,-0.16963787821647922,0.3255474316868843,-0.4239500107306766,-0.5857590050669627
15,0.3589254842733371,-0.1713564680596849,-0.36076418209376654,0.2402280545057812,0.012026982887980521,-0.06047990274167488,-0.41587543022519896,0.690792518742591
20,0.37480267201302364,-0.294458868390293,-0.1616121644152117,0.5837191274267355,0.30448407535147637,-0.1032365727738509,0.4692964270092,-0.28698944575884017
30,0.42033851469508365,-0.60075294027733,0.6025031360453118,-0.2874196983673052,-0.1098745298389078,0.02143326360399716,-0.06407662650920956,0.012398173146742133
