number,value
1,0.00013434745870047313
2,1.206245714067424e-05
3,5.054957339221521e-07
4,3.902617091428689e-09
5,4.0584315798173636e-10
6,1.462283995271885e-10
7,1.3613717673349146e-11
8,1.7081908221329453e-13
