number,value
1,4.9144936649319285e-05
2,8.84687764106742e-06
3,5.825660394677913e-10
4,2.1298948225530992e-10
5,9.25491394908911e-11
6,1.0861256213033389e-11
7,8.47879564761676e-14
8,9.74468068900696e-13
