tenor,eigenvector_1,eigenvector_2,eigenvector_3,eigenvector_4,eigenvector_5,eigenvector_6,eigenvector_7,eigenvector_8
1,0.3468882673633592,0.5441204725042814,-0.7162928096414872,-0.1882493362976646,0.07667583807101158,0.15883707597680438,-0.050934223638160726,-0.03722289107426331
2,0.3489303472083183,0.3802597073501147,0.303384700979989,0.7202196074132738,0.30449210462704496,0.021545167690542655,0.12359837269902876,-0.12014746901881755
3,0.35036213451978304,0.2581408080614402,0.3170200516444592,-0.06540347374827953,-0.8253045782970686,0.056856275378362076,-0.14609124794352968,0.011288695841509115
5,0.352398391596189,0.09230899007104995,0.148630048369201,-0.3408076358732486,0.16822935646148965,-0.7788107077459349,0.24424508805677458,0.18587842811970676
10,0.3550169593982024,-0.11856777284904305,0.2529724936473691,-0.1985269013373156,0.3556804369784893,0.28453064446534065,-0.5835663511325155,0.4565968483068695
15,0.3564783594713663,-0.2367610416822962,0.13050870809701687,-0.2621927397656222,0.06059343678134049,0.5015666947685976,0.6898112869963422,-0.003083371338468231
20,0.35771461907513036,-0.3354486339442273,0.0012756265807477342,-0.11657772782018276,0.09096067086119304,-0.08986886631436894,-0.2907806029494172,-0.8031306589531942
30,0.36042236352102586,-0.5491247092430419,-0.43733339340805666,0.45129825555721753,-0.23134958238270048,-0.1546757396009913,0.013717669979824964,0.3098253910854005
