#Portfolio,RiskClass,RiskType,PLDate1,PLDate2,PLAmount
All,All,All,2016-12-30,2017-01-17,-523963.737380
All,All,All,2017-01-03,2017-01-18,-614357.545241
All,All,All,2017-01-04,2017-01-19,-481051.158865
All,All,All,2017-01-05,2017-01-20,-220912.177407
All,All,All,2017-01-06,2017-01-23,-606642.559652
All,All,All,2017-01-09,2017-01-24,-389849.611086
All,All,All,2017-01-10,2017-01-25,-476417.626399
All,All,All,2017-01-11,2017-01-26,-249574.490441
All,All,All,2017-01-12,2017-01-27,-195316.457115
All,All,All,2017-01-13,2017-01-30,-110135.234233
All,All,All,2017-01-17,2017-01-31,-141681.869939
All,All,All,2017-01-18,2017-02-01,-321879.845372
All,All,All,2017-01-19,2017-02-02,-188077.977801
All,All,All,2017-01-20,2017-02-03,-159926.377603
All,All,All,2017-01-23,2017-02-06,116970.818059
All,All,All,2017-01-24,2017-02-07,177230.988100
All,All,All,2017-01-25,2017-02-08,168528.806767
All,All,All,2017-01-26,2017-02-09,129390.926270
All,All,All,2017-01-27,2017-02-10,203278.884165
All,All,All,2017-01-30,2017-02-13,305819.378386
All,All,All,2017-01-31,2017-02-14,644251.162030
All,All,All,2017-02-01,2017-02-15,515605.183302
All,All,All,2017-02-02,2017-02-16,274800.198524
All,All,All,2017-02-03,2017-02-17,488293.026445
All,All,All,2017-02-06,2017-02-21,622133.823174
All,All,All,2017-02-07,2017-02-22,381268.926361
All,All,All,2017-02-08,2017-02-23,369179.040875
All,All,All,2017-02-09,2017-02-24,272680.754868
All,All,All,2017-02-10,2017-02-27,210955.465358
All,All,All,2017-02-13,2017-02-28,131414.843706
All,All,All,2017-02-14,2017-03-01,167383.814189
All,All,All,2017-02-15,2017-03-02,409200.492143
All,All,All,2017-02-16,2017-03-03,265824.632307
All,All,All,2017-02-17,2017-03-06,211526.880128
All,All,All,2017-02-21,2017-03-07,49710.203735
All,All,All,2017-02-22,2017-03-08,184123.132712
All,All,All,2017-02-23,2017-03-09,155004.968071
All,All,All,2017-02-24,2017-03-10,-130177.537271
All,All,All,2017-02-27,2017-03-13,-28721.366399
All,All,All,2017-02-28,2017-03-14,29601.842839
All,All,All,2017-03-01,2017-03-15,-396067.268160
All,All,All,2017-03-02,2017-03-16,-733179.039193
All,All,All,2017-03-03,2017-03-17,-342062.172917
All,All,All,2017-03-06,2017-03-20,-444716.525125
All,All,All,2017-03-07,2017-03-21,-684287.102869
All,All,All,2017-03-08,2017-03-22,-688354.827040
All,All,All,2017-03-09,2017-03-23,-569009.869049
All,All,All,2017-03-10,2017-03-24,-377799.695738
All,All,All,2017-03-13,2017-03-27,-564700.393125
All,All,All,2017-03-14,2017-03-28,-523242.006717
All,All,All,2017-03-15,2017-03-29,-77300.306689
All,All,All,2017-03-16,2017-03-30,335667.816228
All,All,All,2017-03-17,2017-03-31,329254.603306
All,All,All,2017-03-20,2017-04-03,290738.220126
All,All,All,2017-03-21,2017-04-04,495960.358874
All,All,All,2017-03-22,2017-04-05,476765.442362
All,All,All,2017-03-23,2017-04-06,508348.276179
All,All,All,2017-03-24,2017-04-07,673260.159172
All,All,All,2017-03-27,2017-04-10,758770.711488
All,All,All,2017-03-28,2017-04-11,611453.577171
All,All,All,2017-03-29,2017-04-12,284421.466804
All,All,All,2017-03-30,2017-04-13,200257.405226
All,All,All,2017-04-04,2017-04-18,-168963.358598
All,All,All,2017-04-05,2017-04-19,-142066.568994
All,All,All,2017-04-06,2017-04-20,-233306.332119
All,All,All,2017-04-07,2017-04-21,-399348.200989
All,All,All,2017-04-10,2017-04-24,-699930.332540
All,All,All,2017-04-11,2017-04-25,-835092.727390
All,All,All,2017-04-12,2017-04-26,-601983.918652
All,All,All,2017-04-13,2017-04-27,-692079.929586
All,All,All,2017-04-18,2017-05-02,-495568.293474
All,All,All,2017-04-19,2017-05-03,-443399.928223
All,All,All,2017-04-20,2017-05-04,-673861.761790
All,All,All,2017-04-21,2017-05-05,-676171.872375
All,All,All,2017-04-24,2017-05-08,-148412.738920
All,All,All,2017-04-25,2017-05-09,143390.931228
All,All,All,2017-04-26,2017-05-10,97061.957889
All,All,All,2017-04-27,2017-05-11,46246.480262
All,All,All,2017-04-28,2017-05-12,-80770.483103
All,All,All,2017-05-02,2017-05-16,-401412.161569
All,All,All,2017-05-03,2017-05-17,-726078.757378
All,All,All,2017-05-04,2017-05-18,-360245.936388
All,All,All,2017-05-05,2017-05-19,-535044.151063
All,All,All,2017-05-08,2017-05-22,-815855.203882
All,All,All,2017-05-09,2017-05-23,-837327.006523
All,All,All,2017-05-10,2017-05-24,-903841.432445
All,All,All,2017-05-11,2017-05-25,-884515.462257
All,All,All,2017-05-12,2017-05-26,-640064.584343
All,All,All,2017-05-15,2017-05-30,-540647.672324
All,All,All,2017-05-16,2017-05-31,-414658.767828
All,All,All,2017-05-17,2017-06-01,-86561.563868
All,All,All,2017-05-18,2017-06-02,-410074.593281
All,All,All,2017-05-19,2017-06-05,-124564.413694
All,All,All,2017-05-22,2017-06-06,-92963.018625
All,All,All,2017-05-23,2017-06-07,-154294.978557
All,All,All,2017-05-24,2017-06-08,40692.916440
All,All,All,2017-05-25,2017-06-09,31696.270621
All,All,All,2017-05-26,2017-06-12,-35025.309161
All,All,All,2017-05-30,2017-06-13,-33316.358214
All,All,All,2017-05-31,2017-06-14,101188.044224
All,All,All,2017-06-01,2017-06-15,166533.015923
All,All,All,2017-06-02,2017-06-16,271652.890854
All,All,All,2017-06-05,2017-06-19,342714.699745
All,All,All,2017-06-06,2017-06-20,445326.588395
All,All,All,2017-06-07,2017-06-21,298095.497143
All,All,All,2017-06-08,2017-06-22,217556.419915
All,All,All,2017-06-09,2017-06-23,58941.489909
All,All,All,2017-06-12,2017-06-26,85769.718059
All,All,All,2017-06-13,2017-06-27,-301210.119883
All,All,All,2017-06-14,2017-06-28,-374686.562511
All,All,All,2017-06-15,2017-06-29,-709138.808840
All,All,All,2017-06-16,2017-06-30,-566657.513974
All,All,All,2017-06-19,2017-07-03,-531566.497776
All,All,All,2017-06-20,2017-07-05,-534338.898466
All,All,All,2017-06-21,2017-07-06,-629344.761313
All,All,All,2017-06-22,2017-07-07,-604913.451869
All,All,All,2017-06-23,2017-07-10,-481773.050126
All,All,All,2017-06-26,2017-07-11,-670140.856511
All,All,All,2017-06-27,2017-07-12,-114059.205180
All,All,All,2017-06-28,2017-07-13,12531.211977
All,All,All,2017-06-29,2017-07-14,-26122.120822
All,All,All,2017-06-30,2017-07-17,-73837.256763
All,All,All,2017-07-03,2017-07-18,-423346.709831
All,All,All,2017-07-05,2017-07-19,-355676.681218
All,All,All,2017-07-06,2017-07-20,-470409.829465
All,All,All,2017-07-07,2017-07-21,-625631.489059
All,All,All,2017-07-10,2017-07-24,-575752.818554
All,All,All,2017-07-11,2017-07-25,-409270.256089
All,All,All,2017-07-12,2017-07-26,-784417.305441
All,All,All,2017-07-13,2017-07-27,-686610.424137
All,All,All,2017-07-14,2017-07-28,-673476.813568
All,All,All,2017-07-17,2017-07-31,-891200.269547
All,All,All,2017-07-18,2017-08-01,-582293.912897
All,All,All,2017-07-19,2017-08-02,-828558.981838
All,All,All,2017-07-20,2017-08-03,-579138.688274
All,All,All,2017-07-21,2017-08-04,-260364.223400
All,All,All,2017-07-24,2017-08-07,-383589.358356
All,All,All,2017-07-25,2017-08-08,-247660.106330
All,All,All,2017-07-26,2017-08-09,-64326.916446
All,All,All,2017-07-27,2017-08-10,-246931.468929
All,All,All,2017-07-28,2017-08-11,-186344.290902
All,All,All,2017-07-31,2017-08-14,156499.925164
All,All,All,2017-08-01,2017-08-15,140957.188952
All,All,All,2017-08-02,2017-08-16,222153.734260
All,All,All,2017-08-03,2017-08-17,387356.481671
All,All,All,2017-08-04,2017-08-18,23694.666686
All,All,All,2017-08-07,2017-08-21,-4306.346508
All,All,All,2017-08-08,2017-08-22,-7075.783629
All,All,All,2017-08-09,2017-08-23,-85118.760944
All,All,All,2017-08-10,2017-08-24,-19260.782315
All,All,All,2017-08-11,2017-08-25,-223570.052764
All,All,All,2017-08-15,2017-08-29,-569320.673161
All,All,All,2017-08-16,2017-08-30,-317262.136815
All,All,All,2017-08-17,2017-08-31,-494700.377542
All,All,All,2017-08-18,2017-09-01,-234079.339140
All,All,All,2017-08-21,2017-09-05,-291678.596548
All,All,All,2017-08-22,2017-09-06,-409988.023717
All,All,All,2017-08-23,2017-09-07,-553440.964965
All,All,All,2017-08-24,2017-09-08,-593479.522578
All,All,All,2017-08-25,2017-09-11,-67469.626370
All,All,All,2017-08-29,2017-09-13,230402.814266
All,All,All,2017-08-30,2017-09-14,-25041.871280
All,All,All,2017-08-31,2017-09-15,-12523.058048
All,All,All,2017-09-01,2017-09-18,-193817.342261
All,All,All,2017-09-05,2017-09-19,-130506.623662
All,All,All,2017-09-06,2017-09-20,108317.229857
All,All,All,2017-09-07,2017-09-21,240229.861247
All,All,All,2017-09-08,2017-09-22,249549.861550
All,All,All,2017-09-11,2017-09-25,292703.431488
All,All,All,2017-09-12,2017-09-26,453647.578826
All,All,All,2017-09-13,2017-09-27,393248.846645
All,All,All,2017-09-14,2017-09-28,343300.540840
All,All,All,2017-09-15,2017-09-29,331269.036094
All,All,All,2017-09-18,2017-10-02,581481.416327
All,All,All,2017-09-19,2017-10-03,666773.768255
All,All,All,2017-09-20,2017-10-04,388452.200131
All,All,All,2017-09-21,2017-10-05,644459.653445
All,All,All,2017-09-22,2017-10-06,581586.192493
All,All,All,2017-09-25,2017-10-10,178178.982293
All,All,All,2017-09-26,2017-10-11,-105801.176162
All,All,All,2017-09-27,2017-10-12,-176446.914478
All,All,All,2017-09-28,2017-10-13,-44518.353465
All,All,All,2017-09-29,2017-10-16,93550.334869
All,All,All,2017-10-02,2017-10-17,-29653.534592
All,All,All,2017-10-03,2017-10-18,-61208.965503
All,All,All,2017-10-04,2017-10-19,-206889.469374
All,All,All,2017-10-05,2017-10-20,-167007.186655
All,All,All,2017-10-06,2017-10-23,-15073.270154
All,All,All,2017-10-10,2017-10-24,119797.125575
All,All,All,2017-10-11,2017-10-25,140860.057128
All,All,All,2017-10-12,2017-10-26,483541.990395
All,All,All,2017-10-13,2017-10-27,553535.781039
All,All,All,2017-10-16,2017-10-30,382563.027322
All,All,All,2017-10-17,2017-10-31,305728.867724
All,All,All,2017-10-18,2017-11-01,428193.542315
All,All,All,2017-10-19,2017-11-02,479712.554381
All,All,All,2017-10-20,2017-11-03,427392.992093
All,All,All,2017-10-23,2017-11-06,358894.587243
All,All,All,2017-10-24,2017-11-07,447867.938301
All,All,All,2017-10-25,2017-11-08,539268.813689
All,All,All,2017-10-26,2017-11-09,11952.289692
All,All,All,2017-10-27,2017-11-13,-136069.899045
All,All,All,2017-10-30,2017-11-14,-380199.062299
All,All,All,2017-10-31,2017-11-15,-368693.325606
All,All,All,2017-11-01,2017-11-16,-402543.449892
All,All,All,2017-11-02,2017-11-17,-325029.055003
All,All,All,2017-11-03,2017-11-20,-298100.867796
All,All,All,2017-11-06,2017-11-21,-312563.761432
All,All,All,2017-11-07,2017-11-22,-582250.632738
All,All,All,2017-11-08,2017-11-24,-788300.420376
All,All,All,2017-11-09,2017-11-27,-568125.719568
All,All,All,2017-11-13,2017-11-28,-384017.035247
All,All,All,2017-11-14,2017-11-29,-51488.353687
All,All,All,2017-11-15,2017-11-30,-213068.982729
All,All,All,2017-11-16,2017-12-01,-224616.870924
All,All,All,2017-11-17,2017-12-04,-124439.542448
All,All,All,2017-11-20,2017-12-05,-160700.324437
All,All,All,2017-11-21,2017-12-06,-91567.065520
All,All,All,2017-11-22,2017-12-07,177152.663071
All,All,All,2017-11-24,2017-12-08,463204.831939
All,All,All,2017-11-27,2017-12-11,349119.780513
All,All,All,2017-11-28,2017-12-12,284782.292910
All,All,All,2017-11-29,2017-12-13,55566.191380
All,All,All,2017-11-30,2017-12-14,345659.277344
All,All,All,2017-12-01,2017-12-15,344238.163235
All,All,All,2017-12-04,2017-12-18,254322.469059
All,All,All,2017-12-05,2017-12-19,6988.000758
All,All,All,2017-12-06,2017-12-20,-118074.547684
All,All,All,2017-12-07,2017-12-21,-206232.800466
All,All,All,2017-12-08,2017-12-22,-225879.034825
All,All,All,2017-12-12,2017-12-27,-336402.627018
All,All,All,2017-12-13,2017-12-28,-210102.406054
All,All,All,2017-12-14,2017-12-29,-496218.322149
All,All,All,2017-12-15,2018-01-02,-643689.778839
All,All,All,2017-12-18,2018-01-03,-518753.012234
All,All,All,2017-12-19,2018-01-04,-518664.124327
All,All,All,2017-12-20,2018-01-05,-344162.330164
All,All,All,2017-12-21,2018-01-08,-177053.903816
All,All,All,2017-12-22,2018-01-09,-116605.525048
All,All,All,2017-12-27,2018-01-11,-275715.083326
All,All,All,2017-12-28,2018-01-12,-543022.274127
All,All,All,2017-12-29,2018-01-16,-578774.101318
All,All,All,2018-01-02,2018-01-17,-290756.204337
All,All,All,2018-01-03,2018-01-18,-478200.694378
All,All,All,2018-01-04,2018-01-19,-311644.576820
All,All,All,2018-01-05,2018-01-22,-506884.277486
All,All,All,2018-01-08,2018-01-23,-732079.837100
All,All,All,2018-01-09,2018-01-24,-1043399.937730
All,All,All,2018-01-10,2018-01-25,-990755.937337
All,All,All,2018-01-11,2018-01-26,-848758.095763
All,All,All,2018-01-12,2018-01-29,-418460.165088
All,All,All,2018-01-16,2018-01-30,-281445.790503
All,All,All,2018-01-17,2018-01-31,-486077.237035
All,All,All,2018-01-18,2018-02-01,-604153.865816
All,All,All,2018-01-19,2018-02-02,-495722.698729
All,All,All,2018-01-22,2018-02-05,-188488.807857
All,All,All,2018-01-23,2018-02-06,-117888.781362
All,All,All,2018-01-24,2018-02-07,414137.965373
All,All,All,2018-01-25,2018-02-08,414538.254864
All,All,All,2018-01-26,2018-02-09,480955.318018
All,All,All,2018-01-29,2018-02-12,282560.784640
All,All,All,2018-01-30,2018-02-13,163654.815247
All,All,All,2018-01-31,2018-02-14,-45013.265628
All,All,All,2018-02-01,2018-02-15,40761.125948
All,All,All,2018-02-02,2018-02-16,155264.641145
All,All,All,2018-02-05,2018-02-20,65457.781684
All,All,All,2018-02-06,2018-02-21,225625.028177
All,All,All,2018-02-07,2018-02-22,-161386.819469
All,All,All,2018-02-08,2018-02-23,-121327.572375
All,All,All,2018-02-09,2018-02-26,-161024.032815
All,All,All,2018-02-12,2018-02-27,176627.356983
All,All,All,2018-02-13,2018-02-28,436308.393056
All,All,All,2018-02-14,2018-03-01,486000.075901
All,All,All,2018-02-15,2018-03-02,489543.196648
All,All,All,2018-02-16,2018-03-05,213627.166992
All,All,All,2018-02-20,2018-03-06,-81703.580911
All,All,All,2018-02-21,2018-03-07,-242459.044717
All,All,All,2018-02-22,2018-03-08,112775.363661
All,All,All,2018-02-23,2018-03-09,63618.173148
All,All,All,2018-02-26,2018-03-12,45775.410475
All,All,All,2018-02-27,2018-03-13,-283490.348660
All,All,All,2018-02-28,2018-03-14,-361929.413761
All,All,All,2018-03-01,2018-03-15,-18689.189626
All,All,All,2018-03-02,2018-03-16,152427.390762
All,All,All,2018-03-05,2018-03-19,59942.175792
All,All,All,2018-03-06,2018-03-20,439723.579241
All,All,All,2018-03-07,2018-03-21,240521.851232
All,All,All,2018-03-08,2018-03-22,56295.697522
All,All,All,2018-03-09,2018-03-23,-116393.037144
All,All,All,2018-03-12,2018-03-26,-246038.019042
All,All,All,2018-03-13,2018-03-27,-54009.890904
All,All,All,2018-03-14,2018-03-28,151197.184993
All,All,All,2018-03-15,2018-03-29,25166.291308
All,All,All,2018-03-20,2018-04-03,-59355.168401
All,All,All,2018-03-21,2018-04-04,142266.742856
All,All,All,2018-03-22,2018-04-05,144977.789540
All,All,All,2018-03-23,2018-04-06,186699.567149
All,All,All,2018-03-26,2018-04-09,302808.652548
All,All,All,2018-03-27,2018-04-10,120663.393478
All,All,All,2018-03-28,2018-04-11,-117704.846908
All,All,All,2018-03-29,2018-04-12,-62702.901868
All,All,All,2018-04-03,2018-04-17,-205452.742998
All,All,All,2018-04-04,2018-04-18,-198656.919805
All,All,All,2018-04-05,2018-04-19,-199815.019919
All,All,All,2018-04-06,2018-04-20,36648.149850
All,All,All,2018-04-09,2018-04-23,286523.205981
All,All,All,2018-04-10,2018-04-24,356037.534586
All,All,All,2018-04-11,2018-04-25,550988.284528
All,All,All,2018-04-12,2018-04-26,615805.992686
All,All,All,2018-04-13,2018-04-27,554222.870000
All,All,All,2018-04-16,2018-04-30,797603.098122
All,All,All,2018-04-17,2018-05-01,985104.546010
All,All,All,2018-04-18,2018-05-02,1102619.067772
All,All,All,2018-04-19,2018-05-03,952901.346573
All,All,All,2018-04-20,2018-05-04,895076.439730
All,All,All,2018-04-24,2018-05-08,1005149.686030
All,All,All,2018-04-25,2018-05-09,872493.070515
All,All,All,2018-04-26,2018-05-10,583704.160028
All,All,All,2018-04-27,2018-05-11,579611.852667
All,All,All,2018-04-30,2018-05-14,489518.201672
All,All,All,2018-05-01,2018-05-15,481171.064896
All,All,All,2018-05-02,2018-05-16,464907.482073
All,All,All,2018-05-03,2018-05-17,569033.469616
All,All,All,2018-05-04,2018-05-18,508334.464859
All,All,All,2018-05-08,2018-05-22,256278.673834
All,All,All,2018-05-09,2018-05-23,401094.641051
All,All,All,2018-05-10,2018-05-24,500492.867344
All,All,All,2018-05-11,2018-05-25,733228.246101
All,All,All,2018-05-14,2018-05-29,951155.537637
All,All,All,2018-05-15,2018-05-30,431784.172499
All,All,All,2018-05-16,2018-05-31,261136.045245
All,All,All,2018-05-17,2018-06-01,351970.753012
All,All,All,2018-05-18,2018-06-04,220738.875159
All,All,All,2018-05-21,2018-06-05,201321.567119
All,All,All,2018-05-22,2018-06-06,8270.799178
All,All,All,2018-05-23,2018-06-07,-230331.551060
All,All,All,2018-05-24,2018-06-08,-121053.579062
All,All,All,2018-05-25,2018-06-11,-309807.163274
All,All,All,2018-05-29,2018-06-12,-466340.129964
All,All,All,2018-05-30,2018-06-13,-275777.859464
All,All,All,2018-05-31,2018-06-14,398623.100120
All,All,All,2018-06-01,2018-06-15,188564.509441
All,All,All,2018-06-04,2018-06-18,241389.714371
All,All,All,2018-06-05,2018-06-19,375998.191214
All,All,All,2018-06-06,2018-06-20,627624.740851
All,All,All,2018-06-07,2018-06-21,601749.950964
All,All,All,2018-06-08,2018-06-22,391542.167140
All,All,All,2018-06-11,2018-06-25,311479.355935
All,All,All,2018-06-12,2018-06-26,367879.845215
All,All,All,2018-06-13,2018-06-27,716034.542005
All,All,All,2018-06-14,2018-06-28,79114.117406
All,All,All,2018-06-15,2018-06-29,-100110.205482
All,All,All,2018-06-18,2018-07-02,87644.483738
All,All,All,2018-06-19,2018-07-03,-22932.687396
All,All,All,2018-06-20,2018-07-05,-185607.128546
All,All,All,2018-06-21,2018-07-06,-264527.746836
All,All,All,2018-06-22,2018-07-09,-173813.188698
All,All,All,2018-06-25,2018-07-10,-21864.494126
All,All,All,2018-06-26,2018-07-11,773.796221
All,All,All,2018-06-27,2018-07-12,-225307.085823
All,All,All,2018-06-28,2018-07-13,-220286.305545
All,All,All,2018-06-29,2018-07-16,-17004.831619
All,All,All,2018-07-02,2018-07-17,-45097.073221
All,All,All,2018-07-03,2018-07-18,39800.375609
All,All,All,2018-07-05,2018-07-19,112025.740537
All,All,All,2018-07-06,2018-07-20,92213.656980
All,All,All,2018-07-09,2018-07-23,206463.879583
All,All,All,2018-07-10,2018-07-24,178450.370513
All,All,All,2018-07-11,2018-07-25,-111769.564300
All,All,All,2018-07-12,2018-07-26,86661.741211
All,All,All,2018-07-13,2018-07-27,71201.101860
All,All,All,2018-07-16,2018-07-30,10862.878428
All,All,All,2018-07-17,2018-07-31,-59018.792212
All,All,All,2018-07-18,2018-08-01,-39303.454469
All,All,All,2018-07-19,2018-08-02,173666.254123
All,All,All,2018-07-20,2018-08-03,390243.924999
All,All,All,2018-07-23,2018-08-06,371634.463809
All,All,All,2018-07-24,2018-08-07,234757.500123
All,All,All,2018-07-25,2018-08-08,291561.142010
All,All,All,2018-07-26,2018-08-09,306903.459625
All,All,All,2018-07-27,2018-08-10,638739.933412
All,All,All,2018-07-30,2018-08-13,767008.034387
All,All,All,2018-07-31,2018-08-14,909792.987124
All,All,All,2018-08-01,2018-08-15,836518.182091
All,All,All,2018-08-02,2018-08-16,536832.465738
All,All,All,2018-08-03,2018-08-17,340764.776945
All,All,All,2018-08-06,2018-08-20,160168.989840
All,All,All,2018-08-07,2018-08-21,73834.276828
All,All,All,2018-08-08,2018-08-22,60244.223133
All,All,All,2018-08-09,2018-08-23,-31757.395526
All,All,All,2018-08-10,2018-08-24,-525583.252635
All,All,All,2018-08-14,2018-08-28,-890679.135186
All,All,All,2018-08-15,2018-08-29,-939655.619190
All,All,All,2018-08-16,2018-08-30,-777738.308062
All,All,All,2018-08-17,2018-08-31,-433411.407315
All,All,All,2018-08-20,2018-09-04,-225935.492066
All,All,All,2018-08-21,2018-09-05,-129496.895440
All,All,All,2018-08-22,2018-09-06,-59091.433172
All,All,All,2018-08-23,2018-09-07,-6736.393718
All,All,All,2018-08-24,2018-09-10,125476.327129
All,All,All,2018-08-28,2018-09-12,246002.934459
All,All,All,2018-08-29,2018-09-13,146839.478983
All,All,All,2018-08-30,2018-09-14,205888.351180
All,All,All,2018-08-31,2018-09-17,-116855.439756
All,All,All,2018-09-04,2018-09-18,-156501.641166
All,All,All,2018-09-05,2018-09-19,-60709.853326
All,All,All,2018-09-06,2018-09-20,-327450.589472
All,All,All,2018-09-07,2018-09-21,-470561.247267
All,All,All,2018-09-10,2018-09-24,-383355.504794
All,All,All,2018-09-11,2018-09-25,-418880.955736
All,All,All,2018-09-12,2018-09-26,-280174.897122
All,All,All,2018-09-13,2018-09-27,99797.042609
All,All,All,2018-09-14,2018-09-28,49696.253963
All,All,All,2018-09-17,2018-10-01,264798.817666
All,All,All,2018-09-18,2018-10-02,302667.486091
All,All,All,2018-09-19,2018-10-03,524156.830228
All,All,All,2018-09-20,2018-10-04,713653.635757
All,All,All,2018-09-21,2018-10-05,641599.045234
All,All,All,2018-09-24,2018-10-09,722906.486653
All,All,All,2018-09-25,2018-10-10,708882.438177
All,All,All,2018-09-26,2018-10-11,414658.443831
All,All,All,2018-09-27,2018-10-12,239000.717874
All,All,All,2018-09-28,2018-10-15,141506.902528
All,All,All,2018-10-01,2018-10-16,68325.938421
All,All,All,2018-10-02,2018-10-17,152248.811479
All,All,All,2018-10-03,2018-10-18,83964.183421
All,All,All,2018-10-04,2018-10-19,23367.801156
All,All,All,2018-10-05,2018-10-22,187439.600971
All,All,All,2018-10-09,2018-10-23,77510.146130
All,All,All,2018-10-10,2018-10-24,366706.615458
All,All,All,2018-10-11,2018-10-25,622681.493601
All,All,All,2018-10-12,2018-10-26,460076.094141
All,All,All,2018-10-15,2018-10-29,536354.031787
All,All,All,2018-10-16,2018-10-30,578623.559002
All,All,All,2018-10-17,2018-10-31,523042.709353
All,All,All,2018-10-18,2018-11-01,129667.984213
All,All,All,2018-10-19,2018-11-02,334018.594963
All,All,All,2018-10-22,2018-11-05,167459.766341
All,All,All,2018-10-23,2018-11-06,127098.186592
All,All,All,2018-10-24,2018-11-07,-73026.528923
All,All,All,2018-10-25,2018-11-08,37578.652824
All,All,All,2018-10-26,2018-11-09,201846.126646
All,All,All,2018-10-29,2018-11-13,251728.983443
All,All,All,2018-10-30,2018-11-14,139122.074694
All,All,All,2018-10-31,2018-11-15,12370.370307
All,All,All,2018-11-01,2018-11-16,22206.577172
All,All,All,2018-11-02,2018-11-19,-97066.637010
All,All,All,2018-11-05,2018-11-20,164292.469433
All,All,All,2018-11-06,2018-11-21,181924.747042
All,All,All,2018-11-07,2018-11-23,289083.503139
All,All,All,2018-11-08,2018-11-26,166454.376890
All,All,All,2018-11-09,2018-11-27,201714.011041
All,All,All,2018-11-13,2018-11-28,-126367.214660
All,All,All,2018-11-14,2018-11-29,-132805.516537
All,All,All,2018-11-15,2018-11-30,72233.683289
All,All,All,2018-11-16,2018-12-03,215614.576544
All,All,All,2018-11-19,2018-12-04,303314.680573
All,All,All,2018-11-20,2018-12-05,87093.894812
All,All,All,2018-11-21,2018-12-06,78086.673782
All,All,All,2018-11-23,2018-12-07,-44934.704719
All,All,All,2018-11-26,2018-12-10,-34499.443457
All,All,All,2018-11-27,2018-12-11,-23194.523448
All,All,All,2018-11-28,2018-12-12,61362.415910
All,All,All,2018-11-29,2018-12-13,133352.761350
All,All,All,2018-11-30,2018-12-14,91311.405801
All,All,All,2018-12-03,2018-12-17,65533.099319
All,All,All,2018-12-04,2018-12-18,18942.995404
All,All,All,2018-12-05,2018-12-19,-76052.249892
All,All,All,2018-12-06,2018-12-20,-200068.697876
All,All,All,2018-12-07,2018-12-21,4837.517667
All,All,All,2018-12-10,2018-12-24,-117281.136034
All,All,All,2018-12-12,2018-12-27,-157289.891151
All,All,All,2018-12-13,2018-12-28,-218987.610506
All,All,All,2018-12-14,2018-12-31,-426941.681678
All,All,All,2018-12-17,2019-01-02,24345.115990
All,All,All,2018-12-18,2019-01-03,-122195.754000
All,All,All,2018-12-19,2019-01-04,-30618.308818
All,All,All,2018-12-20,2019-01-07,-52689.626199
All,All,All,2018-12-21,2019-01-08,-179839.985427
All,All,All,2018-12-24,2019-01-09,-339680.184138
All,All,All,2018-12-27,2019-01-11,-106377.688810
All,All,All,2018-12-28,2019-01-14,-64872.850159
All,All,All,2018-12-31,2019-01-15,165404.487949
All,All,All,2019-01-02,2019-01-16,-127611.147072
All,All,All,2019-01-03,2019-01-17,54823.202025
All,All,All,2019-01-04,2019-01-18,141693.651689
All,All,All,2019-01-07,2019-01-22,324415.747385
All,All,All,2019-01-08,2019-01-23,187924.495844
All,All,All,2019-01-09,2019-01-24,609148.234316
All,All,All,2019-01-10,2019-01-25,238006.478131
All,All,All,2019-01-11,2019-01-28,90973.909464
All,All,All,2019-01-14,2019-01-29,72371.384843
All,All,All,2019-01-15,2019-01-30,-205355.759669
All,All,All,2019-01-16,2019-01-31,-144440.597623
All,All,All,2019-01-17,2019-02-01,-193562.073317
All,All,All,2019-01-18,2019-02-04,-245121.114177
All,All,All,2019-01-22,2019-02-05,-154048.600209
All,All,All,2019-01-23,2019-02-06,52037.163410
All,All,All,2019-01-24,2019-02-07,-97128.686585
All,All,All,2019-01-25,2019-02-08,207264.831950
All,All,All,2019-01-28,2019-02-11,413619.505023
All,All,All,2019-01-29,2019-02-12,311262.780684
All,All,All,2019-01-30,2019-02-13,611397.570037
All,All,All,2019-01-31,2019-02-14,423667.171036
All,All,All,2019-02-01,2019-02-15,453443.962832
All,All,All,2019-02-04,2019-02-19,298047.472631
All,All,All,2019-02-05,2019-02-20,244675.151330
All,All,All,2019-02-06,2019-02-21,127284.604146
All,All,All,2019-02-07,2019-02-22,56778.143710
All,All,All,2019-02-08,2019-02-25,-25034.312620
All,All,All,2019-02-11,2019-02-26,-265452.568887
All,All,All,2019-02-12,2019-02-27,-58253.330490
All,All,All,2019-02-13,2019-02-28,-247739.792502
All,All,All,2019-02-14,2019-03-01,-185915.569559
All,All,All,2019-02-15,2019-03-04,-92975.755631
All,All,All,2019-02-19,2019-03-05,109547.582458
All,All,All,2019-02-20,2019-03-06,100692.596511
All,All,All,2019-02-21,2019-03-07,375745.525372
All,All,All,2019-02-22,2019-03-08,284831.658957
All,All,All,2019-02-25,2019-03-11,300675.349644
All,All,All,2019-02-26,2019-03-12,304542.561758
All,All,All,2019-02-27,2019-03-13,132366.233457
All,All,All,2019-02-28,2019-03-14,199268.207065
All,All,All,2019-03-01,2019-03-15,174181.038721
All,All,All,2019-03-04,2019-03-18,52338.562563
All,All,All,2019-03-05,2019-03-19,-73695.957173
All,All,All,2019-03-06,2019-03-20,-236778.739975
All,All,All,2019-03-07,2019-03-21,-430295.424317
All,All,All,2019-03-08,2019-03-22,-153814.759206
All,All,All,2019-03-11,2019-03-25,-123828.138143
All,All,All,2019-03-12,2019-03-26,111137.565895
All,All,All,2019-03-13,2019-03-27,273083.119820
All,All,All,2019-03-14,2019-03-28,258384.029574
All,All,All,2019-03-15,2019-03-29,340552.823523
All,All,All,2019-03-18,2019-04-01,369778.816241
All,All,All,2019-03-19,2019-04-02,413639.677054
All,All,All,2019-03-20,2019-04-03,483946.867403
All,All,All,2019-03-21,2019-04-04,413057.422550
All,All,All,2019-03-22,2019-04-05,261625.228926
All,All,All,2019-03-25,2019-04-08,128977.987443
All,All,All,2019-03-26,2019-04-09,-11771.650533
All,All,All,2019-03-27,2019-04-10,-97065.352296
All,All,All,2019-03-28,2019-04-11,-78860.818571
All,All,All,2019-03-29,2019-04-12,-241384.493186
All,All,All,2019-04-01,2019-04-15,-260159.057994
All,All,All,2019-04-02,2019-04-16,-187687.457263
All,All,All,2019-04-03,2019-04-17,-153137.314643
All,All,All,2019-04-04,2019-04-18,24140.726689
All,All,All,2019-04-09,2019-04-23,122002.624684
All,All,All,2019-04-10,2019-04-24,338051.642559
All,All,All,2019-04-11,2019-04-25,340180.586157
All,All,All,2019-04-12,2019-04-26,430837.436816
All,All,All,2019-04-15,2019-04-29,336173.302806
All,All,All,2019-04-16,2019-04-30,170471.464360
All,All,All,2019-04-17,2019-05-01,262904.953104
All,All,All,2019-04-18,2019-05-02,100903.888975
All,All,All,2019-04-23,2019-05-07,95372.644892
All,All,All,2019-04-24,2019-05-08,-103200.456522
All,All,All,2019-04-25,2019-05-09,-243459.172773
All,All,All,2019-04-26,2019-05-10,-259974.437391
All,All,All,2019-04-29,2019-05-13,-128802.508136
All,All,All,2019-04-30,2019-05-14,-25931.837713
All,All,All,2019-05-01,2019-05-15,-39153.757855
All,All,All,2019-05-02,2019-05-16,-6637.216058
All,All,All,2019-05-03,2019-05-17,108987.065039
All,All,All,2019-05-07,2019-05-21,64071.859682
All,All,All,2019-05-08,2019-05-22,98841.639332
All,All,All,2019-05-09,2019-05-23,98879.579318
All,All,All,2019-05-10,2019-05-24,91764.141731
All,All,All,2019-05-13,2019-05-28,200656.307072
All,All,All,2019-05-14,2019-05-29,260304.768198
All,All,All,2019-05-15,2019-05-30,236982.185160
All,All,All,2019-05-16,2019-05-31,15314.479372
All,All,All,2019-05-17,2019-06-03,-195490.465287
All,All,All,2019-05-20,2019-06-04,-171016.566250
All,All,All,2019-05-21,2019-06-05,-127385.655738
All,All,All,2019-05-22,2019-06-06,-304321.013317
All,All,All,2019-05-23,2019-06-07,-367669.170197
All,All,All,2019-05-24,2019-06-10,-250375.417748
All,All,All,2019-05-28,2019-06-11,-420745.532181
All,All,All,2019-05-29,2019-06-12,-391106.992668
All,All,All,2019-05-30,2019-06-13,-371701.199992
All,All,All,2019-05-31,2019-06-14,-53703.213548
All,All,All,2019-06-03,2019-06-17,94740.518459
All,All,All,2019-06-04,2019-06-18,179668.810881
All,All,All,2019-06-05,2019-06-19,13084.141194
All,All,All,2019-06-06,2019-06-20,-5674.903903
All,All,All,2019-06-07,2019-06-21,-57566.050297
All,All,All,2019-06-10,2019-06-24,-192097.508005
All,All,All,2019-06-11,2019-06-25,-68985.933251
All,All,All,2019-06-12,2019-06-26,-192930.429121
All,All,All,2019-06-13,2019-06-27,-214050.112805
All,All,All,2019-06-14,2019-06-28,-395223.177845
All,All,All,2019-06-17,2019-07-01,-165889.083852
All,All,All,2019-06-18,2019-07-02,-241204.043504
All,All,All,2019-06-19,2019-07-03,-124595.636606
All,All,All,2019-06-20,2019-07-05,172884.769257
All,All,All,2019-06-21,2019-07-08,401099.082269
All,All,All,2019-06-24,2019-07-09,502166.634077
All,All,All,2019-06-25,2019-07-10,302041.345810
All,All,All,2019-06-26,2019-07-11,312522.981944
All,All,All,2019-06-27,2019-07-12,265318.191485
All,All,All,2019-06-28,2019-07-15,315125.561535
All,All,All,2019-07-01,2019-07-16,224338.540738
All,All,All,2019-07-02,2019-07-17,220675.515907
All,All,All,2019-07-03,2019-07-18,22672.661637
All,All,All,2019-07-05,2019-07-19,27752.590079
All,All,All,2019-07-08,2019-07-22,36813.533382
All,All,All,2019-07-09,2019-07-23,177830.609575
All,All,All,2019-07-10,2019-07-24,318056.728732
All,All,All,2019-07-11,2019-07-25,305097.702969
All,All,All,2019-07-12,2019-07-26,393231.230634
All,All,All,2019-07-15,2019-07-29,291850.893724
All,All,All,2019-07-16,2019-07-30,130866.604284
All,All,All,2019-07-17,2019-07-31,376096.538907
All,All,All,2019-07-18,2019-08-01,524598.317521
All,All,All,2019-07-19,2019-08-02,313409.439812
All,All,All,2019-07-22,2019-08-05,26556.425068
All,All,All,2019-07-23,2019-08-06,-116247.579201
All,All,All,2019-07-24,2019-08-07,-117161.248293
All,All,All,2019-07-25,2019-08-08,-45303.909808
All,All,All,2019-07-26,2019-08-09,-151703.095531
All,All,All,2019-07-29,2019-08-12,-136766.992944
All,All,All,2019-07-30,2019-08-13,6563.184209
All,All,All,2019-07-31,2019-08-14,-139875.048174
All,All,All,2019-08-01,2019-08-15,-25744.623817
All,All,All,2019-08-02,2019-08-16,94018.214348
All,All,All,2019-08-05,2019-08-19,367809.044975
All,All,All,2019-08-06,2019-08-20,293312.148799
All,All,All,2019-08-07,2019-08-21,308919.093407
All,All,All,2019-08-08,2019-08-22,259044.010602
All,All,All,2019-08-09,2019-08-23,138278.314715
All,All,All,2019-08-13,2019-08-27,210293.048981
All,All,All,2019-08-14,2019-08-28,156591.683376
All,All,All,2019-08-15,2019-08-29,124486.762163
All,All,All,2019-08-16,2019-08-30,253855.712829
All,All,All,2019-08-19,2019-09-03,263876.373432
All,All,All,2019-08-20,2019-09-04,154072.221366
All,All,All,2019-08-21,2019-09-05,118018.707716
All,All,All,2019-08-22,2019-09-06,143322.775975
All,All,All,2019-08-23,2019-09-09,281545.069124
All,All,All,2019-08-27,2019-09-11,284125.398747
All,All,All,2019-08-28,2019-09-12,112304.089298
All,All,All,2019-08-29,2019-09-13,49298.568231
All,All,All,2019-08-30,2019-09-16,54164.225908
All,All,All,2019-09-03,2019-09-17,-158411.570895
All,All,All,2019-09-04,2019-09-18,127911.393304
All,All,All,2019-09-05,2019-09-19,98072.188628
All,All,All,2019-09-06,2019-09-20,141180.992222
All,All,All,2019-09-09,2019-09-23,258195.218491
All,All,All,2019-09-10,2019-09-24,138169.890489
All,All,All,2019-09-11,2019-09-25,230497.190524
All,All,All,2019-09-12,2019-09-26,436050.023283
All,All,All,2019-09-13,2019-09-27,391230.405302
All,All,All,2019-09-16,2019-09-30,311245.588016
All,All,All,2019-09-17,2019-10-01,397994.860706
All,All,All,2019-09-18,2019-10-02,227801.559415
All,All,All,2019-09-19,2019-10-03,248532.594836
All,All,All,2019-09-20,2019-10-04,157963.775195
All,All,All,2019-09-23,2019-10-07,131601.337799
All,All,All,2019-09-24,2019-10-08,257728.433826
All,All,All,2019-09-25,2019-10-09,11731.341439
All,All,All,2019-09-26,2019-10-10,-159702.781148
All,All,All,2019-09-27,2019-10-11,-192646.425373
All,All,All,2019-09-30,2019-10-15,-252165.568440
All,All,All,2019-10-01,2019-10-16,-265165.971877
All,All,All,2019-10-02,2019-10-17,-344033.743624
All,All,All,2019-10-03,2019-10-18,-456133.580659
All,All,All,2019-10-04,2019-10-21,-379758.931416
All,All,All,2019-10-07,2019-10-22,-362713.458091
All,All,All,2019-10-08,2019-10-23,-419747.035968
All,All,All,2019-10-09,2019-10-24,-301983.140103
All,All,All,2019-10-10,2019-10-25,-122597.559420
All,All,All,2019-10-11,2019-10-28,-109335.345398
All,All,All,2019-10-15,2019-10-29,-185343.018315
All,All,All,2019-10-16,2019-10-30,-170827.542213
All,All,All,2019-10-17,2019-10-31,-39561.493768
All,All,All,2019-10-18,2019-11-01,43565.293892
All,All,All,2019-10-21,2019-11-04,85125.928477
All,All,All,2019-10-22,2019-11-05,164799.448564
All,All,All,2019-10-23,2019-11-06,197938.409299
All,All,All,2019-10-24,2019-11-07,159834.181791
All,All,All,2019-10-25,2019-11-08,179442.906477
All,All,All,2019-10-28,2019-11-12,259813.404666
All,All,All,2019-10-29,2019-11-13,296971.074448
All,All,All,2019-10-30,2019-11-14,360742.304624
All,All,All,2019-10-31,2019-11-15,283994.277252
All,All,All,2019-11-01,2019-11-18,274067.052302
All,All,All,2019-11-04,2019-11-19,155291.008026
All,All,All,2019-11-05,2019-11-20,37264.999852
All,All,All,2019-11-06,2019-11-21,67022.482049
All,All,All,2019-11-07,2019-11-22,117928.874489
All,All,All,2019-11-08,2019-11-25,59385.584432
All,All,All,2019-11-12,2019-11-26,34820.465544
All,All,All,2019-11-13,2019-11-27,83539.273312
All,All,All,2019-11-14,2019-11-29,44383.506395
All,All,All,2019-11-15,2019-12-02,-47629.783147
All,All,All,2019-11-18,2019-12-03,-4599.781878
All,All,All,2019-11-19,2019-12-04,21325.375017
All,All,All,2019-11-20,2019-12-05,-55742.220427
All,All,All,2019-11-21,2019-12-06,23816.853583
All,All,All,2019-11-22,2019-12-09,-93481.317696
All,All,All,2019-11-25,2019-12-10,-199162.058073
All,All,All,2019-11-26,2019-12-11,-302433.774500
All,All,All,2019-11-27,2019-12-12,-342391.247284
All,All,All,2019-11-29,2019-12-13,-242335.735031
All,All,All,2019-12-02,2019-12-16,-128043.518768
All,All,All,2019-12-03,2019-12-17,-138561.139029
All,All,All,2019-12-04,2019-12-18,-47393.367735
All,All,All,2019-12-05,2019-12-19,-10619.212359
All,All,All,2019-12-06,2019-12-20,-26207.561969
All,All,All,2019-12-09,2019-12-23,-28904.287786
All,All,All,2019-12-10,2019-12-24,46297.489414
All,All,All,2019-12-12,2019-12-27,-82781.985307
All,All,All,2019-12-13,2019-12-30,-177255.275240
All,All,DeltaGamma,2016-12-30,2017-01-17,-523963.737380
All,All,DeltaGamma,2017-01-03,2017-01-18,-614357.545241
All,All,DeltaGamma,2017-01-04,2017-01-19,-481051.158865
All,All,DeltaGamma,2017-01-05,2017-01-20,-220912.177407
All,All,DeltaGamma,2017-01-06,2017-01-23,-606642.559652
All,All,DeltaGamma,2017-01-09,2017-01-24,-389849.611086
All,All,DeltaGamma,2017-01-10,2017-01-25,-476417.626399
All,All,DeltaGamma,2017-01-11,2017-01-26,-249574.490441
All,All,DeltaGamma,2017-01-12,2017-01-27,-195316.457115
All,All,DeltaGamma,2017-01-13,2017-01-30,-110135.234233
All,All,DeltaGamma,2017-01-17,2017-01-31,-141681.869939
All,All,DeltaGamma,2017-01-18,2017-02-01,-321879.845372
All,All,DeltaGamma,2017-01-19,2017-02-02,-188077.977801
All,All,DeltaGamma,2017-01-20,2017-02-03,-159926.377603
All,All,DeltaGamma,2017-01-23,2017-02-06,116970.818059
All,All,DeltaGamma,2017-01-24,2017-02-07,177230.988100
All,All,DeltaGamma,2017-01-25,2017-02-08,168528.806767
All,All,DeltaGamma,2017-01-26,2017-02-09,129390.926270
All,All,DeltaGamma,2017-01-27,2017-02-10,203278.884165
All,All,DeltaGamma,2017-01-30,2017-02-13,305819.378386
All,All,DeltaGamma,2017-01-31,2017-02-14,644251.162030
All,All,DeltaGamma,2017-02-01,2017-02-15,515605.183302
All,All,DeltaGamma,2017-02-02,2017-02-16,274800.198524
All,All,DeltaGamma,2017-02-03,2017-02-17,488293.026445
All,All,DeltaGamma,2017-02-06,2017-02-21,622133.823174
All,All,DeltaGamma,2017-02-07,2017-02-22,381268.926361
All,All,DeltaGamma,2017-02-08,2017-02-23,369179.040875
All,All,DeltaGamma,2017-02-09,2017-02-24,272680.754868
All,All,DeltaGamma,2017-02-10,2017-02-27,210955.465358
All,All,DeltaGamma,2017-02-13,2017-02-28,131414.843706
All,All,DeltaGamma,2017-02-14,2017-03-01,167383.814189
All,All,DeltaGamma,2017-02-15,2017-03-02,409200.492143
All,All,DeltaGamma,2017-02-16,2017-03-03,265824.632307
All,All,DeltaGamma,2017-02-17,2017-03-06,211526.880128
All,All,DeltaGamma,2017-02-21,2017-03-07,49710.203735
All,All,DeltaGamma,2017-02-22,2017-03-08,184123.132712
All,All,DeltaGamma,2017-02-23,2017-03-09,155004.968071
All,All,DeltaGamma,2017-02-24,2017-03-10,-130177.537271
All,All,DeltaGamma,2017-02-27,2017-03-13,-28721.366399
All,All,DeltaGamma,2017-02-28,2017-03-14,29601.842839
All,All,DeltaGamma,2017-03-01,2017-03-15,-396067.268160
All,All,DeltaGamma,2017-03-02,2017-03-16,-733179.039193
All,All,DeltaGamma,2017-03-03,2017-03-17,-342062.172917
All,All,DeltaGamma,2017-03-06,2017-03-20,-444716.525125
All,All,DeltaGamma,2017-03-07,2017-03-21,-684287.102869
All,All,DeltaGamma,2017-03-08,2017-03-22,-688354.827040
All,All,DeltaGamma,2017-03-09,2017-03-23,-569009.869049
All,All,DeltaGamma,2017-03-10,2017-03-24,-377799.695738
All,All,DeltaGamma,2017-03-13,2017-03-27,-564700.393125
All,All,DeltaGamma,2017-03-14,2017-03-28,-523242.006717
All,All,DeltaGamma,2017-03-15,2017-03-29,-77300.306689
All,All,DeltaGamma,2017-03-16,2017-03-30,335667.816228
All,All,DeltaGamma,2017-03-17,2017-03-31,329254.603306
All,All,DeltaGamma,2017-03-20,2017-04-03,290738.220126
All,All,DeltaGamma,2017-03-21,2017-04-04,495960.358874
All,All,DeltaGamma,2017-03-22,2017-04-05,476765.442362
All,All,DeltaGamma,2017-03-23,2017-04-06,508348.276179
All,All,DeltaGamma,2017-03-24,2017-04-07,673260.159172
All,All,DeltaGamma,2017-03-27,2017-04-10,758770.711488
All,All,DeltaGamma,2017-03-28,2017-04-11,611453.577171
All,All,DeltaGamma,2017-03-29,2017-04-12,284421.466804
All,All,DeltaGamma,2017-03-30,2017-04-13,200257.405226
All,All,DeltaGamma,2017-04-04,2017-04-18,-168963.358598
All,All,DeltaGamma,2017-04-05,2017-04-19,-142066.568994
All,All,DeltaGamma,2017-04-06,2017-04-20,-233306.332119
All,All,DeltaGamma,2017-04-07,2017-04-21,-399348.200989
All,All,DeltaGamma,2017-04-10,2017-04-24,-699930.332540
All,All,DeltaGamma,2017-04-11,2017-04-25,-835092.727390
All,All,DeltaGamma,2017-04-12,2017-04-26,-601983.918652
All,All,DeltaGamma,2017-04-13,2017-04-27,-692079.929586
All,All,DeltaGamma,2017-04-18,2017-05-02,-495568.293474
All,All,DeltaGamma,2017-04-19,2017-05-03,-443399.928223
All,All,DeltaGamma,2017-04-20,2017-05-04,-673861.761790
All,All,DeltaGamma,2017-04-21,2017-05-05,-676171.872375
All,All,DeltaGamma,2017-04-24,2017-05-08,-148412.738920
All,All,DeltaGamma,2017-04-25,2017-05-09,143390.931228
All,All,DeltaGamma,2017-04-26,2017-05-10,97061.957889
All,All,DeltaGamma,2017-04-27,2017-05-11,46246.480262
All,All,DeltaGamma,2017-04-28,2017-05-12,-80770.483103
All,All,DeltaGamma,2017-05-02,2017-05-16,-401412.161569
All,All,DeltaGamma,2017-05-03,2017-05-17,-726078.757378
All,All,DeltaGamma,2017-05-04,2017-05-18,-360245.936388
All,All,DeltaGamma,2017-05-05,2017-05-19,-535044.151063
All,All,DeltaGamma,2017-05-08,2017-05-22,-815855.203882
All,All,DeltaGamma,2017-05-09,2017-05-23,-837327.006523
All,All,DeltaGamma,2017-05-10,2017-05-24,-903841.432445
All,All,DeltaGamma,2017-05-11,2017-05-25,-884515.462257
All,All,DeltaGamma,2017-05-12,2017-05-26,-640064.584343
All,All,DeltaGamma,2017-05-15,2017-05-30,-540647.672324
All,All,DeltaGamma,2017-05-16,2017-05-31,-414658.767828
All,All,DeltaGamma,2017-05-17,2017-06-01,-86561.563868
All,All,DeltaGamma,2017-05-18,2017-06-02,-410074.593281
All,All,DeltaGamma,2017-05-19,2017-06-05,-124564.413694
All,All,DeltaGamma,2017-05-22,2017-06-06,-92963.018625
All,All,DeltaGamma,2017-05-23,2017-06-07,-154294.978557
All,All,DeltaGamma,2017-05-24,2017-06-08,40692.916440
All,All,DeltaGamma,2017-05-25,2017-06-09,31696.270621
All,All,DeltaGamma,2017-05-26,2017-06-12,-35025.309161
All,All,DeltaGamma,2017-05-30,2017-06-13,-33316.358214
All,All,DeltaGamma,2017-05-31,2017-06-14,101188.044224
All,All,DeltaGamma,2017-06-01,2017-06-15,166533.015923
All,All,DeltaGamma,2017-06-02,2017-06-16,271652.890854
All,All,DeltaGamma,2017-06-05,2017-06-19,342714.699745
All,All,DeltaGamma,2017-06-06,2017-06-20,445326.588395
All,All,DeltaGamma,2017-06-07,2017-06-21,298095.497143
All,All,DeltaGamma,2017-06-08,2017-06-22,217556.419915
All,All,DeltaGamma,2017-06-09,2017-06-23,58941.489909
All,All,DeltaGamma,2017-06-12,2017-06-26,85769.718059
All,All,DeltaGamma,2017-06-13,2017-06-27,-301210.119883
All,All,DeltaGamma,2017-06-14,2017-06-28,-374686.562511
All,All,DeltaGamma,2017-06-15,2017-06-29,-709138.808840
All,All,DeltaGamma,2017-06-16,2017-06-30,-566657.513974
All,All,DeltaGamma,2017-06-19,2017-07-03,-531566.497776
All,All,DeltaGamma,2017-06-20,2017-07-05,-534338.898466
All,All,DeltaGamma,2017-06-21,2017-07-06,-629344.761313
All,All,DeltaGamma,2017-06-22,2017-07-07,-604913.451869
All,All,DeltaGamma,2017-06-23,2017-07-10,-481773.050126
All,All,DeltaGamma,2017-06-26,2017-07-11,-670140.856511
All,All,DeltaGamma,2017-06-27,2017-07-12,-114059.205180
All,All,DeltaGamma,2017-06-28,2017-07-13,12531.211977
All,All,DeltaGamma,2017-06-29,2017-07-14,-26122.120822
All,All,DeltaGamma,2017-06-30,2017-07-17,-73837.256763
All,All,DeltaGamma,2017-07-03,2017-07-18,-423346.709831
All,All,DeltaGamma,2017-07-05,2017-07-19,-355676.681218
All,All,DeltaGamma,2017-07-06,2017-07-20,-470409.829465
All,All,DeltaGamma,2017-07-07,2017-07-21,-625631.489059
All,All,DeltaGamma,2017-07-10,2017-07-24,-575752.818554
All,All,DeltaGamma,2017-07-11,2017-07-25,-409270.256089
All,All,DeltaGamma,2017-07-12,2017-07-26,-784417.305441
All,All,DeltaGamma,2017-07-13,2017-07-27,-686610.424137
All,All,DeltaGamma,2017-07-14,2017-07-28,-673476.813568
All,All,DeltaGamma,2017-07-17,2017-07-31,-891200.269547
All,All,DeltaGamma,2017-07-18,2017-08-01,-582293.912897
All,All,DeltaGamma,2017-07-19,2017-08-02,-828558.981838
All,All,DeltaGamma,2017-07-20,2017-08-03,-579138.688274
All,All,DeltaGamma,2017-07-21,2017-08-04,-260364.223400
All,All,DeltaGamma,2017-07-24,2017-08-07,-383589.358356
All,All,DeltaGamma,2017-07-25,2017-08-08,-247660.106330
All,All,DeltaGamma,2017-07-26,2017-08-09,-64326.916446
All,All,DeltaGamma,2017-07-27,2017-08-10,-246931.468929
All,All,DeltaGamma,2017-07-28,2017-08-11,-186344.290902
All,All,DeltaGamma,2017-07-31,2017-08-14,156499.925164
All,All,DeltaGamma,2017-08-01,2017-08-15,140957.188952
All,All,DeltaGamma,2017-08-02,2017-08-16,222153.734260
All,All,DeltaGamma,2017-08-03,2017-08-17,387356.481671
All,All,DeltaGamma,2017-08-04,2017-08-18,23694.666686
All,All,DeltaGamma,2017-08-07,2017-08-21,-4306.346508
All,All,DeltaGamma,2017-08-08,2017-08-22,-7075.783629
All,All,DeltaGamma,2017-08-09,2017-08-23,-85118.760944
All,All,DeltaGamma,2017-08-10,2017-08-24,-19260.782315
All,All,DeltaGamma,2017-08-11,2017-08-25,-223570.052764
All,All,DeltaGamma,2017-08-15,2017-08-29,-569320.673161
All,All,DeltaGamma,2017-08-16,2017-08-30,-317262.136815
All,All,DeltaGamma,2017-08-17,2017-08-31,-494700.377542
All,All,DeltaGamma,2017-08-18,2017-09-01,-234079.339140
All,All,DeltaGamma,2017-08-21,2017-09-05,-291678.596548
All,All,DeltaGamma,2017-08-22,2017-09-06,-409988.023717
All,All,DeltaGamma,2017-08-23,2017-09-07,-553440.964965
All,All,DeltaGamma,2017-08-24,2017-09-08,-593479.522578
All,All,DeltaGamma,2017-08-25,2017-09-11,-67469.626370
All,All,DeltaGamma,2017-08-29,2017-09-13,230402.814266
All,All,DeltaGamma,2017-08-30,2017-09-14,-25041.871280
All,All,DeltaGamma,2017-08-31,2017-09-15,-12523.058048
All,All,DeltaGamma,2017-09-01,2017-09-18,-193817.342261
All,All,DeltaGamma,2017-09-05,2017-09-19,-130506.623662
All,All,DeltaGamma,2017-09-06,2017-09-20,108317.229857
All,All,DeltaGamma,2017-09-07,2017-09-21,240229.861247
All,All,DeltaGamma,2017-09-08,2017-09-22,249549.861550
All,All,DeltaGamma,2017-09-11,2017-09-25,292703.431488
All,All,DeltaGamma,2017-09-12,2017-09-26,453647.578826
All,All,DeltaGamma,2017-09-13,2017-09-27,393248.846645
All,All,DeltaGamma,2017-09-14,2017-09-28,343300.540840
All,All,DeltaGamma,2017-09-15,2017-09-29,331269.036094
All,All,DeltaGamma,2017-09-18,2017-10-02,581481.416327
All,All,DeltaGamma,2017-09-19,2017-10-03,666773.768255
All,All,DeltaGamma,2017-09-20,2017-10-04,388452.200131
All,All,DeltaGamma,2017-09-21,2017-10-05,644459.653445
All,All,DeltaGamma,2017-09-22,2017-10-06,581586.192493
All,All,DeltaGamma,2017-09-25,2017-10-10,178178.982293
All,All,DeltaGamma,2017-09-26,2017-10-11,-105801.176162
All,All,DeltaGamma,2017-09-27,2017-10-12,-176446.914478
All,All,DeltaGamma,2017-09-28,2017-10-13,-44518.353465
All,All,DeltaGamma,2017-09-29,2017-10-16,93550.334869
All,All,DeltaGamma,2017-10-02,2017-10-17,-29653.534592
All,All,DeltaGamma,2017-10-03,2017-10-18,-61208.965503
All,All,DeltaGamma,2017-10-04,2017-10-19,-206889.469374
All,All,DeltaGamma,2017-10-05,2017-10-20,-167007.186655
All,All,DeltaGamma,2017-10-06,2017-10-23,-15073.270154
All,All,DeltaGamma,2017-10-10,2017-10-24,119797.125575
All,All,DeltaGamma,2017-10-11,2017-10-25,140860.057128
All,All,DeltaGamma,2017-10-12,2017-10-26,483541.990395
All,All,DeltaGamma,2017-10-13,2017-10-27,553535.781039
All,All,DeltaGamma,2017-10-16,2017-10-30,382563.027322
All,All,DeltaGamma,2017-10-17,2017-10-31,305728.867724
All,All,DeltaGamma,2017-10-18,2017-11-01,428193.542315
All,All,DeltaGamma,2017-10-19,2017-11-02,479712.554381
All,All,DeltaGamma,2017-10-20,2017-11-03,427392.992093
All,All,DeltaGamma,2017-10-23,2017-11-06,358894.587243
All,All,DeltaGamma,2017-10-24,2017-11-07,447867.938301
All,All,DeltaGamma,2017-10-25,2017-11-08,539268.813689
All,All,DeltaGamma,2017-10-26,2017-11-09,11952.289692
All,All,DeltaGamma,2017-10-27,2017-11-13,-136069.899045
All,All,DeltaGamma,2017-10-30,2017-11-14,-380199.062299
All,All,DeltaGamma,2017-10-31,2017-11-15,-368693.325606
All,All,DeltaGamma,2017-11-01,2017-11-16,-402543.449892
All,All,DeltaGamma,2017-11-02,2017-11-17,-325029.055003
All,All,DeltaGamma,2017-11-03,2017-11-20,-298100.867796
All,All,DeltaGamma,2017-11-06,2017-11-21,-312563.761432
All,All,DeltaGamma,2017-11-07,2017-11-22,-582250.632738
All,All,DeltaGamma,2017-11-08,2017-11-24,-788300.420376
All,All,DeltaGamma,2017-11-09,2017-11-27,-568125.719568
All,All,DeltaGamma,2017-11-13,2017-11-28,-384017.035247
All,All,DeltaGamma,2017-11-14,2017-11-29,-51488.353687
All,All,DeltaGamma,2017-11-15,2017-11-30,-213068.982729
All,All,DeltaGamma,2017-11-16,2017-12-01,-224616.870924
All,All,DeltaGamma,2017-11-17,2017-12-04,-124439.542448
All,All,DeltaGamma,2017-11-20,2017-12-05,-160700.324437
All,All,DeltaGamma,2017-11-21,2017-12-06,-91567.065520
All,All,DeltaGamma,2017-11-22,2017-12-07,177152.663071
All,All,DeltaGamma,2017-11-24,2017-12-08,463204.831939
All,All,DeltaGamma,2017-11-27,2017-12-11,349119.780513
All,All,DeltaGamma,2017-11-28,2017-12-12,284782.292910
All,All,DeltaGamma,2017-11-29,2017-12-13,55566.191380
All,All,DeltaGamma,2017-11-30,2017-12-14,345659.277344
All,All,DeltaGamma,2017-12-01,2017-12-15,344238.163235
All,All,DeltaGamma,2017-12-04,2017-12-18,254322.469059
All,All,DeltaGamma,2017-12-05,2017-12-19,6988.000758
All,All,DeltaGamma,2017-12-06,2017-12-20,-118074.547684
All,All,DeltaGamma,2017-12-07,2017-12-21,-206232.800466
All,All,DeltaGamma,2017-12-08,2017-12-22,-225879.034825
All,All,DeltaGamma,2017-12-12,2017-12-27,-336402.627018
All,All,DeltaGamma,2017-12-13,2017-12-28,-210102.406054
All,All,DeltaGamma,2017-12-14,2017-12-29,-496218.322149
All,All,DeltaGamma,2017-12-15,2018-01-02,-643689.778839
All,All,DeltaGamma,2017-12-18,2018-01-03,-518753.012234
All,All,DeltaGamma,2017-12-19,2018-01-04,-518664.124327
All,All,DeltaGamma,2017-12-20,2018-01-05,-344162.330164
All,All,DeltaGamma,2017-12-21,2018-01-08,-177053.903816
All,All,DeltaGamma,2017-12-22,2018-01-09,-116605.525048
All,All,DeltaGamma,2017-12-27,2018-01-11,-275715.083326
All,All,DeltaGamma,2017-12-28,2018-01-12,-543022.274127
All,All,DeltaGamma,2017-12-29,2018-01-16,-578774.101318
All,All,DeltaGamma,2018-01-02,2018-01-17,-290756.204337
All,All,DeltaGamma,2018-01-03,2018-01-18,-478200.694378
All,All,DeltaGamma,2018-01-04,2018-01-19,-311644.576820
All,All,DeltaGamma,2018-01-05,2018-01-22,-506884.277486
All,All,DeltaGamma,2018-01-08,2018-01-23,-732079.837100
All,All,DeltaGamma,2018-01-09,2018-01-24,-1043399.937730
All,All,DeltaGamma,2018-01-10,2018-01-25,-990755.937337
All,All,DeltaGamma,2018-01-11,2018-01-26,-848758.095763
All,All,DeltaGamma,2018-01-12,2018-01-29,-418460.165088
All,All,DeltaGamma,2018-01-16,2018-01-30,-281445.790503
All,All,DeltaGamma,2018-01-17,2018-01-31,-486077.237035
All,All,DeltaGamma,2018-01-18,2018-02-01,-604153.865816
All,All,DeltaGamma,2018-01-19,2018-02-02,-495722.698729
All,All,DeltaGamma,2018-01-22,2018-02-05,-188488.807857
All,All,DeltaGamma,2018-01-23,2018-02-06,-117888.781362
All,All,DeltaGamma,2018-01-24,2018-02-07,414137.965373
All,All,DeltaGamma,2018-01-25,2018-02-08,414538.254864
All,All,DeltaGamma,2018-01-26,2018-02-09,480955.318018
All,All,DeltaGamma,2018-01-29,2018-02-12,282560.784640
All,All,DeltaGamma,2018-01-30,2018-02-13,163654.815247
All,All,DeltaGamma,2018-01-31,2018-02-14,-45013.265628
All,All,DeltaGamma,2018-02-01,2018-02-15,40761.125948
All,All,DeltaGamma,2018-02-02,2018-02-16,155264.641145
All,All,DeltaGamma,2018-02-05,2018-02-20,65457.781684
All,All,DeltaGamma,2018-02-06,2018-02-21,225625.028177
All,All,DeltaGamma,2018-02-07,2018-02-22,-161386.819469
All,All,DeltaGamma,2018-02-08,2018-02-23,-121327.572375
All,All,DeltaGamma,2018-02-09,2018-02-26,-161024.032815
All,All,DeltaGamma,2018-02-12,2018-02-27,176627.356983
All,All,DeltaGamma,2018-02-13,2018-02-28,436308.393056
All,All,DeltaGamma,2018-02-14,2018-03-01,486000.075901
All,All,DeltaGamma,2018-02-15,2018-03-02,489543.196648
All,All,DeltaGamma,2018-02-16,2018-03-05,213627.166992
All,All,DeltaGamma,2018-02-20,2018-03-06,-81703.580911
All,All,DeltaGamma,2018-02-21,2018-03-07,-242459.044717
All,All,DeltaGamma,2018-02-22,2018-03-08,112775.363661
All,All,DeltaGamma,2018-02-23,2018-03-09,63618.173148
All,All,DeltaGamma,2018-02-26,2018-03-12,45775.410475
All,All,DeltaGamma,2018-02-27,2018-03-13,-283490.348660
All,All,DeltaGamma,2018-02-28,2018-03-14,-361929.413761
All,All,DeltaGamma,2018-03-01,2018-03-15,-18689.189626
All,All,DeltaGamma,2018-03-02,2018-03-16,152427.390762
All,All,DeltaGamma,2018-03-05,2018-03-19,59942.175792
All,All,DeltaGamma,2018-03-06,2018-03-20,439723.579241
All,All,DeltaGamma,2018-03-07,2018-03-21,240521.851232
All,All,DeltaGamma,2018-03-08,2018-03-22,56295.697522
All,All,DeltaGamma,2018-03-09,2018-03-23,-116393.037144
All,All,DeltaGamma,2018-03-12,2018-03-26,-246038.019042
All,All,DeltaGamma,2018-03-13,2018-03-27,-54009.890904
All,All,DeltaGamma,2018-03-14,2018-03-28,151197.184993
All,All,DeltaGamma,2018-03-15,2018-03-29,25166.291308
All,All,DeltaGamma,2018-03-20,2018-04-03,-59355.168401
All,All,DeltaGamma,2018-03-21,2018-04-04,142266.742856
All,All,DeltaGamma,2018-03-22,2018-04-05,144977.789540
All,All,DeltaGamma,2018-03-23,2018-04-06,186699.567149
All,All,DeltaGamma,2018-03-26,2018-04-09,302808.652548
All,All,DeltaGamma,2018-03-27,2018-04-10,120663.393478
All,All,DeltaGamma,2018-03-28,2018-04-11,-117704.846908
All,All,DeltaGamma,2018-03-29,2018-04-12,-62702.901868
All,All,DeltaGamma,2018-04-03,2018-04-17,-205452.742998
All,All,DeltaGamma,2018-04-04,2018-04-18,-198656.919805
All,All,DeltaGamma,2018-04-05,2018-04-19,-199815.019919
All,All,DeltaGamma,2018-04-06,2018-04-20,36648.149850
All,All,DeltaGamma,2018-04-09,2018-04-23,286523.205981
All,All,DeltaGamma,2018-04-10,2018-04-24,356037.534586
All,All,DeltaGamma,2018-04-11,2018-04-25,550988.284528
All,All,DeltaGamma,2018-04-12,2018-04-26,615805.992686
All,All,DeltaGamma,2018-04-13,2018-04-27,554222.870000
All,All,DeltaGamma,2018-04-16,2018-04-30,797603.098122
All,All,DeltaGamma,2018-04-17,2018-05-01,985104.546010
All,All,DeltaGamma,2018-04-18,2018-05-02,1102619.067772
All,All,DeltaGamma,2018-04-19,2018-05-03,952901.346573
All,All,DeltaGamma,2018-04-20,2018-05-04,895076.439730
All,All,DeltaGamma,2018-04-24,2018-05-08,1005149.686030
All,All,DeltaGamma,2018-04-25,2018-05-09,872493.070515
All,All,DeltaGamma,2018-04-26,2018-05-10,583704.160028
All,All,DeltaGamma,2018-04-27,2018-05-11,579611.852667
All,All,DeltaGamma,2018-04-30,2018-05-14,489518.201672
All,All,DeltaGamma,2018-05-01,2018-05-15,481171.064896
All,All,DeltaGamma,2018-05-02,2018-05-16,464907.482073
All,All,DeltaGamma,2018-05-03,2018-05-17,569033.469616
All,All,DeltaGamma,2018-05-04,2018-05-18,508334.464859
All,All,DeltaGamma,2018-05-08,2018-05-22,256278.673834
All,All,DeltaGamma,2018-05-09,2018-05-23,401094.641051
All,All,DeltaGamma,2018-05-10,2018-05-24,500492.867344
All,All,DeltaGamma,2018-05-11,2018-05-25,733228.246101
All,All,DeltaGamma,2018-05-14,2018-05-29,951155.537637
All,All,DeltaGamma,2018-05-15,2018-05-30,431784.172499
All,All,DeltaGamma,2018-05-16,2018-05-31,261136.045245
All,All,DeltaGamma,2018-05-17,2018-06-01,351970.753012
All,All,DeltaGamma,2018-05-18,2018-06-04,220738.875159
All,All,DeltaGamma,2018-05-21,2018-06-05,201321.567119
All,All,DeltaGamma,2018-05-22,2018-06-06,8270.799178
All,All,DeltaGamma,2018-05-23,2018-06-07,-230331.551060
All,All,DeltaGamma,2018-05-24,2018-06-08,-121053.579062
All,All,DeltaGamma,2018-05-25,2018-06-11,-309807.163274
All,All,DeltaGamma,2018-05-29,2018-06-12,-466340.129964
All,All,DeltaGamma,2018-05-30,2018-06-13,-275777.859464
All,All,DeltaGamma,2018-05-31,2018-06-14,398623.100120
All,All,DeltaGamma,2018-06-01,2018-06-15,188564.509441
All,All,DeltaGamma,2018-06-04,2018-06-18,241389.714371
All,All,DeltaGamma,2018-06-05,2018-06-19,375998.191214
All,All,DeltaGamma,2018-06-06,2018-06-20,627624.740851
All,All,DeltaGamma,2018-06-07,2018-06-21,601749.950964
All,All,DeltaGamma,2018-06-08,2018-06-22,391542.167140
All,All,DeltaGamma,2018-06-11,2018-06-25,311479.355935
All,All,DeltaGamma,2018-06-12,2018-06-26,367879.845215
All,All,DeltaGamma,2018-06-13,2018-06-27,716034.542005
All,All,DeltaGamma,2018-06-14,2018-06-28,79114.117406
All,All,DeltaGamma,2018-06-15,2018-06-29,-100110.205482
All,All,DeltaGamma,2018-06-18,2018-07-02,87644.483738
All,All,DeltaGamma,2018-06-19,2018-07-03,-22932.687396
All,All,DeltaGamma,2018-06-20,2018-07-05,-185607.128546
All,All,DeltaGamma,2018-06-21,2018-07-06,-264527.746836
All,All,DeltaGamma,2018-06-22,2018-07-09,-173813.188698
All,All,DeltaGamma,2018-06-25,2018-07-10,-21864.494126
All,All,DeltaGamma,2018-06-26,2018-07-11,773.796221
All,All,DeltaGamma,2018-06-27,2018-07-12,-225307.085823
All,All,DeltaGamma,2018-06-28,2018-07-13,-220286.305545
All,All,DeltaGamma,2018-06-29,2018-07-16,-17004.831619
All,All,DeltaGamma,2018-07-02,2018-07-17,-45097.073221
All,All,DeltaGamma,2018-07-03,2018-07-18,39800.375609
All,All,DeltaGamma,2018-07-05,2018-07-19,112025.740537
All,All,DeltaGamma,2018-07-06,2018-07-20,92213.656980
All,All,DeltaGamma,2018-07-09,2018-07-23,206463.879583
All,All,DeltaGamma,2018-07-10,2018-07-24,178450.370513
All,All,DeltaGamma,2018-07-11,2018-07-25,-111769.564300
All,All,DeltaGamma,2018-07-12,2018-07-26,86661.741211
All,All,DeltaGamma,2018-07-13,2018-07-27,71201.101860
All,All,DeltaGamma,2018-07-16,2018-07-30,10862.878428
All,All,DeltaGamma,2018-07-17,2018-07-31,-59018.792212
All,All,DeltaGamma,2018-07-18,2018-08-01,-39303.454469
All,All,DeltaGamma,2018-07-19,2018-08-02,173666.254123
All,All,DeltaGamma,2018-07-20,2018-08-03,390243.924999
All,All,DeltaGamma,2018-07-23,2018-08-06,371634.463809
All,All,DeltaGamma,2018-07-24,2018-08-07,234757.500123
All,All,DeltaGamma,2018-07-25,2018-08-08,291561.142010
All,All,DeltaGamma,2018-07-26,2018-08-09,306903.459625
All,All,DeltaGamma,2018-07-27,2018-08-10,638739.933412
All,All,DeltaGamma,2018-07-30,2018-08-13,767008.034387
All,All,DeltaGamma,2018-07-31,2018-08-14,909792.987124
All,All,DeltaGamma,2018-08-01,2018-08-15,836518.182091
All,All,DeltaGamma,2018-08-02,2018-08-16,536832.465738
All,All,DeltaGamma,2018-08-03,2018-08-17,340764.776945
All,All,DeltaGamma,2018-08-06,2018-08-20,160168.989840
All,All,DeltaGamma,2018-08-07,2018-08-21,73834.276828
All,All,DeltaGamma,2018-08-08,2018-08-22,60244.223133
All,All,DeltaGamma,2018-08-09,2018-08-23,-31757.395526
All,All,DeltaGamma,2018-08-10,2018-08-24,-525583.252635
All,All,DeltaGamma,2018-08-14,2018-08-28,-890679.135186
All,All,DeltaGamma,2018-08-15,2018-08-29,-939655.619190
All,All,DeltaGamma,2018-08-16,2018-08-30,-777738.308062
All,All,DeltaGamma,2018-08-17,2018-08-31,-433411.407315
All,All,DeltaGamma,2018-08-20,2018-09-04,-225935.492066
All,All,DeltaGamma,2018-08-21,2018-09-05,-129496.895440
All,All,DeltaGamma,2018-08-22,2018-09-06,-59091.433172
All,All,DeltaGamma,2018-08-23,2018-09-07,-6736.393718
All,All,DeltaGamma,2018-08-24,2018-09-10,125476.327129
All,All,DeltaGamma,2018-08-28,2018-09-12,246002.934459
All,All,DeltaGamma,2018-08-29,2018-09-13,146839.478983
All,All,DeltaGamma,2018-08-30,2018-09-14,205888.351180
All,All,DeltaGamma,2018-08-31,2018-09-17,-116855.439756
All,All,DeltaGamma,2018-09-04,2018-09-18,-156501.641166
All,All,DeltaGamma,2018-09-05,2018-09-19,-60709.853326
All,All,DeltaGamma,2018-09-06,2018-09-20,-327450.589472
All,All,DeltaGamma,2018-09-07,2018-09-21,-470561.247267
All,All,DeltaGamma,2018-09-10,2018-09-24,-383355.504794
All,All,DeltaGamma,2018-09-11,2018-09-25,-418880.955736
All,All,DeltaGamma,2018-09-12,2018-09-26,-280174.897122
All,All,DeltaGamma,2018-09-13,2018-09-27,99797.042609
All,All,DeltaGamma,2018-09-14,2018-09-28,49696.253963
All,All,DeltaGamma,2018-09-17,2018-10-01,264798.817666
All,All,DeltaGamma,2018-09-18,2018-10-02,302667.486091
All,All,DeltaGamma,2018-09-19,2018-10-03,524156.830228
All,All,DeltaGamma,2018-09-20,2018-10-04,713653.635757
All,All,DeltaGamma,2018-09-21,2018-10-05,641599.045234
All,All,DeltaGamma,2018-09-24,2018-10-09,722906.486653
All,All,DeltaGamma,2018-09-25,2018-10-10,708882.438177
All,All,DeltaGamma,2018-09-26,2018-10-11,414658.443831
All,All,DeltaGamma,2018-09-27,2018-10-12,239000.717874
All,All,DeltaGamma,2018-09-28,2018-10-15,141506.902528
All,All,DeltaGamma,2018-10-01,2018-10-16,68325.938421
All,All,DeltaGamma,2018-10-02,2018-10-17,152248.811479
All,All,DeltaGamma,2018-10-03,2018-10-18,83964.183421
All,All,DeltaGamma,2018-10-04,2018-10-19,23367.801156
All,All,DeltaGamma,2018-10-05,2018-10-22,187439.600971
All,All,DeltaGamma,2018-10-09,2018-10-23,77510.146130
All,All,DeltaGamma,2018-10-10,2018-10-24,366706.615458
All,All,DeltaGamma,2018-10-11,2018-10-25,622681.493601
All,All,DeltaGamma,2018-10-12,2018-10-26,460076.094141
All,All,DeltaGamma,2018-10-15,2018-10-29,536354.031787
All,All,DeltaGamma,2018-10-16,2018-10-30,578623.559002
All,All,DeltaGamma,2018-10-17,2018-10-31,523042.709353
All,All,DeltaGamma,2018-10-18,2018-11-01,129667.984213
All,All,DeltaGamma,2018-10-19,2018-11-02,334018.594963
All,All,DeltaGamma,2018-10-22,2018-11-05,167459.766341
All,All,DeltaGamma,2018-10-23,2018-11-06,127098.186592
All,All,DeltaGamma,2018-10-24,2018-11-07,-73026.528923
All,All,DeltaGamma,2018-10-25,2018-11-08,37578.652824
All,All,DeltaGamma,2018-10-26,2018-11-09,201846.126646
All,All,DeltaGamma,2018-10-29,2018-11-13,251728.983443
All,All,DeltaGamma,2018-10-30,2018-11-14,139122.074694
All,All,DeltaGamma,2018-10-31,2018-11-15,12370.370307
All,All,DeltaGamma,2018-11-01,2018-11-16,22206.577172
All,All,DeltaGamma,2018-11-02,2018-11-19,-97066.637010
All,All,DeltaGamma,2018-11-05,2018-11-20,164292.469433
All,All,DeltaGamma,2018-11-06,2018-11-21,181924.747042
All,All,DeltaGamma,2018-11-07,2018-11-23,289083.503139
All,All,DeltaGamma,2018-11-08,2018-11-26,166454.376890
All,All,DeltaGamma,2018-11-09,2018-11-27,201714.011041
All,All,DeltaGamma,2018-11-13,2018-11-28,-126367.214660
All,All,DeltaGamma,2018-11-14,2018-11-29,-132805.516537
All,All,DeltaGamma,2018-11-15,2018-11-30,72233.683289
All,All,DeltaGamma,2018-11-16,2018-12-03,215614.576544
All,All,DeltaGamma,2018-11-19,2018-12-04,303314.680573
All,All,DeltaGamma,2018-11-20,2018-12-05,87093.894812
All,All,DeltaGamma,2018-11-21,2018-12-06,78086.673782
All,All,DeltaGamma,2018-11-23,2018-12-07,-44934.704719
All,All,DeltaGamma,2018-11-26,2018-12-10,-34499.443457
All,All,DeltaGamma,2018-11-27,2018-12-11,-23194.523448
All,All,DeltaGamma,2018-11-28,2018-12-12,61362.415910
All,All,DeltaGamma,2018-11-29,2018-12-13,133352.761350
All,All,DeltaGamma,2018-11-30,2018-12-14,91311.405801
All,All,DeltaGamma,2018-12-03,2018-12-17,65533.099319
All,All,DeltaGamma,2018-12-04,2018-12-18,18942.995404
All,All,DeltaGamma,2018-12-05,2018-12-19,-76052.249892
All,All,DeltaGamma,2018-12-06,2018-12-20,-200068.697876
All,All,DeltaGamma,2018-12-07,2018-12-21,4837.517667
All,All,DeltaGamma,2018-12-10,2018-12-24,-117281.136034
All,All,DeltaGamma,2018-12-12,2018-12-27,-157289.891151
All,All,DeltaGamma,2018-12-13,2018-12-28,-218987.610506
All,All,DeltaGamma,2018-12-14,2018-12-31,-426941.681678
All,All,DeltaGamma,2018-12-17,2019-01-02,24345.115990
All,All,DeltaGamma,2018-12-18,2019-01-03,-122195.754000
All,All,DeltaGamma,2018-12-19,2019-01-04,-30618.308818
All,All,DeltaGamma,2018-12-20,2019-01-07,-52689.626199
All,All,DeltaGamma,2018-12-21,2019-01-08,-179839.985427
All,All,DeltaGamma,2018-12-24,2019-01-09,-339680.184138
All,All,DeltaGamma,2018-12-27,2019-01-11,-106377.688810
All,All,DeltaGamma,2018-12-28,2019-01-14,-64872.850159
All,All,DeltaGamma,2018-12-31,2019-01-15,165404.487949
All,All,DeltaGamma,2019-01-02,2019-01-16,-127611.147072
All,All,DeltaGamma,2019-01-03,2019-01-17,54823.202025
All,All,DeltaGamma,2019-01-04,2019-01-18,141693.651689
All,All,DeltaGamma,2019-01-07,2019-01-22,324415.747385
All,All,DeltaGamma,2019-01-08,2019-01-23,187924.495844
All,All,DeltaGamma,2019-01-09,2019-01-24,609148.234316
All,All,DeltaGamma,2019-01-10,2019-01-25,238006.478131
All,All,DeltaGamma,2019-01-11,2019-01-28,90973.909464
All,All,DeltaGamma,2019-01-14,2019-01-29,72371.384843
All,All,DeltaGamma,2019-01-15,2019-01-30,-205355.759669
All,All,DeltaGamma,2019-01-16,2019-01-31,-144440.597623
All,All,DeltaGamma,2019-01-17,2019-02-01,-193562.073317
All,All,DeltaGamma,2019-01-18,2019-02-04,-245121.114177
All,All,DeltaGamma,2019-01-22,2019-02-05,-154048.600209
All,All,DeltaGamma,2019-01-23,2019-02-06,52037.163410
All,All,DeltaGamma,2019-01-24,2019-02-07,-97128.686585
All,All,DeltaGamma,2019-01-25,2019-02-08,207264.831950
All,All,DeltaGamma,2019-01-28,2019-02-11,413619.505023
All,All,DeltaGamma,2019-01-29,2019-02-12,311262.780684
All,All,DeltaGamma,2019-01-30,2019-02-13,611397.570037
All,All,DeltaGamma,2019-01-31,2019-02-14,423667.171036
All,All,DeltaGamma,2019-02-01,2019-02-15,453443.962832
All,All,DeltaGamma,2019-02-04,2019-02-19,298047.472631
All,All,DeltaGamma,2019-02-05,2019-02-20,244675.151330
All,All,DeltaGamma,2019-02-06,2019-02-21,127284.604146
All,All,DeltaGamma,2019-02-07,2019-02-22,56778.143710
All,All,DeltaGamma,2019-02-08,2019-02-25,-25034.312620
All,All,DeltaGamma,2019-02-11,2019-02-26,-265452.568887
All,All,DeltaGamma,2019-02-12,2019-02-27,-58253.330490
All,All,DeltaGamma,2019-02-13,2019-02-28,-247739.792502
All,All,DeltaGamma,2019-02-14,2019-03-01,-185915.569559
All,All,DeltaGamma,2019-02-15,2019-03-04,-92975.755631
All,All,DeltaGamma,2019-02-19,2019-03-05,109547.582458
All,All,DeltaGamma,2019-02-20,2019-03-06,100692.596511
All,All,DeltaGamma,2019-02-21,2019-03-07,375745.525372
All,All,DeltaGamma,2019-02-22,2019-03-08,284831.658957
All,All,DeltaGamma,2019-02-25,2019-03-11,300675.349644
All,All,DeltaGamma,2019-02-26,2019-03-12,304542.561758
All,All,DeltaGamma,2019-02-27,2019-03-13,132366.233457
All,All,DeltaGamma,2019-02-28,2019-03-14,199268.207065
All,All,DeltaGamma,2019-03-01,2019-03-15,174181.038721
All,All,DeltaGamma,2019-03-04,2019-03-18,52338.562563
All,All,DeltaGamma,2019-03-05,2019-03-19,-73695.957173
All,All,DeltaGamma,2019-03-06,2019-03-20,-236778.739975
All,All,DeltaGamma,2019-03-07,2019-03-21,-430295.424317
All,All,DeltaGamma,2019-03-08,2019-03-22,-153814.759206
All,All,DeltaGamma,2019-03-11,2019-03-25,-123828.138143
All,All,DeltaGamma,2019-03-12,2019-03-26,111137.565895
All,All,DeltaGamma,2019-03-13,2019-03-27,273083.119820
All,All,DeltaGamma,2019-03-14,2019-03-28,258384.029574
All,All,DeltaGamma,2019-03-15,2019-03-29,340552.823523
All,All,DeltaGamma,2019-03-18,2019-04-01,369778.816241
All,All,DeltaGamma,2019-03-19,2019-04-02,413639.677054
All,All,DeltaGamma,2019-03-20,2019-04-03,483946.867403
All,All,DeltaGamma,2019-03-21,2019-04-04,413057.422550
All,All,DeltaGamma,2019-03-22,2019-04-05,261625.228926
All,All,DeltaGamma,2019-03-25,2019-04-08,128977.987443
All,All,DeltaGamma,2019-03-26,2019-04-09,-11771.650533
All,All,DeltaGamma,2019-03-27,2019-04-10,-97065.352296
All,All,DeltaGamma,2019-03-28,2019-04-11,-78860.818571
All,All,DeltaGamma,2019-03-29,2019-04-12,-241384.493186
All,All,DeltaGamma,2019-04-01,2019-04-15,-260159.057994
All,All,DeltaGamma,2019-04-02,2019-04-16,-187687.457263
All,All,DeltaGamma,2019-04-03,2019-04-17,-153137.314643
All,All,DeltaGamma,2019-04-04,2019-04-18,24140.726689
All,All,DeltaGamma,2019-04-09,2019-04-23,122002.624684
All,All,DeltaGamma,2019-04-10,2019-04-24,338051.642559
All,All,DeltaGamma,2019-04-11,2019-04-25,340180.586157
All,All,DeltaGamma,2019-04-12,2019-04-26,430837.436816
All,All,DeltaGamma,2019-04-15,2019-04-29,336173.302806
All,All,DeltaGamma,2019-04-16,2019-04-30,170471.464360
All,All,DeltaGamma,2019-04-17,2019-05-01,262904.953104
All,All,DeltaGamma,2019-04-18,2019-05-02,100903.888975
All,All,DeltaGamma,2019-04-23,2019-05-07,95372.644892
All,All,DeltaGamma,2019-04-24,2019-05-08,-103200.456522
All,All,DeltaGamma,2019-04-25,2019-05-09,-243459.172773
All,All,DeltaGamma,2019-04-26,2019-05-10,-259974.437391
All,All,DeltaGamma,2019-04-29,2019-05-13,-128802.508136
All,All,DeltaGamma,2019-04-30,2019-05-14,-25931.837713
All,All,DeltaGamma,2019-05-01,2019-05-15,-39153.757855
All,All,DeltaGamma,2019-05-02,2019-05-16,-6637.216058
All,All,DeltaGamma,2019-05-03,2019-05-17,108987.065039
All,All,DeltaGamma,2019-05-07,2019-05-21,64071.859682
All,All,DeltaGamma,2019-05-08,2019-05-22,98841.639332
All,All,DeltaGamma,2019-05-09,2019-05-23,98879.579318
All,All,DeltaGamma,2019-05-10,2019-05-24,91764.141731
All,All,DeltaGamma,2019-05-13,2019-05-28,200656.307072
All,All,DeltaGamma,2019-05-14,2019-05-29,260304.768198
All,All,DeltaGamma,2019-05-15,2019-05-30,236982.185160
All,All,DeltaGamma,2019-05-16,2019-05-31,15314.479372
All,All,DeltaGamma,2019-05-17,2019-06-03,-195490.465287
All,All,DeltaGamma,2019-05-20,2019-06-04,-171016.566250
All,All,DeltaGamma,2019-05-21,2019-06-05,-127385.655738
All,All,DeltaGamma,2019-05-22,2019-06-06,-304321.013317
All,All,DeltaGamma,2019-05-23,2019-06-07,-367669.170197
All,All,DeltaGamma,2019-05-24,2019-06-10,-250375.417748
All,All,DeltaGamma,2019-05-28,2019-06-11,-420745.532181
All,All,DeltaGamma,2019-05-29,2019-06-12,-391106.992668
All,All,DeltaGamma,2019-05-30,2019-06-13,-371701.199992
All,All,DeltaGamma,2019-05-31,2019-06-14,-53703.213548
All,All,DeltaGamma,2019-06-03,2019-06-17,94740.518459
All,All,DeltaGamma,2019-06-04,2019-06-18,179668.810881
All,All,DeltaGamma,2019-06-05,2019-06-19,13084.141194
All,All,DeltaGamma,2019-06-06,2019-06-20,-5674.903903
All,All,DeltaGamma,2019-06-07,2019-06-21,-57566.050297
All,All,DeltaGamma,2019-06-10,2019-06-24,-192097.508005
All,All,DeltaGamma,2019-06-11,2019-06-25,-68985.933251
All,All,DeltaGamma,2019-06-12,2019-06-26,-192930.429121
All,All,DeltaGamma,2019-06-13,2019-06-27,-214050.112805
All,All,DeltaGamma,2019-06-14,2019-06-28,-395223.177845
All,All,DeltaGamma,2019-06-17,2019-07-01,-165889.083852
All,All,DeltaGamma,2019-06-18,2019-07-02,-241204.043504
All,All,DeltaGamma,2019-06-19,2019-07-03,-124595.636606
All,All,DeltaGamma,2019-06-20,2019-07-05,172884.769257
All,All,DeltaGamma,2019-06-21,2019-07-08,401099.082269
All,All,DeltaGamma,2019-06-24,2019-07-09,502166.634077
All,All,DeltaGamma,2019-06-25,2019-07-10,302041.345810
All,All,DeltaGamma,2019-06-26,2019-07-11,312522.981944
All,All,DeltaGamma,2019-06-27,2019-07-12,265318.191485
All,All,DeltaGamma,2019-06-28,2019-07-15,315125.561535
All,All,DeltaGamma,2019-07-01,2019-07-16,224338.540738
All,All,DeltaGamma,2019-07-02,2019-07-17,220675.515907
All,All,DeltaGamma,2019-07-03,2019-07-18,22672.661637
All,All,DeltaGamma,2019-07-05,2019-07-19,27752.590079
All,All,DeltaGamma,2019-07-08,2019-07-22,36813.533382
All,All,DeltaGamma,2019-07-09,2019-07-23,177830.609575
All,All,DeltaGamma,2019-07-10,2019-07-24,318056.728732
All,All,DeltaGamma,2019-07-11,2019-07-25,305097.702969
All,All,DeltaGamma,2019-07-12,2019-07-26,393231.230634
All,All,DeltaGamma,2019-07-15,2019-07-29,291850.893724
All,All,DeltaGamma,2019-07-16,2019-07-30,130866.604284
All,All,DeltaGamma,2019-07-17,2019-07-31,376096.538907
All,All,DeltaGamma,2019-07-18,2019-08-01,524598.317521
All,All,DeltaGamma,2019-07-19,2019-08-02,313409.439812
All,All,DeltaGamma,2019-07-22,2019-08-05,26556.425068
All,All,DeltaGamma,2019-07-23,2019-08-06,-116247.579201
All,All,DeltaGamma,2019-07-24,2019-08-07,-117161.248293
All,All,DeltaGamma,2019-07-25,2019-08-08,-45303.909808
All,All,DeltaGamma,2019-07-26,2019-08-09,-151703.095531
All,All,DeltaGamma,2019-07-29,2019-08-12,-136766.992944
All,All,DeltaGamma,2019-07-30,2019-08-13,6563.184209
All,All,DeltaGamma,2019-07-31,2019-08-14,-139875.048174
All,All,DeltaGamma,2019-08-01,2019-08-15,-25744.623817
All,All,DeltaGamma,2019-08-02,2019-08-16,94018.214348
All,All,DeltaGamma,2019-08-05,2019-08-19,367809.044975
All,All,DeltaGamma,2019-08-06,2019-08-20,293312.148799
All,All,DeltaGamma,2019-08-07,2019-08-21,308919.093407
All,All,DeltaGamma,2019-08-08,2019-08-22,259044.010602
All,All,DeltaGamma,2019-08-09,2019-08-23,138278.314715
All,All,DeltaGamma,2019-08-13,2019-08-27,210293.048981
All,All,DeltaGamma,2019-08-14,2019-08-28,156591.683376
All,All,DeltaGamma,2019-08-15,2019-08-29,124486.762163
All,All,DeltaGamma,2019-08-16,2019-08-30,253855.712829
All,All,DeltaGamma,2019-08-19,2019-09-03,263876.373432
All,All,DeltaGamma,2019-08-20,2019-09-04,154072.221366
All,All,DeltaGamma,2019-08-21,2019-09-05,118018.707716
All,All,DeltaGamma,2019-08-22,2019-09-06,143322.775975
All,All,DeltaGamma,2019-08-23,2019-09-09,281545.069124
All,All,DeltaGamma,2019-08-27,2019-09-11,284125.398747
All,All,DeltaGamma,2019-08-28,2019-09-12,112304.089298
All,All,DeltaGamma,2019-08-29,2019-09-13,49298.568231
All,All,DeltaGamma,2019-08-30,2019-09-16,54164.225908
All,All,DeltaGamma,2019-09-03,2019-09-17,-158411.570895
All,All,DeltaGamma,2019-09-04,2019-09-18,127911.393304
All,All,DeltaGamma,2019-09-05,2019-09-19,98072.188628
All,All,DeltaGamma,2019-09-06,2019-09-20,141180.992222
All,All,DeltaGamma,2019-09-09,2019-09-23,258195.218491
All,All,DeltaGamma,2019-09-10,2019-09-24,138169.890489
All,All,DeltaGamma,2019-09-11,2019-09-25,230497.190524
All,All,DeltaGamma,2019-09-12,2019-09-26,436050.023283
All,All,DeltaGamma,2019-09-13,2019-09-27,391230.405302
All,All,DeltaGamma,2019-09-16,2019-09-30,311245.588016
All,All,DeltaGamma,2019-09-17,2019-10-01,397994.860706
All,All,DeltaGamma,2019-09-18,2019-10-02,227801.559415
All,All,DeltaGamma,2019-09-19,2019-10-03,248532.594836
All,All,DeltaGamma,2019-09-20,2019-10-04,157963.775195
All,All,DeltaGamma,2019-09-23,2019-10-07,131601.337799
All,All,DeltaGamma,2019-09-24,2019-10-08,257728.433826
All,All,DeltaGamma,2019-09-25,2019-10-09,11731.341439
All,All,DeltaGamma,2019-09-26,2019-10-10,-159702.781148
All,All,DeltaGamma,2019-09-27,2019-10-11,-192646.425373
All,All,DeltaGamma,2019-09-30,2019-10-15,-252165.568440
All,All,DeltaGamma,2019-10-01,2019-10-16,-265165.971877
All,All,DeltaGamma,2019-10-02,2019-10-17,-344033.743624
All,All,DeltaGamma,2019-10-03,2019-10-18,-456133.580659
All,All,DeltaGamma,2019-10-04,2019-10-21,-379758.931416
All,All,DeltaGamma,2019-10-07,2019-10-22,-362713.458091
All,All,DeltaGamma,2019-10-08,2019-10-23,-419747.035968
All,All,DeltaGamma,2019-10-09,2019-10-24,-301983.140103
All,All,DeltaGamma,2019-10-10,2019-10-25,-122597.559420
All,All,DeltaGamma,2019-10-11,2019-10-28,-109335.345398
All,All,DeltaGamma,2019-10-15,2019-10-29,-185343.018315
All,All,DeltaGamma,2019-10-16,2019-10-30,-170827.542213
All,All,DeltaGamma,2019-10-17,2019-10-31,-39561.493768
All,All,DeltaGamma,2019-10-18,2019-11-01,43565.293892
All,All,DeltaGamma,2019-10-21,2019-11-04,85125.928477
All,All,DeltaGamma,2019-10-22,2019-11-05,164799.448564
All,All,DeltaGamma,2019-10-23,2019-11-06,197938.409299
All,All,DeltaGamma,2019-10-24,2019-11-07,159834.181791
All,All,DeltaGamma,2019-10-25,2019-11-08,179442.906477
All,All,DeltaGamma,2019-10-28,2019-11-12,259813.404666
All,All,DeltaGamma,2019-10-29,2019-11-13,296971.074448
All,All,DeltaGamma,2019-10-30,2019-11-14,360742.304624
All,All,DeltaGamma,2019-10-31,2019-11-15,283994.277252
All,All,DeltaGamma,2019-11-01,2019-11-18,274067.052302
All,All,DeltaGamma,2019-11-04,2019-11-19,155291.008026
All,All,DeltaGamma,2019-11-05,2019-11-20,37264.999852
All,All,DeltaGamma,2019-11-06,2019-11-21,67022.482049
All,All,DeltaGamma,2019-11-07,2019-11-22,117928.874489
All,All,DeltaGamma,2019-11-08,2019-11-25,59385.584432
All,All,DeltaGamma,2019-11-12,2019-11-26,34820.465544
All,All,DeltaGamma,2019-11-13,2019-11-27,83539.273312
All,All,DeltaGamma,2019-11-14,2019-11-29,44383.506395
All,All,DeltaGamma,2019-11-15,2019-12-02,-47629.783147
All,All,DeltaGamma,2019-11-18,2019-12-03,-4599.781878
All,All,DeltaGamma,2019-11-19,2019-12-04,21325.375017
All,All,DeltaGamma,2019-11-20,2019-12-05,-55742.220427
All,All,DeltaGamma,2019-11-21,2019-12-06,23816.853583
All,All,DeltaGamma,2019-11-22,2019-12-09,-93481.317696
All,All,DeltaGamma,2019-11-25,2019-12-10,-199162.058073
All,All,DeltaGamma,2019-11-26,2019-12-11,-302433.774500
All,All,DeltaGamma,2019-11-27,2019-12-12,-342391.247284
All,All,DeltaGamma,2019-11-29,2019-12-13,-242335.735031
All,All,DeltaGamma,2019-12-02,2019-12-16,-128043.518768
All,All,DeltaGamma,2019-12-03,2019-12-17,-138561.139029
All,All,DeltaGamma,2019-12-04,2019-12-18,-47393.367735
All,All,DeltaGamma,2019-12-05,2019-12-19,-10619.212359
All,All,DeltaGamma,2019-12-06,2019-12-20,-26207.561969
All,All,DeltaGamma,2019-12-09,2019-12-23,-28904.287786
All,All,DeltaGamma,2019-12-10,2019-12-24,46297.489414
All,All,DeltaGamma,2019-12-12,2019-12-27,-82781.985307
All,All,DeltaGamma,2019-12-13,2019-12-30,-177255.275240
All,InterestRate,All,2016-12-30,2017-01-17,13257.712508
All,InterestRate,All,2017-01-03,2017-01-18,2620.280001
All,InterestRate,All,2017-01-04,2017-01-19,-794.935948
All,InterestRate,All,2017-01-05,2017-01-20,41094.783966
All,InterestRate,All,2017-01-06,2017-01-23,28021.943424
All,InterestRate,All,2017-01-09,2017-01-24,36207.463293
All,InterestRate,All,2017-01-10,2017-01-25,51966.301397
All,InterestRate,All,2017-01-11,2017-01-26,33713.964298
All,InterestRate,All,2017-01-12,2017-01-27,48400.004015
All,InterestRate,All,2017-01-13,2017-01-30,27733.005963
All,InterestRate,All,2017-01-17,2017-01-31,92182.626899
All,InterestRate,All,2017-01-18,2017-02-01,63427.673894
All,InterestRate,All,2017-01-19,2017-02-02,66551.873501
All,InterestRate,All,2017-01-20,2017-02-03,61068.993171
All,InterestRate,All,2017-01-23,2017-02-06,69332.123421
All,InterestRate,All,2017-01-24,2017-02-07,47582.876253
All,InterestRate,All,2017-01-25,2017-02-08,32475.920487
All,InterestRate,All,2017-01-26,2017-02-09,50678.278849
All,InterestRate,All,2017-01-27,2017-02-10,36246.178489
All,InterestRate,All,2017-01-30,2017-02-13,38158.124155
All,InterestRate,All,2017-01-31,2017-02-14,24600.428653
All,InterestRate,All,2017-02-01,2017-02-15,49233.723194
All,InterestRate,All,2017-02-02,2017-02-16,46705.033092
All,InterestRate,All,2017-02-03,2017-02-17,15706.210738
All,InterestRate,All,2017-02-06,2017-02-21,27327.289070
All,InterestRate,All,2017-02-07,2017-02-22,25922.578470
All,InterestRate,All,2017-02-08,2017-02-23,41429.828300
All,InterestRate,All,2017-02-09,2017-02-24,18862.258226
All,InterestRate,All,2017-02-10,2017-02-27,57302.310006
All,InterestRate,All,2017-02-13,2017-02-28,68960.366210
All,InterestRate,All,2017-02-14,2017-03-01,86340.644447
All,InterestRate,All,2017-02-15,2017-03-02,136998.002892
All,InterestRate,All,2017-02-16,2017-03-03,127258.365207
All,InterestRate,All,2017-02-17,2017-03-06,123866.090880
All,InterestRate,All,2017-02-21,2017-03-07,133654.144084
All,InterestRate,All,2017-02-22,2017-03-08,143638.731710
All,InterestRate,All,2017-02-23,2017-03-09,139392.895032
All,InterestRate,All,2017-02-24,2017-03-10,169548.460714
All,InterestRate,All,2017-02-27,2017-03-13,152656.797766
All,InterestRate,All,2017-02-28,2017-03-14,104477.708664
All,InterestRate,All,2017-03-01,2017-03-15,120805.031909
All,InterestRate,All,2017-03-02,2017-03-16,-21851.424124
All,InterestRate,All,2017-03-03,2017-03-17,-30135.278739
All,InterestRate,All,2017-03-06,2017-03-20,-18763.895195
All,InterestRate,All,2017-03-07,2017-03-21,-17396.557923
All,InterestRate,All,2017-03-08,2017-03-22,5564.129250
All,InterestRate,All,2017-03-09,2017-03-23,-6696.369203
All,InterestRate,All,2017-03-10,2017-03-24,-33478.355198
All,InterestRate,All,2017-03-13,2017-03-27,7698.134504
All,InterestRate,All,2017-03-14,2017-03-28,44563.172477
All,InterestRate,All,2017-03-15,2017-03-29,7809.383581
All,InterestRate,All,2017-03-16,2017-03-30,85567.261615
All,InterestRate,All,2017-03-17,2017-03-31,95055.646390
All,InterestRate,All,2017-03-20,2017-04-03,94527.981680
All,InterestRate,All,2017-03-21,2017-04-04,110032.765158
All,InterestRate,All,2017-03-22,2017-04-05,107433.503630
All,InterestRate,All,2017-03-23,2017-04-06,126488.775255
All,InterestRate,All,2017-03-24,2017-04-07,90266.128730
All,InterestRate,All,2017-03-27,2017-04-10,20334.754949
All,InterestRate,All,2017-03-28,2017-04-11,26463.857248
All,InterestRate,All,2017-03-29,2017-04-12,8841.098880
All,InterestRate,All,2017-03-30,2017-04-13,27473.448692
All,InterestRate,All,2017-04-04,2017-04-18,-8959.872332
All,InterestRate,All,2017-04-05,2017-04-19,-7269.635140
All,InterestRate,All,2017-04-06,2017-04-20,-39503.985514
All,InterestRate,All,2017-04-07,2017-04-21,-23057.723974
All,InterestRate,All,2017-04-10,2017-04-24,26037.106158
All,InterestRate,All,2017-04-11,2017-04-25,35225.630696
All,InterestRate,All,2017-04-12,2017-04-26,34342.920460
All,InterestRate,All,2017-04-13,2017-04-27,9084.896224
All,InterestRate,All,2017-04-18,2017-05-02,40629.101772
All,InterestRate,All,2017-04-19,2017-05-03,28703.600054
All,InterestRate,All,2017-04-20,2017-05-04,41143.498507
All,InterestRate,All,2017-04-21,2017-05-05,45981.974570
All,InterestRate,All,2017-04-24,2017-05-08,8004.984068
All,InterestRate,All,2017-04-25,2017-05-09,5463.937548
All,InterestRate,All,2017-04-26,2017-05-10,4140.239454
All,InterestRate,All,2017-04-27,2017-05-11,14302.217800
All,InterestRate,All,2017-04-28,2017-05-12,12070.578734
All,InterestRate,All,2017-05-02,2017-05-16,-3184.514025
All,InterestRate,All,2017-05-03,2017-05-17,-13328.804120
All,InterestRate,All,2017-05-04,2017-05-18,-44425.831629
All,InterestRate,All,2017-05-05,2017-05-19,14506.739840
All,InterestRate,All,2017-05-08,2017-05-22,-644.860021
All,InterestRate,All,2017-05-09,2017-05-23,-26573.477994
All,InterestRate,All,2017-05-10,2017-05-24,15883.807204
All,InterestRate,All,2017-05-11,2017-05-25,32379.482617
All,InterestRate,All,2017-05-12,2017-05-26,18743.887696
All,InterestRate,All,2017-05-15,2017-05-30,14800.700609
All,InterestRate,All,2017-05-16,2017-05-31,12055.172545
All,InterestRate,All,2017-05-17,2017-06-01,58036.788776
All,InterestRate,All,2017-05-18,2017-06-02,57470.384841
All,InterestRate,All,2017-05-19,2017-06-05,623.228000
All,InterestRate,All,2017-05-22,2017-06-06,16114.914590
All,InterestRate,All,2017-05-23,2017-06-07,40079.986857
All,InterestRate,All,2017-05-24,2017-06-08,27483.290586
All,InterestRate,All,2017-05-25,2017-06-09,-1258.903741
All,InterestRate,All,2017-05-26,2017-06-12,20911.244798
All,InterestRate,All,2017-05-30,2017-06-13,29201.068419
All,InterestRate,All,2017-05-31,2017-06-14,31719.942107
All,InterestRate,All,2017-06-01,2017-06-15,-8016.266149
All,InterestRate,All,2017-06-02,2017-06-16,46033.324387
All,InterestRate,All,2017-06-05,2017-06-19,61157.646657
All,InterestRate,All,2017-06-06,2017-06-20,63622.181026
All,InterestRate,All,2017-06-07,2017-06-21,63013.794165
All,InterestRate,All,2017-06-08,2017-06-22,55927.489593
All,InterestRate,All,2017-06-09,2017-06-23,49059.380729
All,InterestRate,All,2017-06-12,2017-06-26,29774.989666
All,InterestRate,All,2017-06-13,2017-06-27,31672.587160
All,InterestRate,All,2017-06-14,2017-06-28,41201.903761
All,InterestRate,All,2017-06-15,2017-06-29,45895.885505
All,InterestRate,All,2017-06-16,2017-06-30,27377.586971
All,InterestRate,All,2017-06-19,2017-07-03,30117.801536
All,InterestRate,All,2017-06-20,2017-07-05,32901.311607
All,InterestRate,All,2017-06-21,2017-07-06,28629.503245
All,InterestRate,All,2017-06-22,2017-07-07,35843.913281
All,InterestRate,All,2017-06-23,2017-07-10,52998.554547
All,InterestRate,All,2017-06-26,2017-07-11,65345.638615
All,InterestRate,All,2017-06-27,2017-07-12,76560.085144
All,InterestRate,All,2017-06-28,2017-07-13,69560.169161
All,InterestRate,All,2017-06-29,2017-07-14,47978.103940
All,InterestRate,All,2017-06-30,2017-07-17,53941.656329
All,InterestRate,All,2017-07-03,2017-07-18,58410.485566
All,InterestRate,All,2017-07-05,2017-07-19,58952.456028
All,InterestRate,All,2017-07-06,2017-07-20,61014.177905
All,InterestRate,All,2017-07-07,2017-07-21,35068.209933
All,InterestRate,All,2017-07-10,2017-07-24,37918.435731
All,InterestRate,All,2017-07-11,2017-07-25,39613.481412
All,InterestRate,All,2017-07-12,2017-07-26,21296.341381
All,InterestRate,All,2017-07-13,2017-07-27,7202.087065
All,InterestRate,All,2017-07-14,2017-07-28,35389.169042
All,InterestRate,All,2017-07-17,2017-07-31,16913.124013
All,InterestRate,All,2017-07-18,2017-08-01,29725.676165
All,InterestRate,All,2017-07-19,2017-08-02,18217.817317
All,InterestRate,All,2017-07-20,2017-08-03,8982.850166
All,InterestRate,All,2017-07-21,2017-08-04,17480.056802
All,InterestRate,All,2017-07-24,2017-08-07,-3741.749413
All,InterestRate,All,2017-07-25,2017-08-08,19608.241309
All,InterestRate,All,2017-07-26,2017-08-09,-2237.811466
All,InterestRate,All,2017-07-27,2017-08-10,-6741.434565
All,InterestRate,All,2017-07-28,2017-08-11,-20676.685845
All,InterestRate,All,2017-07-31,2017-08-14,-138.938875
All,InterestRate,All,2017-08-01,2017-08-15,-21987.068185
All,InterestRate,All,2017-08-02,2017-08-16,-852.416514
All,InterestRate,All,2017-08-03,2017-08-17,17249.448697
All,InterestRate,All,2017-08-04,2017-08-18,-7438.467720
All,InterestRate,All,2017-08-07,2017-08-21,40803.515175
All,InterestRate,All,2017-08-08,2017-08-22,13642.922243
All,InterestRate,All,2017-08-09,2017-08-23,39369.567625
All,InterestRate,All,2017-08-10,2017-08-24,46538.580662
All,InterestRate,All,2017-08-11,2017-08-25,33687.065032
All,InterestRate,All,2017-08-15,2017-08-29,9975.769207
All,InterestRate,All,2017-08-16,2017-08-30,-27170.927238
All,InterestRate,All,2017-08-17,2017-08-31,-33648.674718
All,InterestRate,All,2017-08-18,2017-09-01,7954.082271
All,InterestRate,All,2017-08-21,2017-09-05,-45420.366892
All,InterestRate,All,2017-08-22,2017-09-06,-26669.171566
All,InterestRate,All,2017-08-23,2017-09-07,-30109.035807
All,InterestRate,All,2017-08-24,2017-09-08,-18141.494872
All,InterestRate,All,2017-08-25,2017-09-11,6126.016223
All,InterestRate,All,2017-08-29,2017-09-13,19133.541479
All,InterestRate,All,2017-08-30,2017-09-14,58952.404860
All,InterestRate,All,2017-08-31,2017-09-15,68131.792161
All,InterestRate,All,2017-09-01,2017-09-18,39934.971493
All,InterestRate,All,2017-09-05,2017-09-19,65979.536980
All,InterestRate,All,2017-09-06,2017-09-20,48668.299398
All,InterestRate,All,2017-09-07,2017-09-21,41988.300240
All,InterestRate,All,2017-09-08,2017-09-22,37049.153555
All,InterestRate,All,2017-09-11,2017-09-25,32452.601628
All,InterestRate,All,2017-09-12,2017-09-26,24323.149309
All,InterestRate,All,2017-09-13,2017-09-27,36640.612639
All,InterestRate,All,2017-09-14,2017-09-28,13916.173302
All,InterestRate,All,2017-09-15,2017-09-29,11629.598066
All,InterestRate,All,2017-09-18,2017-10-02,25905.737838
All,InterestRate,All,2017-09-19,2017-10-03,38635.899586
All,InterestRate,All,2017-09-20,2017-10-04,55827.951600
All,InterestRate,All,2017-09-21,2017-10-05,60543.932439
All,InterestRate,All,2017-09-22,2017-10-06,40080.873581
All,InterestRate,All,2017-09-25,2017-10-10,70031.216098
All,InterestRate,All,2017-09-26,2017-10-11,57478.390100
All,InterestRate,All,2017-09-27,2017-10-12,37782.572138
All,InterestRate,All,2017-09-28,2017-10-13,45653.426189
All,InterestRate,All,2017-09-29,2017-10-16,48349.247831
All,InterestRate,All,2017-10-02,2017-10-17,53227.215481
All,InterestRate,All,2017-10-03,2017-10-18,45952.566266
All,InterestRate,All,2017-10-04,2017-10-19,21375.385108
All,InterestRate,All,2017-10-05,2017-10-20,15444.300306
All,InterestRate,All,2017-10-06,2017-10-23,26339.682672
All,InterestRate,All,2017-10-10,2017-10-24,12174.422392
All,InterestRate,All,2017-10-11,2017-10-25,22313.703510
All,InterestRate,All,2017-10-12,2017-10-26,27659.363506
All,InterestRate,All,2017-10-13,2017-10-27,14789.582562
All,InterestRate,All,2017-10-16,2017-10-30,18401.319480
All,InterestRate,All,2017-10-17,2017-10-31,4783.042775
All,InterestRate,All,2017-10-18,2017-11-01,5551.326016
All,InterestRate,All,2017-10-19,2017-11-02,-7722.408420
All,InterestRate,All,2017-10-20,2017-11-03,-15622.261587
All,InterestRate,All,2017-10-23,2017-11-06,3294.149506
All,InterestRate,All,2017-10-24,2017-11-07,2189.803773
All,InterestRate,All,2017-10-25,2017-11-08,-8783.976426
All,InterestRate,All,2017-10-26,2017-11-09,-11991.766632
All,InterestRate,All,2017-10-27,2017-11-13,7260.323320
All,InterestRate,All,2017-10-30,2017-11-14,-17534.256203
All,InterestRate,All,2017-10-31,2017-11-15,-9560.502256
All,InterestRate,All,2017-11-01,2017-11-16,-27347.773788
All,InterestRate,All,2017-11-02,2017-11-17,14242.524393
All,InterestRate,All,2017-11-03,2017-11-20,8934.646886
All,InterestRate,All,2017-11-06,2017-11-21,8255.654935
All,InterestRate,All,2017-11-07,2017-11-22,7209.526127
All,InterestRate,All,2017-11-08,2017-11-24,33565.927095
All,InterestRate,All,2017-11-09,2017-11-27,72958.362900
All,InterestRate,All,2017-11-13,2017-11-28,48654.625144
All,InterestRate,All,2017-11-14,2017-11-29,70092.783492
All,InterestRate,All,2017-11-15,2017-11-30,68092.734975
All,InterestRate,All,2017-11-16,2017-12-01,76883.618157
All,InterestRate,All,2017-11-17,2017-12-04,52531.549669
All,InterestRate,All,2017-11-20,2017-12-05,74158.353263
All,InterestRate,All,2017-11-21,2017-12-06,56888.311893
All,InterestRate,All,2017-11-22,2017-12-07,51999.088239
All,InterestRate,All,2017-11-24,2017-12-08,48959.857563
All,InterestRate,All,2017-11-27,2017-12-11,27293.724994
All,InterestRate,All,2017-11-28,2017-12-12,37485.895298
All,InterestRate,All,2017-11-29,2017-12-13,3364.105408
All,InterestRate,All,2017-11-30,2017-12-14,27180.802475
All,InterestRate,All,2017-12-01,2017-12-15,1956.505953
All,InterestRate,All,2017-12-04,2017-12-18,37972.376884
All,InterestRate,All,2017-12-05,2017-12-19,41784.286308
All,InterestRate,All,2017-12-06,2017-12-20,66000.871435
All,InterestRate,All,2017-12-07,2017-12-21,39697.473567
All,InterestRate,All,2017-12-08,2017-12-22,9213.124604
All,InterestRate,All,2017-12-12,2017-12-27,26023.771086
All,InterestRate,All,2017-12-13,2017-12-28,79052.727510
All,InterestRate,All,2017-12-14,2017-12-29,48074.463587
All,InterestRate,All,2017-12-15,2018-01-02,101604.863917
All,InterestRate,All,2017-12-18,2018-01-03,57198.148088
All,InterestRate,All,2017-12-19,2018-01-04,35120.351644
All,InterestRate,All,2017-12-20,2018-01-05,47224.230741
All,InterestRate,All,2017-12-21,2018-01-08,57132.635308
All,InterestRate,All,2017-12-22,2018-01-09,79036.785877
All,InterestRate,All,2017-12-27,2018-01-11,74623.016109
All,InterestRate,All,2017-12-28,2018-01-12,47624.827339
All,InterestRate,All,2017-12-29,2018-01-16,50074.488413
All,InterestRate,All,2018-01-02,2018-01-17,14191.479482
All,InterestRate,All,2018-01-03,2018-01-18,59654.384928
All,InterestRate,All,2018-01-04,2018-01-19,61504.869744
All,InterestRate,All,2018-01-05,2018-01-22,49142.296102
All,InterestRate,All,2018-01-08,2018-01-23,64729.669407
All,InterestRate,All,2018-01-09,2018-01-24,75183.938204
All,InterestRate,All,2018-01-10,2018-01-25,75432.639815
All,InterestRate,All,2018-01-11,2018-01-26,72799.809821
All,InterestRate,All,2018-01-12,2018-01-29,44371.690256
All,InterestRate,All,2018-01-16,2018-01-30,54216.100734
All,InterestRate,All,2018-01-17,2018-01-31,70578.407244
All,InterestRate,All,2018-01-18,2018-02-01,36700.688862
All,InterestRate,All,2018-01-19,2018-02-02,69631.209814
All,InterestRate,All,2018-01-22,2018-02-05,60540.310309
All,InterestRate,All,2018-01-23,2018-02-06,63224.284789
All,InterestRate,All,2018-01-24,2018-02-07,67047.921958
All,InterestRate,All,2018-01-25,2018-02-08,56852.350111
All,InterestRate,All,2018-01-26,2018-02-09,34708.401474
All,InterestRate,All,2018-01-29,2018-02-12,63751.793763
All,InterestRate,All,2018-01-30,2018-02-13,43147.577778
All,InterestRate,All,2018-01-31,2018-02-14,24427.229219
All,InterestRate,All,2018-02-01,2018-02-15,26031.177855
All,InterestRate,All,2018-02-02,2018-02-16,26924.650880
All,InterestRate,All,2018-02-05,2018-02-20,-3676.089821
All,InterestRate,All,2018-02-06,2018-02-21,6980.844374
All,InterestRate,All,2018-02-07,2018-02-22,-2614.872526
All,InterestRate,All,2018-02-08,2018-02-23,-13227.574914
All,InterestRate,All,2018-02-09,2018-02-26,33454.872291
All,InterestRate,All,2018-02-12,2018-02-27,39049.898782
All,InterestRate,All,2018-02-13,2018-02-28,57728.006242
All,InterestRate,All,2018-02-14,2018-03-01,46253.666231
All,InterestRate,All,2018-02-15,2018-03-02,40254.715042
All,InterestRate,All,2018-02-16,2018-03-05,41935.908936
All,InterestRate,All,2018-02-20,2018-03-06,74695.812416
All,InterestRate,All,2018-02-21,2018-03-07,57793.897297
All,InterestRate,All,2018-02-22,2018-03-08,69183.045297
All,InterestRate,All,2018-02-23,2018-03-09,99855.744321
All,InterestRate,All,2018-02-26,2018-03-12,89343.137052
All,InterestRate,All,2018-02-27,2018-03-13,88113.404793
All,InterestRate,All,2018-02-28,2018-03-14,47353.413961
All,InterestRate,All,2018-03-01,2018-03-15,68101.352538
All,InterestRate,All,2018-03-02,2018-03-16,87072.683612
All,InterestRate,All,2018-03-05,2018-03-19,59942.175792
All,InterestRate,All,2018-03-06,2018-03-20,52633.618096
All,InterestRate,All,2018-03-07,2018-03-21,65230.209322
All,InterestRate,All,2018-03-08,2018-03-22,34568.597862
All,InterestRate,All,2018-03-09,2018-03-23,-7930.336061
All,InterestRate,All,2018-03-12,2018-03-26,4202.203459
All,InterestRate,All,2018-03-13,2018-03-27,-21277.223076
All,InterestRate,All,2018-03-14,2018-03-28,13022.110070
All,InterestRate,All,2018-03-15,2018-03-29,21546.199712
All,InterestRate,All,2018-03-20,2018-04-03,5431.390417
All,InterestRate,All,2018-03-21,2018-04-04,-2901.708931
All,InterestRate,All,2018-03-22,2018-04-05,-7024.333527
All,InterestRate,All,2018-03-23,2018-04-06,19513.208905
All,InterestRate,All,2018-03-26,2018-04-09,14031.453714
All,InterestRate,All,2018-03-27,2018-04-10,7579.961449
All,InterestRate,All,2018-03-28,2018-04-11,19849.749535
All,InterestRate,All,2018-03-29,2018-04-12,-1274.509248
All,InterestRate,All,2018-04-03,2018-04-17,32739.008357
All,InterestRate,All,2018-04-04,2018-04-18,28807.306089
All,InterestRate,All,2018-04-05,2018-04-19,55779.428262
All,InterestRate,All,2018-04-06,2018-04-20,47498.261121
All,InterestRate,All,2018-04-09,2018-04-23,21956.575993
All,InterestRate,All,2018-04-10,2018-04-24,61465.229969
All,InterestRate,All,2018-04-11,2018-04-25,52434.077013
All,InterestRate,All,2018-04-12,2018-04-26,71343.721409
All,InterestRate,All,2018-04-13,2018-04-27,63951.215633
All,InterestRate,All,2018-04-16,2018-04-30,64700.210922
All,InterestRate,All,2018-04-17,2018-05-01,56659.404689
All,InterestRate,All,2018-04-18,2018-05-02,64814.840928
All,InterestRate,All,2018-04-19,2018-05-03,72610.841176
All,InterestRate,All,2018-04-20,2018-05-04,88110.448690
All,InterestRate,All,2018-04-24,2018-05-08,89601.602165
All,InterestRate,All,2018-04-25,2018-05-09,98031.066667
All,InterestRate,All,2018-04-26,2018-05-10,119241.286959
All,InterestRate,All,2018-04-27,2018-05-11,121426.041313
All,InterestRate,All,2018-04-30,2018-05-14,115327.064672
All,InterestRate,All,2018-05-01,2018-05-15,95708.851579
All,InterestRate,All,2018-05-02,2018-05-16,101449.409482
All,InterestRate,All,2018-05-03,2018-05-17,84485.625968
All,InterestRate,All,2018-05-04,2018-05-18,53767.940577
All,InterestRate,All,2018-05-08,2018-05-22,39571.363617
All,InterestRate,All,2018-05-09,2018-05-23,14012.827247
All,InterestRate,All,2018-05-10,2018-05-24,6457.559747
All,InterestRate,All,2018-05-11,2018-05-25,-4025.531604
All,InterestRate,All,2018-05-14,2018-05-29,-32455.474223
All,InterestRate,All,2018-05-15,2018-05-30,-6765.583719
All,InterestRate,All,2018-05-16,2018-05-31,-23208.232377
All,InterestRate,All,2018-05-17,2018-06-01,8842.834463
All,InterestRate,All,2018-05-18,2018-06-04,16394.046252
All,InterestRate,All,2018-05-21,2018-06-05,17468.064809
All,InterestRate,All,2018-05-22,2018-06-06,-5570.792859
All,InterestRate,All,2018-05-23,2018-06-07,27556.827838
All,InterestRate,All,2018-05-24,2018-06-08,3011.625766
All,InterestRate,All,2018-05-25,2018-06-11,19118.771228
All,InterestRate,All,2018-05-29,2018-06-12,46841.993632
All,InterestRate,All,2018-05-30,2018-06-13,43498.663095
All,InterestRate,All,2018-05-31,2018-06-14,85364.466005
All,InterestRate,All,2018-06-01,2018-06-15,61542.263933
All,InterestRate,All,2018-06-04,2018-06-18,52018.857631
All,InterestRate,All,2018-06-05,2018-06-19,51731.529470
All,InterestRate,All,2018-06-06,2018-06-20,116973.259294
All,InterestRate,All,2018-06-07,2018-06-21,104194.444754
All,InterestRate,All,2018-06-08,2018-06-22,110739.390573
All,InterestRate,All,2018-06-11,2018-06-25,109854.361444
All,InterestRate,All,2018-06-12,2018-06-26,121939.503021
All,InterestRate,All,2018-06-13,2018-06-27,111350.176295
All,InterestRate,All,2018-06-14,2018-06-28,79114.117406
All,InterestRate,All,2018-06-15,2018-06-29,91549.852568
All,InterestRate,All,2018-06-18,2018-07-02,128807.699928
All,InterestRate,All,2018-06-19,2018-07-03,148119.696011
All,InterestRate,All,2018-06-20,2018-07-05,114503.798258
All,InterestRate,All,2018-06-21,2018-07-06,98013.538296
All,InterestRate,All,2018-06-22,2018-07-09,63139.063991
All,InterestRate,All,2018-06-25,2018-07-10,78084.216247
All,InterestRate,All,2018-06-26,2018-07-11,65955.717462
All,InterestRate,All,2018-06-27,2018-07-12,74230.585056
All,InterestRate,All,2018-06-28,2018-07-13,69538.888987
All,InterestRate,All,2018-06-29,2018-07-16,44899.778757
All,InterestRate,All,2018-07-02,2018-07-17,13104.116741
All,InterestRate,All,2018-07-03,2018-07-18,-8192.175590
All,InterestRate,All,2018-07-05,2018-07-19,-8324.355769
All,InterestRate,All,2018-07-06,2018-07-20,23073.009083
All,InterestRate,All,2018-07-09,2018-07-23,57566.442232
All,InterestRate,All,2018-07-10,2018-07-24,33264.787729
All,InterestRate,All,2018-07-11,2018-07-25,22358.382225
All,InterestRate,All,2018-07-12,2018-07-26,11131.090580
All,InterestRate,All,2018-07-13,2018-07-27,-889.587377
All,InterestRate,All,2018-07-16,2018-07-30,3979.471772
All,InterestRate,All,2018-07-17,2018-07-31,12953.828299
All,InterestRate,All,2018-07-18,2018-08-01,15449.835335
All,InterestRate,All,2018-07-19,2018-08-02,22981.720136
All,InterestRate,All,2018-07-20,2018-08-03,-2375.944093
All,InterestRate,All,2018-07-23,2018-08-06,14192.699970
All,InterestRate,All,2018-07-24,2018-08-07,14793.020482
All,InterestRate,All,2018-07-25,2018-08-08,-4451.241564
All,InterestRate,All,2018-07-26,2018-08-09,9254.965727
All,InterestRate,All,2018-07-27,2018-08-10,4458.859739
All,InterestRate,All,2018-07-30,2018-08-13,-310.388990
All,InterestRate,All,2018-07-31,2018-08-14,12472.657399
All,InterestRate,All,2018-08-01,2018-08-15,20559.922168
All,InterestRate,All,2018-08-02,2018-08-16,2380.182236
All,InterestRate,All,2018-08-03,2018-08-17,7590.036965
All,InterestRate,All,2018-08-06,2018-08-20,-22982.330850
All,InterestRate,All,2018-08-07,2018-08-21,2271.831536
All,InterestRate,All,2018-08-08,2018-08-22,26113.597118
All,InterestRate,All,2018-08-09,2018-08-23,-1265.244636
All,InterestRate,All,2018-08-10,2018-08-24,10887.926280
All,InterestRate,All,2018-08-14,2018-08-28,-7764.164759
All,InterestRate,All,2018-08-15,2018-08-29,-30461.448182
All,InterestRate,All,2018-08-16,2018-08-30,-43173.757077
All,InterestRate,All,2018-08-17,2018-08-31,-10034.607165
All,InterestRate,All,2018-08-20,2018-09-04,30697.151130
All,InterestRate,All,2018-08-21,2018-09-05,16753.423301
All,InterestRate,All,2018-08-22,2018-09-06,2254.698288
All,InterestRate,All,2018-08-23,2018-09-07,33958.693475
All,InterestRate,All,2018-08-24,2018-09-10,53681.657840
All,InterestRate,All,2018-08-28,2018-09-12,70530.672795
All,InterestRate,All,2018-08-29,2018-09-13,102031.728412
All,InterestRate,All,2018-08-30,2018-09-14,109685.389936
All,InterestRate,All,2018-08-31,2018-09-17,81034.650900
All,InterestRate,All,2018-09-04,2018-09-18,61414.591730
All,InterestRate,All,2018-09-05,2018-09-19,48670.685851
All,InterestRate,All,2018-09-06,2018-09-20,62156.044324
All,InterestRate,All,2018-09-07,2018-09-21,18211.845366
All,InterestRate,All,2018-09-10,2018-09-24,1382.610087
All,InterestRate,All,2018-09-11,2018-09-25,-9753.024086
All,InterestRate,All,2018-09-12,2018-09-26,10.563247
All,InterestRate,All,2018-09-13,2018-09-27,-23818.955810
All,InterestRate,All,2018-09-14,2018-09-28,-8410.069438
All,InterestRate,All,2018-09-17,2018-10-01,283.382296
All,InterestRate,All,2018-09-18,2018-10-02,-2854.112749
All,InterestRate,All,2018-09-19,2018-10-03,26341.335279
All,InterestRate,All,2018-09-20,2018-10-04,40550.820065
All,InterestRate,All,2018-09-21,2018-10-05,63438.981813
All,InterestRate,All,2018-09-24,2018-10-09,61519.908891
All,InterestRate,All,2018-09-25,2018-10-10,67221.550044
All,InterestRate,All,2018-09-26,2018-10-11,48166.027986
All,InterestRate,All,2018-09-27,2018-10-12,36806.954573
All,InterestRate,All,2018-09-28,2018-10-15,66252.447877
All,InterestRate,All,2018-10-01,2018-10-16,58097.099541
All,InterestRate,All,2018-10-02,2018-10-17,33438.408237
All,InterestRate,All,2018-10-03,2018-10-18,16464.744004
All,InterestRate,All,2018-10-04,2018-10-19,23367.801156
All,InterestRate,All,2018-10-05,2018-10-22,38295.685718
All,InterestRate,All,2018-10-09,2018-10-23,33593.077685
All,InterestRate,All,2018-10-10,2018-10-24,34517.718810
All,InterestRate,All,2018-10-11,2018-10-25,56221.901591
All,InterestRate,All,2018-10-12,2018-10-26,55189.083303
All,InterestRate,All,2018-10-15,2018-10-29,-1421.643770
All,InterestRate,All,2018-10-16,2018-10-30,-16458.659981
All,InterestRate,All,2018-10-17,2018-10-31,28751.072778
All,InterestRate,All,2018-10-18,2018-11-01,21808.755413
All,InterestRate,All,2018-10-19,2018-11-02,8690.790664
All,InterestRate,All,2018-10-22,2018-11-05,15746.786517
All,InterestRate,All,2018-10-23,2018-11-06,9048.270740
All,InterestRate,All,2018-10-24,2018-11-07,17375.629760
All,InterestRate,All,2018-10-25,2018-11-08,4152.976492
All,InterestRate,All,2018-10-26,2018-11-09,24093.898376
All,InterestRate,All,2018-10-29,2018-11-13,44347.614583
All,InterestRate,All,2018-10-30,2018-11-14,52289.785662
All,InterestRate,All,2018-10-31,2018-11-15,55644.463275
All,InterestRate,All,2018-11-01,2018-11-16,49062.116377
All,InterestRate,All,2018-11-02,2018-11-19,70507.108546
All,InterestRate,All,2018-11-05,2018-11-20,70215.621379
All,InterestRate,All,2018-11-06,2018-11-21,74226.617174
All,InterestRate,All,2018-11-07,2018-11-23,67042.751972
All,InterestRate,All,2018-11-08,2018-11-26,79431.805349
All,InterestRate,All,2018-11-09,2018-11-27,74836.988954
All,InterestRate,All,2018-11-13,2018-11-28,66433.149747
All,InterestRate,All,2018-11-14,2018-11-29,80305.455272
All,InterestRate,All,2018-11-15,2018-11-30,42236.753203
All,InterestRate,All,2018-11-16,2018-12-03,44165.366986
All,InterestRate,All,2018-11-19,2018-12-04,23730.734899
All,InterestRate,All,2018-11-20,2018-12-05,20221.792347
All,InterestRate,All,2018-11-21,2018-12-06,51263.799166
All,InterestRate,All,2018-11-23,2018-12-07,51909.030913
All,InterestRate,All,2018-11-26,2018-12-10,38828.440392
All,InterestRate,All,2018-11-27,2018-12-11,53283.890151
All,InterestRate,All,2018-11-28,2018-12-12,64709.723619
All,InterestRate,All,2018-11-29,2018-12-13,59521.708243
All,InterestRate,All,2018-11-30,2018-12-14,71308.932591
All,InterestRate,All,2018-12-03,2018-12-17,48823.449744
All,InterestRate,All,2018-12-04,2018-12-18,59041.160939
All,InterestRate,All,2018-12-05,2018-12-19,10670.115113
All,InterestRate,All,2018-12-06,2018-12-20,-16382.308566
All,InterestRate,All,2018-12-07,2018-12-21,-15212.731727
All,InterestRate,All,2018-12-10,2018-12-24,-10465.598104
All,InterestRate,All,2018-12-12,2018-12-27,6497.263591
All,InterestRate,All,2018-12-13,2018-12-28,-18750.014854
All,InterestRate,All,2018-12-14,2018-12-31,-14923.450467
All,InterestRate,All,2018-12-17,2019-01-02,14337.088118
All,InterestRate,All,2018-12-18,2019-01-03,-35526.396276
All,InterestRate,All,2018-12-19,2019-01-04,16200.383518
All,InterestRate,All,2018-12-20,2019-01-07,21376.350500
All,InterestRate,All,2018-12-21,2019-01-08,4094.030481
All,InterestRate,All,2018-12-24,2019-01-09,25618.266995
All,InterestRate,All,2018-12-27,2019-01-11,-9015.867847
All,InterestRate,All,2018-12-28,2019-01-14,22597.218881
All,InterestRate,All,2018-12-31,2019-01-15,20329.597841
All,InterestRate,All,2019-01-02,2019-01-16,19187.549186
All,InterestRate,All,2019-01-03,2019-01-17,54823.202025
All,InterestRate,All,2019-01-04,2019-01-18,57783.730793
All,InterestRate,All,2019-01-07,2019-01-22,20687.172633
All,InterestRate,All,2019-01-08,2019-01-23,26416.784463
All,InterestRate,All,2019-01-09,2019-01-24,-4893.990868
All,InterestRate,All,2019-01-10,2019-01-25,-1866.796049
All,InterestRate,All,2019-01-11,2019-01-28,-16898.536610
All,InterestRate,All,2019-01-14,2019-01-29,-42159.011632
All,InterestRate,All,2019-01-15,2019-01-30,-41370.757482
All,InterestRate,All,2019-01-16,2019-01-31,-27286.402927
All,InterestRate,All,2019-01-17,2019-02-01,-36419.029843
All,InterestRate,All,2019-01-18,2019-02-04,-48424.121849
All,InterestRate,All,2019-01-22,2019-02-05,-7161.798412
All,InterestRate,All,2019-01-23,2019-02-06,5193.963590
All,InterestRate,All,2019-01-24,2019-02-07,12510.260398
All,InterestRate,All,2019-01-25,2019-02-08,9351.623975
All,InterestRate,All,2019-01-28,2019-02-11,17256.853273
All,InterestRate,All,2019-01-29,2019-02-12,35342.066633
All,InterestRate,All,2019-01-30,2019-02-13,43377.786467
All,InterestRate,All,2019-01-31,2019-02-14,29650.438283
All,InterestRate,All,2019-02-01,2019-02-15,32123.711083
All,InterestRate,All,2019-02-04,2019-02-19,39014.170830
All,InterestRate,All,2019-02-05,2019-02-20,43193.016997
All,InterestRate,All,2019-02-06,2019-02-21,60408.953674
All,InterestRate,All,2019-02-07,2019-02-22,46756.066971
All,InterestRate,All,2019-02-08,2019-02-25,44966.389766
All,InterestRate,All,2019-02-11,2019-02-26,53118.274349
All,InterestRate,All,2019-02-12,2019-02-27,51794.562184
All,InterestRate,All,2019-02-13,2019-02-28,33870.057879
All,InterestRate,All,2019-02-14,2019-03-01,26829.941006
All,InterestRate,All,2019-02-15,2019-03-04,26630.099809
All,InterestRate,All,2019-02-19,2019-03-05,26139.573045
All,InterestRate,All,2019-02-20,2019-03-06,20683.205162
All,InterestRate,All,2019-02-21,2019-03-07,2624.434260
All,InterestRate,All,2019-02-22,2019-03-08,18108.115722
All,InterestRate,All,2019-02-25,2019-03-11,20131.722667
All,InterestRate,All,2019-02-26,2019-03-12,19585.421162
All,InterestRate,All,2019-02-27,2019-03-13,22032.269064
All,InterestRate,All,2019-02-28,2019-03-14,28746.826230
All,InterestRate,All,2019-03-01,2019-03-15,37054.117200
All,InterestRate,All,2019-03-04,2019-03-18,38996.022146
All,InterestRate,All,2019-03-05,2019-03-19,42813.504939
All,InterestRate,All,2019-03-06,2019-03-20,39306.069832
All,InterestRate,All,2019-03-07,2019-03-21,37720.541002
All,InterestRate,All,2019-03-08,2019-03-22,31370.210354
All,InterestRate,All,2019-03-11,2019-03-25,38420.055365
All,InterestRate,All,2019-03-12,2019-03-26,51323.428252
All,InterestRate,All,2019-03-13,2019-03-27,59791.526643
All,InterestRate,All,2019-03-14,2019-03-28,65274.857086
All,InterestRate,All,2019-03-15,2019-03-29,60304.420691
All,InterestRate,All,2019-03-18,2019-04-01,49322.158822
All,InterestRate,All,2019-03-19,2019-04-02,26141.973002
All,InterestRate,All,2019-03-20,2019-04-03,10356.867035
All,InterestRate,All,2019-03-21,2019-04-04,8247.705201
All,InterestRate,All,2019-03-22,2019-04-05,8579.107499
All,InterestRate,All,2019-03-25,2019-04-08,-7391.616886
All,InterestRate,All,2019-03-26,2019-04-09,-25010.743481
All,InterestRate,All,2019-03-27,2019-04-10,-24369.415985
All,InterestRate,All,2019-03-28,2019-04-11,-19457.735088
All,InterestRate,All,2019-03-29,2019-04-12,-20449.940921
All,InterestRate,All,2019-04-01,2019-04-15,-6315.915281
All,InterestRate,All,2019-04-02,2019-04-16,6687.850981
All,InterestRate,All,2019-04-03,2019-04-17,15273.576660
All,InterestRate,All,2019-04-04,2019-04-18,53867.028715
All,InterestRate,All,2019-04-09,2019-04-23,39153.793139
All,InterestRate,All,2019-04-10,2019-04-24,26325.442556
All,InterestRate,All,2019-04-11,2019-04-25,22488.388902
All,InterestRate,All,2019-04-12,2019-04-26,20743.346341
All,InterestRate,All,2019-04-15,2019-04-29,10361.674595
All,InterestRate,All,2019-04-16,2019-04-30,-1915.214214
All,InterestRate,All,2019-04-17,2019-05-01,-2744.153732
All,InterestRate,All,2019-04-18,2019-05-02,-37529.593831
All,InterestRate,All,2019-04-23,2019-05-07,-6939.800188
All,InterestRate,All,2019-04-24,2019-05-08,-8153.261449
All,InterestRate,All,2019-04-25,2019-05-09,-24378.491994
All,InterestRate,All,2019-04-26,2019-05-10,-29444.047085
All,InterestRate,All,2019-04-29,2019-05-13,-33558.541296
All,InterestRate,All,2019-04-30,2019-05-14,-29224.265573
All,InterestRate,All,2019-05-01,2019-05-15,-22711.971594
All,InterestRate,All,2019-05-02,2019-05-16,-19775.548812
All,InterestRate,All,2019-05-03,2019-05-17,-13318.690470
All,InterestRate,All,2019-05-07,2019-05-21,-11505.627659
All,InterestRate,All,2019-05-08,2019-05-22,-5024.193091
All,InterestRate,All,2019-05-09,2019-05-23,18.952967
All,InterestRate,All,2019-05-10,2019-05-24,12549.239422
All,InterestRate,All,2019-05-13,2019-05-28,32401.777594
All,InterestRate,All,2019-05-14,2019-05-29,45980.378367
All,InterestRate,All,2019-05-15,2019-05-30,42657.844634
All,InterestRate,All,2019-05-16,2019-05-31,41586.923295
All,InterestRate,All,2019-05-17,2019-06-03,24745.585798
All,InterestRate,All,2019-05-20,2019-06-04,35902.557199
All,InterestRate,All,2019-05-21,2019-06-05,30040.986495
All,InterestRate,All,2019-05-22,2019-06-06,21973.274030
All,InterestRate,All,2019-05-23,2019-06-07,33310.150709
All,InterestRate,All,2019-05-24,2019-06-10,36253.143098
All,InterestRate,All,2019-05-28,2019-06-11,28746.539229
All,InterestRate,All,2019-05-29,2019-06-12,21222.301648
All,InterestRate,All,2019-05-30,2019-06-13,14385.199226
All,InterestRate,All,2019-05-31,2019-06-14,12050.668525
All,InterestRate,All,2019-06-03,2019-06-17,35210.802509
All,InterestRate,All,2019-06-04,2019-06-18,27396.888571
All,InterestRate,All,2019-06-05,2019-06-19,26271.408218
All,InterestRate,All,2019-06-06,2019-06-20,40808.433097
All,InterestRate,All,2019-06-07,2019-06-21,32429.027915
All,InterestRate,All,2019-06-10,2019-06-24,20846.019957
All,InterestRate,All,2019-06-11,2019-06-25,17661.759151
All,InterestRate,All,2019-06-12,2019-06-26,12929.396812
All,InterestRate,All,2019-06-13,2019-06-27,21433.060915
All,InterestRate,All,2019-06-14,2019-06-28,20181.064906
All,InterestRate,All,2019-06-17,2019-07-01,5498.123268
All,InterestRate,All,2019-06-18,2019-07-02,-1113.199427
All,InterestRate,All,2019-06-19,2019-07-03,7616.965349
All,InterestRate,All,2019-06-20,2019-07-05,-6147.823106
All,InterestRate,All,2019-06-21,2019-07-08,-3047.145392
All,InterestRate,All,2019-06-24,2019-07-09,2893.499179
All,InterestRate,All,2019-06-25,2019-07-10,1454.313912
All,InterestRate,All,2019-06-26,2019-07-11,8371.656486
All,InterestRate,All,2019-06-27,2019-07-12,11417.873903
All,InterestRate,All,2019-06-28,2019-07-15,20984.415538
All,InterestRate,All,2019-07-01,2019-07-16,35053.557797
All,InterestRate,All,2019-07-02,2019-07-17,57789.834710
All,InterestRate,All,2019-07-03,2019-07-18,22672.661637
All,InterestRate,All,2019-07-05,2019-07-19,21144.928129
All,InterestRate,All,2019-07-08,2019-07-22,26912.095992
All,InterestRate,All,2019-07-09,2019-07-23,32706.659348
All,InterestRate,All,2019-07-10,2019-07-24,23481.906727
All,InterestRate,All,2019-07-11,2019-07-25,23777.596150
All,InterestRate,All,2019-07-12,2019-07-26,12014.303364
All,InterestRate,All,2019-07-15,2019-07-29,-9353.964746
All,InterestRate,All,2019-07-16,2019-07-30,-17343.404032
All,InterestRate,All,2019-07-17,2019-07-31,-12832.835761
All,InterestRate,All,2019-07-18,2019-08-01,14509.786049
All,InterestRate,All,2019-07-19,2019-08-02,13168.475673
All,InterestRate,All,2019-07-22,2019-08-05,3503.817468
All,InterestRate,All,2019-07-23,2019-08-06,8352.261335
All,InterestRate,All,2019-07-24,2019-08-07,40187.254079
All,InterestRate,All,2019-07-25,2019-08-08,43094.027877
All,InterestRate,All,2019-07-26,2019-08-09,41511.102653
All,InterestRate,All,2019-07-29,2019-08-12,46822.256252
All,InterestRate,All,2019-07-30,2019-08-13,45969.603256
All,InterestRate,All,2019-07-31,2019-08-14,22893.482898
All,InterestRate,All,2019-08-01,2019-08-15,29674.573325
All,InterestRate,All,2019-08-02,2019-08-16,41741.119345
All,InterestRate,All,2019-08-05,2019-08-19,40918.524626
All,InterestRate,All,2019-08-06,2019-08-20,29629.219750
All,InterestRate,All,2019-08-07,2019-08-21,5962.620103
All,InterestRate,All,2019-08-08,2019-08-22,-7699.348520
All,InterestRate,All,2019-08-09,2019-08-23,-13024.044604
All,InterestRate,All,2019-08-13,2019-08-27,-3062.915779
All,InterestRate,All,2019-08-14,2019-08-28,-7204.104588
All,InterestRate,All,2019-08-15,2019-08-29,-2975.796382
All,InterestRate,All,2019-08-16,2019-08-30,-14625.097080
All,InterestRate,All,2019-08-19,2019-09-03,-20587.299298
All,InterestRate,All,2019-08-20,2019-09-04,-26726.801973
All,InterestRate,All,2019-08-21,2019-09-05,-19007.260682
All,InterestRate,All,2019-08-22,2019-09-06,3323.240023
All,InterestRate,All,2019-08-23,2019-09-09,28953.030043
All,InterestRate,All,2019-08-27,2019-09-11,68507.767670
All,InterestRate,All,2019-08-28,2019-09-12,76461.804994
All,InterestRate,All,2019-08-29,2019-09-13,94967.424888
All,InterestRate,All,2019-08-30,2019-09-16,87711.856517
All,InterestRate,All,2019-09-03,2019-09-17,108267.978350
All,InterestRate,All,2019-09-04,2019-09-18,119723.225702
All,InterestRate,All,2019-09-05,2019-09-19,117837.861481
All,InterestRate,All,2019-09-06,2019-09-20,115201.529056
All,InterestRate,All,2019-09-09,2019-09-23,111656.157269
All,InterestRate,All,2019-09-10,2019-09-24,75115.390056
All,InterestRate,All,2019-09-11,2019-09-25,52283.258204
All,InterestRate,All,2019-09-12,2019-09-26,54569.227958
All,InterestRate,All,2019-09-13,2019-09-27,23432.785035
All,InterestRate,All,2019-09-16,2019-09-30,36278.803832
All,InterestRate,All,2019-09-17,2019-10-01,20482.149835
All,InterestRate,All,2019-09-18,2019-10-02,36420.801894
All,InterestRate,All,2019-09-19,2019-10-03,50331.296858
All,InterestRate,All,2019-09-20,2019-10-04,54073.062700
All,InterestRate,All,2019-09-23,2019-10-07,70060.531120
All,InterestRate,All,2019-09-24,2019-10-08,90101.138057
All,InterestRate,All,2019-09-25,2019-10-09,89121.925341
All,InterestRate,All,2019-09-26,2019-10-10,68597.371086
All,InterestRate,All,2019-09-27,2019-10-11,84484.874595
All,InterestRate,All,2019-09-30,2019-10-15,104823.766425
All,InterestRate,All,2019-10-01,2019-10-16,108827.828041
All,InterestRate,All,2019-10-02,2019-10-17,95372.888893
All,InterestRate,All,2019-10-03,2019-10-18,83753.274135
All,InterestRate,All,2019-10-04,2019-10-21,66525.592836
All,InterestRate,All,2019-10-07,2019-10-22,43761.615220
All,InterestRate,All,2019-10-08,2019-10-23,41463.097325
All,InterestRate,All,2019-10-09,2019-10-24,47005.095962
All,InterestRate,All,2019-10-10,2019-10-25,72087.526921
All,InterestRate,All,2019-10-11,2019-10-28,46705.515168
All,InterestRate,All,2019-10-15,2019-10-29,22330.789917
All,InterestRate,All,2019-10-16,2019-10-30,34377.061676
All,InterestRate,All,2019-10-17,2019-10-31,35709.456656
All,InterestRate,All,2019-10-18,2019-11-01,33705.977580
All,InterestRate,All,2019-10-21,2019-11-04,32615.488056
All,InterestRate,All,2019-10-22,2019-11-05,30396.121781
All,InterestRate,All,2019-10-23,2019-11-06,21149.101248
All,InterestRate,All,2019-10-24,2019-11-07,19455.583742
All,InterestRate,All,2019-10-25,2019-11-08,19714.635855
All,InterestRate,All,2019-10-28,2019-11-12,14889.596158
All,InterestRate,All,2019-10-29,2019-11-13,15788.153837
All,InterestRate,All,2019-10-30,2019-11-14,22498.771950
All,InterestRate,All,2019-10-31,2019-11-15,18123.977199
All,InterestRate,All,2019-11-01,2019-11-18,21041.628460
All,InterestRate,All,2019-11-04,2019-11-19,24317.097137
All,InterestRate,All,2019-11-05,2019-11-20,34006.480123
All,InterestRate,All,2019-11-06,2019-11-21,50737.183941
All,InterestRate,All,2019-11-07,2019-11-22,49582.549933
All,InterestRate,All,2019-11-08,2019-11-25,39931.835507
All,InterestRate,All,2019-11-12,2019-11-26,63996.922420
All,InterestRate,All,2019-11-13,2019-11-27,60858.325139
All,InterestRate,All,2019-11-14,2019-11-29,28177.396956
All,InterestRate,All,2019-11-15,2019-12-02,23865.837369
All,InterestRate,All,2019-11-18,2019-12-03,24712.652692
All,InterestRate,All,2019-11-19,2019-12-04,21325.375017
All,InterestRate,All,2019-11-20,2019-12-05,25680.961128
All,InterestRate,All,2019-11-21,2019-12-06,27071.290776
All,InterestRate,All,2019-11-22,2019-12-09,10281.925372
All,InterestRate,All,2019-11-25,2019-12-10,11309.630204
All,InterestRate,All,2019-11-26,2019-12-11,-10980.371154
All,InterestRate,All,2019-11-27,2019-12-12,6894.190600
All,InterestRate,All,2019-11-29,2019-12-13,33140.262118
All,InterestRate,All,2019-12-02,2019-12-16,41530.660032
All,InterestRate,All,2019-12-03,2019-12-17,34226.256682
All,InterestRate,All,2019-12-04,2019-12-18,43867.448989
All,InterestRate,All,2019-12-05,2019-12-19,38372.063741
All,InterestRate,All,2019-12-06,2019-12-20,25809.056949
All,InterestRate,All,2019-12-09,2019-12-23,36164.863373
All,InterestRate,All,2019-12-10,2019-12-24,33243.653318
All,InterestRate,All,2019-12-12,2019-12-27,38336.798728
All,InterestRate,All,2019-12-13,2019-12-30,25573.179307
All,InterestRate,DeltaGamma,2016-12-30,2017-01-17,13257.712508
All,InterestRate,DeltaGamma,2017-01-03,2017-01-18,2620.280001
All,InterestRate,DeltaGamma,2017-01-04,2017-01-19,-794.935948
All,InterestRate,DeltaGamma,2017-01-05,2017-01-20,41094.783966
All,InterestRate,DeltaGamma,2017-01-06,2017-01-23,28021.943424
All,InterestRate,DeltaGamma,2017-01-09,2017-01-24,36207.463293
All,InterestRate,DeltaGamma,2017-01-10,2017-01-25,51966.301397
All,InterestRate,DeltaGamma,2017-01-11,2017-01-26,33713.964298
All,InterestRate,DeltaGamma,2017-01-12,2017-01-27,48400.004015
All,InterestRate,DeltaGamma,2017-01-13,2017-01-30,27733.005963
All,InterestRate,DeltaGamma,2017-01-17,2017-01-31,92182.626899
All,InterestRate,DeltaGamma,2017-01-18,2017-02-01,63427.673894
All,InterestRate,DeltaGamma,2017-01-19,2017-02-02,66551.873501
All,InterestRate,DeltaGamma,2017-01-20,2017-02-03,61068.993171
All,InterestRate,DeltaGamma,2017-01-23,2017-02-06,69332.123421
All,InterestRate,DeltaGamma,2017-01-24,2017-02-07,47582.876253
All,InterestRate,DeltaGamma,2017-01-25,2017-02-08,32475.920487
All,InterestRate,DeltaGamma,2017-01-26,2017-02-09,50678.278849
All,InterestRate,DeltaGamma,2017-01-27,2017-02-10,36246.178489
All,InterestRate,DeltaGamma,2017-01-30,2017-02-13,38158.124155
All,InterestRate,DeltaGamma,2017-01-31,2017-02-14,24600.428653
All,InterestRate,DeltaGamma,2017-02-01,2017-02-15,49233.723194
All,InterestRate,DeltaGamma,2017-02-02,2017-02-16,46705.033092
All,InterestRate,DeltaGamma,2017-02-03,2017-02-17,15706.210738
All,InterestRate,DeltaGamma,2017-02-06,2017-02-21,27327.289070
All,InterestRate,DeltaGamma,2017-02-07,2017-02-22,25922.578470
All,InterestRate,DeltaGamma,2017-02-08,2017-02-23,41429.828300
All,InterestRate,DeltaGamma,2017-02-09,2017-02-24,18862.258226
All,InterestRate,DeltaGamma,2017-02-10,2017-02-27,57302.310006
All,InterestRate,DeltaGamma,2017-02-13,2017-02-28,68960.366210
All,InterestRate,DeltaGamma,2017-02-14,2017-03-01,86340.644447
All,InterestRate,DeltaGamma,2017-02-15,2017-03-02,136998.002892
All,InterestRate,DeltaGamma,2017-02-16,2017-03-03,127258.365207
All,InterestRate,DeltaGamma,2017-02-17,2017-03-06,123866.090880
All,InterestRate,DeltaGamma,2017-02-21,2017-03-07,133654.144084
All,InterestRate,DeltaGamma,2017-02-22,2017-03-08,143638.731710
All,InterestRate,DeltaGamma,2017-02-23,2017-03-09,139392.895032
All,InterestRate,DeltaGamma,2017-02-24,2017-03-10,169548.460714
All,InterestRate,DeltaGamma,2017-02-27,2017-03-13,152656.797766
All,InterestRate,DeltaGamma,2017-02-28,2017-03-14,104477.708664
All,InterestRate,DeltaGamma,2017-03-01,2017-03-15,120805.031909
All,InterestRate,DeltaGamma,2017-03-02,2017-03-16,-21851.424124
All,InterestRate,DeltaGamma,2017-03-03,2017-03-17,-30135.278739
All,InterestRate,DeltaGamma,2017-03-06,2017-03-20,-18763.895195
All,InterestRate,DeltaGamma,2017-03-07,2017-03-21,-17396.557923
All,InterestRate,DeltaGamma,2017-03-08,2017-03-22,5564.129250
All,InterestRate,DeltaGamma,2017-03-09,2017-03-23,-6696.369203
All,InterestRate,DeltaGamma,2017-03-10,2017-03-24,-33478.355198
All,InterestRate,DeltaGamma,2017-03-13,2017-03-27,7698.134504
All,InterestRate,DeltaGamma,2017-03-14,2017-03-28,44563.172477
All,InterestRate,DeltaGamma,2017-03-15,2017-03-29,7809.383581
All,InterestRate,DeltaGamma,2017-03-16,2017-03-30,85567.261615
All,InterestRate,DeltaGamma,2017-03-17,2017-03-31,95055.646390
All,InterestRate,DeltaGamma,2017-03-20,2017-04-03,94527.981680
All,InterestRate,DeltaGamma,2017-03-21,2017-04-04,110032.765158
All,InterestRate,DeltaGamma,2017-03-22,2017-04-05,107433.503630
All,InterestRate,DeltaGamma,2017-03-23,2017-04-06,126488.775255
All,InterestRate,DeltaGamma,2017-03-24,2017-04-07,90266.128730
All,InterestRate,DeltaGamma,2017-03-27,2017-04-10,20334.754949
All,InterestRate,DeltaGamma,2017-03-28,2017-04-11,26463.857248
All,InterestRate,DeltaGamma,2017-03-29,2017-04-12,8841.098880
All,InterestRate,DeltaGamma,2017-03-30,2017-04-13,27473.448692
All,InterestRate,DeltaGamma,2017-04-04,2017-04-18,-8959.872332
All,InterestRate,DeltaGamma,2017-04-05,2017-04-19,-7269.635140
All,InterestRate,DeltaGamma,2017-04-06,2017-04-20,-39503.985514
All,InterestRate,DeltaGamma,2017-04-07,2017-04-21,-23057.723974
All,InterestRate,DeltaGamma,2017-04-10,2017-04-24,26037.106158
All,InterestRate,DeltaGamma,2017-04-11,2017-04-25,35225.630696
All,InterestRate,DeltaGamma,2017-04-12,2017-04-26,34342.920460
All,InterestRate,DeltaGamma,2017-04-13,2017-04-27,9084.896224
All,InterestRate,DeltaGamma,2017-04-18,2017-05-02,40629.101772
All,InterestRate,DeltaGamma,2017-04-19,2017-05-03,28703.600054
All,InterestRate,DeltaGamma,2017-04-20,2017-05-04,41143.498507
All,InterestRate,DeltaGamma,2017-04-21,2017-05-05,45981.974570
All,InterestRate,DeltaGamma,2017-04-24,2017-05-08,8004.984068
All,InterestRate,DeltaGamma,2017-04-25,2017-05-09,5463.937548
All,InterestRate,DeltaGamma,2017-04-26,2017-05-10,4140.239454
All,InterestRate,DeltaGamma,2017-04-27,2017-05-11,14302.217800
All,InterestRate,DeltaGamma,2017-04-28,2017-05-12,12070.578734
All,InterestRate,DeltaGamma,2017-05-02,2017-05-16,-3184.514025
All,InterestRate,DeltaGamma,2017-05-03,2017-05-17,-13328.804120
All,InterestRate,DeltaGamma,2017-05-04,2017-05-18,-44425.831629
All,InterestRate,DeltaGamma,2017-05-05,2017-05-19,14506.739840
All,InterestRate,DeltaGamma,2017-05-08,2017-05-22,-644.860021
All,InterestRate,DeltaGamma,2017-05-09,2017-05-23,-26573.477994
All,InterestRate,DeltaGamma,2017-05-10,2017-05-24,15883.807204
All,InterestRate,DeltaGamma,2017-05-11,2017-05-25,32379.482617
All,InterestRate,DeltaGamma,2017-05-12,2017-05-26,18743.887696
All,InterestRate,DeltaGamma,2017-05-15,2017-05-30,14800.700609
All,InterestRate,DeltaGamma,2017-05-16,2017-05-31,12055.172545
All,InterestRate,DeltaGamma,2017-05-17,2017-06-01,58036.788776
All,InterestRate,DeltaGamma,2017-05-18,2017-06-02,57470.384841
All,InterestRate,DeltaGamma,2017-05-19,2017-06-05,623.228000
All,InterestRate,DeltaGamma,2017-05-22,2017-06-06,16114.914590
All,InterestRate,DeltaGamma,2017-05-23,2017-06-07,40079.986857
All,InterestRate,DeltaGamma,2017-05-24,2017-06-08,27483.290586
All,InterestRate,DeltaGamma,2017-05-25,2017-06-09,-1258.903741
All,InterestRate,DeltaGamma,2017-05-26,2017-06-12,20911.244798
All,InterestRate,DeltaGamma,2017-05-30,2017-06-13,29201.068419
All,InterestRate,DeltaGamma,2017-05-31,2017-06-14,31719.942107
All,InterestRate,DeltaGamma,2017-06-01,2017-06-15,-8016.266149
All,InterestRate,DeltaGamma,2017-06-02,2017-06-16,46033.324387
All,InterestRate,DeltaGamma,2017-06-05,2017-06-19,61157.646657
All,InterestRate,DeltaGamma,2017-06-06,2017-06-20,63622.181026
All,InterestRate,DeltaGamma,2017-06-07,2017-06-21,63013.794165
All,InterestRate,DeltaGamma,2017-06-08,2017-06-22,55927.489593
All,InterestRate,DeltaGamma,2017-06-09,2017-06-23,49059.380729
All,InterestRate,DeltaGamma,2017-06-12,2017-06-26,29774.989666
All,InterestRate,DeltaGamma,2017-06-13,2017-06-27,31672.587160
All,InterestRate,DeltaGamma,2017-06-14,2017-06-28,41201.903761
All,InterestRate,DeltaGamma,2017-06-15,2017-06-29,45895.885505
All,InterestRate,DeltaGamma,2017-06-16,2017-06-30,27377.586971
All,InterestRate,DeltaGamma,2017-06-19,2017-07-03,30117.801536
All,InterestRate,DeltaGamma,2017-06-20,2017-07-05,32901.311607
All,InterestRate,DeltaGamma,2017-06-21,2017-07-06,28629.503245
All,InterestRate,DeltaGamma,2017-06-22,2017-07-07,35843.913281
All,InterestRate,DeltaGamma,2017-06-23,2017-07-10,52998.554547
All,InterestRate,DeltaGamma,2017-06-26,2017-07-11,65345.638615
All,InterestRate,DeltaGamma,2017-06-27,2017-07-12,76560.085144
All,InterestRate,DeltaGamma,2017-06-28,2017-07-13,69560.169161
All,InterestRate,DeltaGamma,2017-06-29,2017-07-14,47978.103940
All,InterestRate,DeltaGamma,2017-06-30,2017-07-17,53941.656329
All,InterestRate,DeltaGamma,2017-07-03,2017-07-18,58410.485566
All,InterestRate,DeltaGamma,2017-07-05,2017-07-19,58952.456028
All,InterestRate,DeltaGamma,2017-07-06,2017-07-20,61014.177905
All,InterestRate,DeltaGamma,2017-07-07,2017-07-21,35068.209933
All,InterestRate,DeltaGamma,2017-07-10,2017-07-24,37918.435731
All,InterestRate,DeltaGamma,2017-07-11,2017-07-25,39613.481412
All,InterestRate,DeltaGamma,2017-07-12,2017-07-26,21296.341381
All,InterestRate,DeltaGamma,2017-07-13,2017-07-27,7202.087065
All,InterestRate,DeltaGamma,2017-07-14,2017-07-28,35389.169042
All,InterestRate,DeltaGamma,2017-07-17,2017-07-31,16913.124013
All,InterestRate,DeltaGamma,2017-07-18,2017-08-01,29725.676165
All,InterestRate,DeltaGamma,2017-07-19,2017-08-02,18217.817317
All,InterestRate,DeltaGamma,2017-07-20,2017-08-03,8982.850166
All,InterestRate,DeltaGamma,2017-07-21,2017-08-04,17480.056802
All,InterestRate,DeltaGamma,2017-07-24,2017-08-07,-3741.749413
All,InterestRate,DeltaGamma,2017-07-25,2017-08-08,19608.241309
All,InterestRate,DeltaGamma,2017-07-26,2017-08-09,-2237.811466
All,InterestRate,DeltaGamma,2017-07-27,2017-08-10,-6741.434565
All,InterestRate,DeltaGamma,2017-07-28,2017-08-11,-20676.685845
All,InterestRate,DeltaGamma,2017-07-31,2017-08-14,-138.938875
All,InterestRate,DeltaGamma,2017-08-01,2017-08-15,-21987.068185
All,InterestRate,DeltaGamma,2017-08-02,2017-08-16,-852.416514
All,InterestRate,DeltaGamma,2017-08-03,2017-08-17,17249.448697
All,InterestRate,DeltaGamma,2017-08-04,2017-08-18,-7438.467720
All,InterestRate,DeltaGamma,2017-08-07,2017-08-21,40803.515175
All,InterestRate,DeltaGamma,2017-08-08,2017-08-22,13642.922243
All,InterestRate,DeltaGamma,2017-08-09,2017-08-23,39369.567625
All,InterestRate,DeltaGamma,2017-08-10,2017-08-24,46538.580662
All,InterestRate,DeltaGamma,2017-08-11,2017-08-25,33687.065032
All,InterestRate,DeltaGamma,2017-08-15,2017-08-29,9975.769207
All,InterestRate,DeltaGamma,2017-08-16,2017-08-30,-27170.927238
All,InterestRate,DeltaGamma,2017-08-17,2017-08-31,-33648.674718
All,InterestRate,DeltaGamma,2017-08-18,2017-09-01,7954.082271
All,InterestRate,DeltaGamma,2017-08-21,2017-09-05,-45420.366892
All,InterestRate,DeltaGamma,2017-08-22,2017-09-06,-26669.171566
All,InterestRate,DeltaGamma,2017-08-23,2017-09-07,-30109.035807
All,InterestRate,DeltaGamma,2017-08-24,2017-09-08,-18141.494872
All,InterestRate,DeltaGamma,2017-08-25,2017-09-11,6126.016223
All,InterestRate,DeltaGamma,2017-08-29,2017-09-13,19133.541479
All,InterestRate,DeltaGamma,2017-08-30,2017-09-14,58952.404860
All,InterestRate,DeltaGamma,2017-08-31,2017-09-15,68131.792161
All,InterestRate,DeltaGamma,2017-09-01,2017-09-18,39934.971493
All,InterestRate,DeltaGamma,2017-09-05,2017-09-19,65979.536980
All,InterestRate,DeltaGamma,2017-09-06,2017-09-20,48668.299398
All,InterestRate,DeltaGamma,2017-09-07,2017-09-21,41988.300240
All,InterestRate,DeltaGamma,2017-09-08,2017-09-22,37049.153555
All,InterestRate,DeltaGamma,2017-09-11,2017-09-25,32452.601628
All,InterestRate,DeltaGamma,2017-09-12,2017-09-26,24323.149309
All,InterestRate,DeltaGamma,2017-09-13,2017-09-27,36640.612639
All,InterestRate,DeltaGamma,2017-09-14,2017-09-28,13916.173302
All,InterestRate,DeltaGamma,2017-09-15,2017-09-29,11629.598066
All,InterestRate,DeltaGamma,2017-09-18,2017-10-02,25905.737838
All,InterestRate,DeltaGamma,2017-09-19,2017-10-03,38635.899586
All,InterestRate,DeltaGamma,2017-09-20,2017-10-04,55827.951600
All,InterestRate,DeltaGamma,2017-09-21,2017-10-05,60543.932439
All,InterestRate,DeltaGamma,2017-09-22,2017-10-06,40080.873581
All,InterestRate,DeltaGamma,2017-09-25,2017-10-10,70031.216098
All,InterestRate,DeltaGamma,2017-09-26,2017-10-11,57478.390100
All,InterestRate,DeltaGamma,2017-09-27,2017-10-12,37782.572138
All,InterestRate,DeltaGamma,2017-09-28,2017-10-13,45653.426189
All,InterestRate,DeltaGamma,2017-09-29,2017-10-16,48349.247831
All,InterestRate,DeltaGamma,2017-10-02,2017-10-17,53227.215481
All,InterestRate,DeltaGamma,2017-10-03,2017-10-18,45952.566266
All,InterestRate,DeltaGamma,2017-10-04,2017-10-19,21375.385108
All,InterestRate,DeltaGamma,2017-10-05,2017-10-20,15444.300306
All,InterestRate,DeltaGamma,2017-10-06,2017-10-23,26339.682672
All,InterestRate,DeltaGamma,2017-10-10,2017-10-24,12174.422392
All,InterestRate,DeltaGamma,2017-10-11,2017-10-25,22313.703510
All,InterestRate,DeltaGamma,2017-10-12,2017-10-26,27659.363506
All,InterestRate,DeltaGamma,2017-10-13,2017-10-27,14789.582562
All,InterestRate,DeltaGamma,2017-10-16,2017-10-30,18401.319480
All,InterestRate,DeltaGamma,2017-10-17,2017-10-31,4783.042775
All,InterestRate,DeltaGamma,2017-10-18,2017-11-01,5551.326016
All,InterestRate,DeltaGamma,2017-10-19,2017-11-02,-7722.408420
All,InterestRate,DeltaGamma,2017-10-20,2017-11-03,-15622.261587
All,InterestRate,DeltaGamma,2017-10-23,2017-11-06,3294.149506
All,InterestRate,DeltaGamma,2017-10-24,2017-11-07,2189.803773
All,InterestRate,DeltaGamma,2017-10-25,2017-11-08,-8783.976426
All,InterestRate,DeltaGamma,2017-10-26,2017-11-09,-11991.766632
All,InterestRate,DeltaGamma,2017-10-27,2017-11-13,7260.323320
All,InterestRate,DeltaGamma,2017-10-30,2017-11-14,-17534.256203
All,InterestRate,DeltaGamma,2017-10-31,2017-11-15,-9560.502256
All,InterestRate,DeltaGamma,2017-11-01,2017-11-16,-27347.773788
All,InterestRate,DeltaGamma,2017-11-02,2017-11-17,14242.524393
All,InterestRate,DeltaGamma,2017-11-03,2017-11-20,8934.646886
All,InterestRate,DeltaGamma,2017-11-06,2017-11-21,8255.654935
All,InterestRate,DeltaGamma,2017-11-07,2017-11-22,7209.526127
All,InterestRate,DeltaGamma,2017-11-08,2017-11-24,33565.927095
All,InterestRate,DeltaGamma,2017-11-09,2017-11-27,72958.362900
All,InterestRate,DeltaGamma,2017-11-13,2017-11-28,48654.625144
All,InterestRate,DeltaGamma,2017-11-14,2017-11-29,70092.783492
All,InterestRate,DeltaGamma,2017-11-15,2017-11-30,68092.734975
All,InterestRate,DeltaGamma,2017-11-16,2017-12-01,76883.618157
All,InterestRate,DeltaGamma,2017-11-17,2017-12-04,52531.549669
All,InterestRate,DeltaGamma,2017-11-20,2017-12-05,74158.353263
All,InterestRate,DeltaGamma,2017-11-21,2017-12-06,56888.311893
All,InterestRate,DeltaGamma,2017-11-22,2017-12-07,51999.088239
All,InterestRate,DeltaGamma,2017-11-24,2017-12-08,48959.857563
All,InterestRate,DeltaGamma,2017-11-27,2017-12-11,27293.724994
All,InterestRate,DeltaGamma,2017-11-28,2017-12-12,37485.895298
All,InterestRate,DeltaGamma,2017-11-29,2017-12-13,3364.105408
All,InterestRate,DeltaGamma,2017-11-30,2017-12-14,27180.802475
All,InterestRate,DeltaGamma,2017-12-01,2017-12-15,1956.505953
All,InterestRate,DeltaGamma,2017-12-04,2017-12-18,37972.376884
All,InterestRate,DeltaGamma,2017-12-05,2017-12-19,41784.286308
All,InterestRate,DeltaGamma,2017-12-06,2017-12-20,66000.871435
All,InterestRate,DeltaGamma,2017-12-07,2017-12-21,39697.473567
All,InterestRate,DeltaGamma,2017-12-08,2017-12-22,9213.124604
All,InterestRate,DeltaGamma,2017-12-12,2017-12-27,26023.771086
All,InterestRate,DeltaGamma,2017-12-13,2017-12-28,79052.727510
All,InterestRate,DeltaGamma,2017-12-14,2017-12-29,48074.463587
All,InterestRate,DeltaGamma,2017-12-15,2018-01-02,101604.863917
All,InterestRate,DeltaGamma,2017-12-18,2018-01-03,57198.148088
All,InterestRate,DeltaGamma,2017-12-19,2018-01-04,35120.351644
All,InterestRate,DeltaGamma,2017-12-20,2018-01-05,47224.230741
All,InterestRate,DeltaGamma,2017-12-21,2018-01-08,57132.635308
All,InterestRate,DeltaGamma,2017-12-22,2018-01-09,79036.785877
All,InterestRate,DeltaGamma,2017-12-27,2018-01-11,74623.016109
All,InterestRate,DeltaGamma,2017-12-28,2018-01-12,47624.827339
All,InterestRate,DeltaGamma,2017-12-29,2018-01-16,50074.488413
All,InterestRate,DeltaGamma,2018-01-02,2018-01-17,14191.479482
All,InterestRate,DeltaGamma,2018-01-03,2018-01-18,59654.384928
All,InterestRate,DeltaGamma,2018-01-04,2018-01-19,61504.869744
All,InterestRate,DeltaGamma,2018-01-05,2018-01-22,49142.296102
All,InterestRate,DeltaGamma,2018-01-08,2018-01-23,64729.669407
All,InterestRate,DeltaGamma,2018-01-09,2018-01-24,75183.938204
All,InterestRate,DeltaGamma,2018-01-10,2018-01-25,75432.639815
All,InterestRate,DeltaGamma,2018-01-11,2018-01-26,72799.809821
All,InterestRate,DeltaGamma,2018-01-12,2018-01-29,44371.690256
All,InterestRate,DeltaGamma,2018-01-16,2018-01-30,54216.100734
All,InterestRate,DeltaGamma,2018-01-17,2018-01-31,70578.407244
All,InterestRate,DeltaGamma,2018-01-18,2018-02-01,36700.688862
All,InterestRate,DeltaGamma,2018-01-19,2018-02-02,69631.209814
All,InterestRate,DeltaGamma,2018-01-22,2018-02-05,60540.310309
All,InterestRate,DeltaGamma,2018-01-23,2018-02-06,63224.284789
All,InterestRate,DeltaGamma,2018-01-24,2018-02-07,67047.921958
All,InterestRate,DeltaGamma,2018-01-25,2018-02-08,56852.350111
All,InterestRate,DeltaGamma,2018-01-26,2018-02-09,34708.401474
All,InterestRate,DeltaGamma,2018-01-29,2018-02-12,63751.793763
All,InterestRate,DeltaGamma,2018-01-30,2018-02-13,43147.577778
All,InterestRate,DeltaGamma,2018-01-31,2018-02-14,24427.229219
All,InterestRate,DeltaGamma,2018-02-01,2018-02-15,26031.177855
All,InterestRate,DeltaGamma,2018-02-02,2018-02-16,26924.650880
All,InterestRate,DeltaGamma,2018-02-05,2018-02-20,-3676.089821
All,InterestRate,DeltaGamma,2018-02-06,2018-02-21,6980.844374
All,InterestRate,DeltaGamma,2018-02-07,2018-02-22,-2614.872526
All,InterestRate,DeltaGamma,2018-02-08,2018-02-23,-13227.574914
All,InterestRate,DeltaGamma,2018-02-09,2018-02-26,33454.872291
All,InterestRate,DeltaGamma,2018-02-12,2018-02-27,39049.898782
All,InterestRate,DeltaGamma,2018-02-13,2018-02-28,57728.006242
All,InterestRate,DeltaGamma,2018-02-14,2018-03-01,46253.666231
All,InterestRate,DeltaGamma,2018-02-15,2018-03-02,40254.715042
All,InterestRate,DeltaGamma,2018-02-16,2018-03-05,41935.908936
All,InterestRate,DeltaGamma,2018-02-20,2018-03-06,74695.812416
All,InterestRate,DeltaGamma,2018-02-21,2018-03-07,57793.897297
All,InterestRate,DeltaGamma,2018-02-22,2018-03-08,69183.045297
All,InterestRate,DeltaGamma,2018-02-23,2018-03-09,99855.744321
All,InterestRate,DeltaGamma,2018-02-26,2018-03-12,89343.137052
All,InterestRate,DeltaGamma,2018-02-27,2018-03-13,88113.404793
All,InterestRate,DeltaGamma,2018-02-28,2018-03-14,47353.413961
All,InterestRate,DeltaGamma,2018-03-01,2018-03-15,68101.352538
All,InterestRate,DeltaGamma,2018-03-02,2018-03-16,87072.683612
All,InterestRate,DeltaGamma,2018-03-05,2018-03-19,59942.175792
All,InterestRate,DeltaGamma,2018-03-06,2018-03-20,52633.618096
All,InterestRate,DeltaGamma,2018-03-07,2018-03-21,65230.209322
All,InterestRate,DeltaGamma,2018-03-08,2018-03-22,34568.597862
All,InterestRate,DeltaGamma,2018-03-09,2018-03-23,-7930.336061
All,InterestRate,DeltaGamma,2018-03-12,2018-03-26,4202.203459
All,InterestRate,DeltaGamma,2018-03-13,2018-03-27,-21277.223076
All,InterestRate,DeltaGamma,2018-03-14,2018-03-28,13022.110070
All,InterestRate,DeltaGamma,2018-03-15,2018-03-29,21546.199712
All,InterestRate,DeltaGamma,2018-03-20,2018-04-03,5431.390417
All,InterestRate,DeltaGamma,2018-03-21,2018-04-04,-2901.708931
All,InterestRate,DeltaGamma,2018-03-22,2018-04-05,-7024.333527
All,InterestRate,DeltaGamma,2018-03-23,2018-04-06,19513.208905
All,InterestRate,DeltaGamma,2018-03-26,2018-04-09,14031.453714
All,InterestRate,DeltaGamma,2018-03-27,2018-04-10,7579.961449
All,InterestRate,DeltaGamma,2018-03-28,2018-04-11,19849.749535
All,InterestRate,DeltaGamma,2018-03-29,2018-04-12,-1274.509248
All,InterestRate,DeltaGamma,2018-04-03,2018-04-17,32739.008357
All,InterestRate,DeltaGamma,2018-04-04,2018-04-18,28807.306089
All,InterestRate,DeltaGamma,2018-04-05,2018-04-19,55779.428262
All,InterestRate,DeltaGamma,2018-04-06,2018-04-20,47498.261121
All,InterestRate,DeltaGamma,2018-04-09,2018-04-23,21956.575993
All,InterestRate,DeltaGamma,2018-04-10,2018-04-24,61465.229969
All,InterestRate,DeltaGamma,2018-04-11,2018-04-25,52434.077013
All,InterestRate,DeltaGamma,2018-04-12,2018-04-26,71343.721409
All,InterestRate,DeltaGamma,2018-04-13,2018-04-27,63951.215633
All,InterestRate,DeltaGamma,2018-04-16,2018-04-30,64700.210922
All,InterestRate,DeltaGamma,2018-04-17,2018-05-01,56659.404689
All,InterestRate,DeltaGamma,2018-04-18,2018-05-02,64814.840928
All,InterestRate,DeltaGamma,2018-04-19,2018-05-03,72610.841176
All,InterestRate,DeltaGamma,2018-04-20,2018-05-04,88110.448690
All,InterestRate,DeltaGamma,2018-04-24,2018-05-08,89601.602165
All,InterestRate,DeltaGamma,2018-04-25,2018-05-09,98031.066667
All,InterestRate,DeltaGamma,2018-04-26,2018-05-10,119241.286959
All,InterestRate,DeltaGamma,2018-04-27,2018-05-11,121426.041313
All,InterestRate,DeltaGamma,2018-04-30,2018-05-14,115327.064672
All,InterestRate,DeltaGamma,2018-05-01,2018-05-15,95708.851579
All,InterestRate,DeltaGamma,2018-05-02,2018-05-16,101449.409482
All,InterestRate,DeltaGamma,2018-05-03,2018-05-17,84485.625968
All,InterestRate,DeltaGamma,2018-05-04,2018-05-18,53767.940577
All,InterestRate,DeltaGamma,2018-05-08,2018-05-22,39571.363617
All,InterestRate,DeltaGamma,2018-05-09,2018-05-23,14012.827247
All,InterestRate,DeltaGamma,2018-05-10,2018-05-24,6457.559747
All,InterestRate,DeltaGamma,2018-05-11,2018-05-25,-4025.531604
All,InterestRate,DeltaGamma,2018-05-14,2018-05-29,-32455.474223
All,InterestRate,DeltaGamma,2018-05-15,2018-05-30,-6765.583719
All,InterestRate,DeltaGamma,2018-05-16,2018-05-31,-23208.232377
All,InterestRate,DeltaGamma,2018-05-17,2018-06-01,8842.834463
All,InterestRate,DeltaGamma,2018-05-18,2018-06-04,16394.046252
All,InterestRate,DeltaGamma,2018-05-21,2018-06-05,17468.064809
All,InterestRate,DeltaGamma,2018-05-22,2018-06-06,-5570.792859
All,InterestRate,DeltaGamma,2018-05-23,2018-06-07,27556.827838
All,InterestRate,DeltaGamma,2018-05-24,2018-06-08,3011.625766
All,InterestRate,DeltaGamma,2018-05-25,2018-06-11,19118.771228
All,InterestRate,DeltaGamma,2018-05-29,2018-06-12,46841.993632
All,InterestRate,DeltaGamma,2018-05-30,2018-06-13,43498.663095
All,InterestRate,DeltaGamma,2018-05-31,2018-06-14,85364.466005
All,InterestRate,DeltaGamma,2018-06-01,2018-06-15,61542.263933
All,InterestRate,DeltaGamma,2018-06-04,2018-06-18,52018.857631
All,InterestRate,DeltaGamma,2018-06-05,2018-06-19,51731.529470
All,InterestRate,DeltaGamma,2018-06-06,2018-06-20,116973.259294
All,InterestRate,DeltaGamma,2018-06-07,2018-06-21,104194.444754
All,InterestRate,DeltaGamma,2018-06-08,2018-06-22,110739.390573
All,InterestRate,DeltaGamma,2018-06-11,2018-06-25,109854.361444
All,InterestRate,DeltaGamma,2018-06-12,2018-06-26,121939.503021
All,InterestRate,DeltaGamma,2018-06-13,2018-06-27,111350.176295
All,InterestRate,DeltaGamma,2018-06-14,2018-06-28,79114.117406
All,InterestRate,DeltaGamma,2018-06-15,2018-06-29,91549.852568
All,InterestRate,DeltaGamma,2018-06-18,2018-07-02,128807.699928
All,InterestRate,DeltaGamma,2018-06-19,2018-07-03,148119.696011
All,InterestRate,DeltaGamma,2018-06-20,2018-07-05,114503.798258
All,InterestRate,DeltaGamma,2018-06-21,2018-07-06,98013.538296
All,InterestRate,DeltaGamma,2018-06-22,2018-07-09,63139.063991
All,InterestRate,DeltaGamma,2018-06-25,2018-07-10,78084.216247
All,InterestRate,DeltaGamma,2018-06-26,2018-07-11,65955.717462
All,InterestRate,DeltaGamma,2018-06-27,2018-07-12,74230.585056
All,InterestRate,DeltaGamma,2018-06-28,2018-07-13,69538.888987
All,InterestRate,DeltaGamma,2018-06-29,2018-07-16,44899.778757
All,InterestRate,DeltaGamma,2018-07-02,2018-07-17,13104.116741
All,InterestRate,DeltaGamma,2018-07-03,2018-07-18,-8192.175590
All,InterestRate,DeltaGamma,2018-07-05,2018-07-19,-8324.355769
All,InterestRate,DeltaGamma,2018-07-06,2018-07-20,23073.009083
All,InterestRate,DeltaGamma,2018-07-09,2018-07-23,57566.442232
All,InterestRate,DeltaGamma,2018-07-10,2018-07-24,33264.787729
All,InterestRate,DeltaGamma,2018-07-11,2018-07-25,22358.382225
All,InterestRate,DeltaGamma,2018-07-12,2018-07-26,11131.090580
All,InterestRate,DeltaGamma,2018-07-13,2018-07-27,-889.587377
All,InterestRate,DeltaGamma,2018-07-16,2018-07-30,3979.471772
All,InterestRate,DeltaGamma,2018-07-17,2018-07-31,12953.828299
All,InterestRate,DeltaGamma,2018-07-18,2018-08-01,15449.835335
All,InterestRate,DeltaGamma,2018-07-19,2018-08-02,22981.720136
All,InterestRate,DeltaGamma,2018-07-20,2018-08-03,-2375.944093
All,InterestRate,DeltaGamma,2018-07-23,2018-08-06,14192.699970
All,InterestRate,DeltaGamma,2018-07-24,2018-08-07,14793.020482
All,InterestRate,DeltaGamma,2018-07-25,2018-08-08,-4451.241564
All,InterestRate,DeltaGamma,2018-07-26,2018-08-09,9254.965727
All,InterestRate,DeltaGamma,2018-07-27,2018-08-10,4458.859739
All,InterestRate,DeltaGamma,2018-07-30,2018-08-13,-310.388990
All,InterestRate,DeltaGamma,2018-07-31,2018-08-14,12472.657399
All,InterestRate,DeltaGamma,2018-08-01,2018-08-15,20559.922168
All,InterestRate,DeltaGamma,2018-08-02,2018-08-16,2380.182236
All,InterestRate,DeltaGamma,2018-08-03,2018-08-17,7590.036965
All,InterestRate,DeltaGamma,2018-08-06,2018-08-20,-22982.330850
All,InterestRate,DeltaGamma,2018-08-07,2018-08-21,2271.831536
All,InterestRate,DeltaGamma,2018-08-08,2018-08-22,26113.597118
All,InterestRate,DeltaGamma,2018-08-09,2018-08-23,-1265.244636
All,InterestRate,DeltaGamma,2018-08-10,2018-08-24,10887.926280
All,InterestRate,DeltaGamma,2018-08-14,2018-08-28,-7764.164759
All,InterestRate,DeltaGamma,2018-08-15,2018-08-29,-30461.448182
All,InterestRate,DeltaGamma,2018-08-16,2018-08-30,-43173.757077
All,InterestRate,DeltaGamma,2018-08-17,2018-08-31,-10034.607165
All,InterestRate,DeltaGamma,2018-08-20,2018-09-04,30697.151130
All,InterestRate,DeltaGamma,2018-08-21,2018-09-05,16753.423301
All,InterestRate,DeltaGamma,2018-08-22,2018-09-06,2254.698288
All,InterestRate,DeltaGamma,2018-08-23,2018-09-07,33958.693475
All,InterestRate,DeltaGamma,2018-08-24,2018-09-10,53681.657840
All,InterestRate,DeltaGamma,2018-08-28,2018-09-12,70530.672795
All,InterestRate,DeltaGamma,2018-08-29,2018-09-13,102031.728412
All,InterestRate,DeltaGamma,2018-08-30,2018-09-14,109685.389936
All,InterestRate,DeltaGamma,2018-08-31,2018-09-17,81034.650900
All,InterestRate,DeltaGamma,2018-09-04,2018-09-18,61414.591730
All,InterestRate,DeltaGamma,2018-09-05,2018-09-19,48670.685851
All,InterestRate,DeltaGamma,2018-09-06,2018-09-20,62156.044324
All,InterestRate,DeltaGamma,2018-09-07,2018-09-21,18211.845366
All,InterestRate,DeltaGamma,2018-09-10,2018-09-24,1382.610087
All,InterestRate,DeltaGamma,2018-09-11,2018-09-25,-9753.024086
All,InterestRate,DeltaGamma,2018-09-12,2018-09-26,10.563247
All,InterestRate,DeltaGamma,2018-09-13,2018-09-27,-23818.955810
All,InterestRate,DeltaGamma,2018-09-14,2018-09-28,-8410.069438
All,InterestRate,DeltaGamma,2018-09-17,2018-10-01,283.382296
All,InterestRate,DeltaGamma,2018-09-18,2018-10-02,-2854.112749
All,InterestRate,DeltaGamma,2018-09-19,2018-10-03,26341.335279
All,InterestRate,DeltaGamma,2018-09-20,2018-10-04,40550.820065
All,InterestRate,DeltaGamma,2018-09-21,2018-10-05,63438.981813
All,InterestRate,DeltaGamma,2018-09-24,2018-10-09,61519.908891
All,InterestRate,DeltaGamma,2018-09-25,2018-10-10,67221.550044
All,InterestRate,DeltaGamma,2018-09-26,2018-10-11,48166.027986
All,InterestRate,DeltaGamma,2018-09-27,2018-10-12,36806.954573
All,InterestRate,DeltaGamma,2018-09-28,2018-10-15,66252.447877
All,InterestRate,DeltaGamma,2018-10-01,2018-10-16,58097.099541
All,InterestRate,DeltaGamma,2018-10-02,2018-10-17,33438.408237
All,InterestRate,DeltaGamma,2018-10-03,2018-10-18,16464.744004
All,InterestRate,DeltaGamma,2018-10-04,2018-10-19,23367.801156
All,InterestRate,DeltaGamma,2018-10-05,2018-10-22,38295.685718
All,InterestRate,DeltaGamma,2018-10-09,2018-10-23,33593.077685
All,InterestRate,DeltaGamma,2018-10-10,2018-10-24,34517.718810
All,InterestRate,DeltaGamma,2018-10-11,2018-10-25,56221.901591
All,InterestRate,DeltaGamma,2018-10-12,2018-10-26,55189.083303
All,InterestRate,DeltaGamma,2018-10-15,2018-10-29,-1421.643770
All,InterestRate,DeltaGamma,2018-10-16,2018-10-30,-16458.659981
All,InterestRate,DeltaGamma,2018-10-17,2018-10-31,28751.072778
All,InterestRate,DeltaGamma,2018-10-18,2018-11-01,21808.755413
All,InterestRate,DeltaGamma,2018-10-19,2018-11-02,8690.790664
All,InterestRate,DeltaGamma,2018-10-22,2018-11-05,15746.786517
All,InterestRate,DeltaGamma,2018-10-23,2018-11-06,9048.270740
All,InterestRate,DeltaGamma,2018-10-24,2018-11-07,17375.629760
All,InterestRate,DeltaGamma,2018-10-25,2018-11-08,4152.976492
All,InterestRate,DeltaGamma,2018-10-26,2018-11-09,24093.898376
All,InterestRate,DeltaGamma,2018-10-29,2018-11-13,44347.614583
All,InterestRate,DeltaGamma,2018-10-30,2018-11-14,52289.785662
All,InterestRate,DeltaGamma,2018-10-31,2018-11-15,55644.463275
All,InterestRate,DeltaGamma,2018-11-01,2018-11-16,49062.116377
All,InterestRate,DeltaGamma,2018-11-02,2018-11-19,70507.108546
All,InterestRate,DeltaGamma,2018-11-05,2018-11-20,70215.621379
All,InterestRate,DeltaGamma,2018-11-06,2018-11-21,74226.617174
All,InterestRate,DeltaGamma,2018-11-07,2018-11-23,67042.751972
All,InterestRate,DeltaGamma,2018-11-08,2018-11-26,79431.805349
All,InterestRate,DeltaGamma,2018-11-09,2018-11-27,74836.988954
All,InterestRate,DeltaGamma,2018-11-13,2018-11-28,66433.149747
All,InterestRate,DeltaGamma,2018-11-14,2018-11-29,80305.455272
All,InterestRate,DeltaGamma,2018-11-15,2018-11-30,42236.753203
All,InterestRate,DeltaGamma,2018-11-16,2018-12-03,44165.366986
All,InterestRate,DeltaGamma,2018-11-19,2018-12-04,23730.734899
All,InterestRate,DeltaGamma,2018-11-20,2018-12-05,20221.792347
All,InterestRate,DeltaGamma,2018-11-21,2018-12-06,51263.799166
All,InterestRate,DeltaGamma,2018-11-23,2018-12-07,51909.030913
All,InterestRate,DeltaGamma,2018-11-26,2018-12-10,38828.440392
All,InterestRate,DeltaGamma,2018-11-27,2018-12-11,53283.890151
All,InterestRate,DeltaGamma,2018-11-28,2018-12-12,64709.723619
All,InterestRate,DeltaGamma,2018-11-29,2018-12-13,59521.708243
All,InterestRate,DeltaGamma,2018-11-30,2018-12-14,71308.932591
All,InterestRate,DeltaGamma,2018-12-03,2018-12-17,48823.449744
All,InterestRate,DeltaGamma,2018-12-04,2018-12-18,59041.160939
All,InterestRate,DeltaGamma,2018-12-05,2018-12-19,10670.115113
All,InterestRate,DeltaGamma,2018-12-06,2018-12-20,-16382.308566
All,InterestRate,DeltaGamma,2018-12-07,2018-12-21,-15212.731727
All,InterestRate,DeltaGamma,2018-12-10,2018-12-24,-10465.598104
All,InterestRate,DeltaGamma,2018-12-12,2018-12-27,6497.263591
All,InterestRate,DeltaGamma,2018-12-13,2018-12-28,-18750.014854
All,InterestRate,DeltaGamma,2018-12-14,2018-12-31,-14923.450467
All,InterestRate,DeltaGamma,2018-12-17,2019-01-02,14337.088118
All,InterestRate,DeltaGamma,2018-12-18,2019-01-03,-35526.396276
All,InterestRate,DeltaGamma,2018-12-19,2019-01-04,16200.383518
All,InterestRate,DeltaGamma,2018-12-20,2019-01-07,21376.350500
All,InterestRate,DeltaGamma,2018-12-21,2019-01-08,4094.030481
All,InterestRate,DeltaGamma,2018-12-24,2019-01-09,25618.266995
All,InterestRate,DeltaGamma,2018-12-27,2019-01-11,-9015.867847
All,InterestRate,DeltaGamma,2018-12-28,2019-01-14,22597.218881
All,InterestRate,DeltaGamma,2018-12-31,2019-01-15,20329.597841
All,InterestRate,DeltaGamma,2019-01-02,2019-01-16,19187.549186
All,InterestRate,DeltaGamma,2019-01-03,2019-01-17,54823.202025
All,InterestRate,DeltaGamma,2019-01-04,2019-01-18,57783.730793
All,InterestRate,DeltaGamma,2019-01-07,2019-01-22,20687.172633
All,InterestRate,DeltaGamma,2019-01-08,2019-01-23,26416.784463
All,InterestRate,DeltaGamma,2019-01-09,2019-01-24,-4893.990868
All,InterestRate,DeltaGamma,2019-01-10,2019-01-25,-1866.796049
All,InterestRate,DeltaGamma,2019-01-11,2019-01-28,-16898.536610
All,InterestRate,DeltaGamma,2019-01-14,2019-01-29,-42159.011632
All,InterestRate,DeltaGamma,2019-01-15,2019-01-30,-41370.757482
All,InterestRate,DeltaGamma,2019-01-16,2019-01-31,-27286.402927
All,InterestRate,DeltaGamma,2019-01-17,2019-02-01,-36419.029843
All,InterestRate,DeltaGamma,2019-01-18,2019-02-04,-48424.121849
All,InterestRate,DeltaGamma,2019-01-22,2019-02-05,-7161.798412
All,InterestRate,DeltaGamma,2019-01-23,2019-02-06,5193.963590
All,InterestRate,DeltaGamma,2019-01-24,2019-02-07,12510.260398
All,InterestRate,DeltaGamma,2019-01-25,2019-02-08,9351.623975
All,InterestRate,DeltaGamma,2019-01-28,2019-02-11,17256.853273
All,InterestRate,DeltaGamma,2019-01-29,2019-02-12,35342.066633
All,InterestRate,DeltaGamma,2019-01-30,2019-02-13,43377.786467
All,InterestRate,DeltaGamma,2019-01-31,2019-02-14,29650.438283
All,InterestRate,DeltaGamma,2019-02-01,2019-02-15,32123.711083
All,InterestRate,DeltaGamma,2019-02-04,2019-02-19,39014.170830
All,InterestRate,DeltaGamma,2019-02-05,2019-02-20,43193.016997
All,InterestRate,DeltaGamma,2019-02-06,2019-02-21,60408.953674
All,InterestRate,DeltaGamma,2019-02-07,2019-02-22,46756.066971
All,InterestRate,DeltaGamma,2019-02-08,2019-02-25,44966.389766
All,InterestRate,DeltaGamma,2019-02-11,2019-02-26,53118.274349
All,InterestRate,DeltaGamma,2019-02-12,2019-02-27,51794.562184
All,InterestRate,DeltaGamma,2019-02-13,2019-02-28,33870.057879
All,InterestRate,DeltaGamma,2019-02-14,2019-03-01,26829.941006
All,InterestRate,DeltaGamma,2019-02-15,2019-03-04,26630.099809
All,InterestRate,DeltaGamma,2019-02-19,2019-03-05,26139.573045
All,InterestRate,DeltaGamma,2019-02-20,2019-03-06,20683.205162
All,InterestRate,DeltaGamma,2019-02-21,2019-03-07,2624.434260
All,InterestRate,DeltaGamma,2019-02-22,2019-03-08,18108.115722
All,InterestRate,DeltaGamma,2019-02-25,2019-03-11,20131.722667
All,InterestRate,DeltaGamma,2019-02-26,2019-03-12,19585.421162
All,InterestRate,DeltaGamma,2019-02-27,2019-03-13,22032.269064
All,InterestRate,DeltaGamma,2019-02-28,2019-03-14,28746.826230
All,InterestRate,DeltaGamma,2019-03-01,2019-03-15,37054.117200
All,InterestRate,DeltaGamma,2019-03-04,2019-03-18,38996.022146
All,InterestRate,DeltaGamma,2019-03-05,2019-03-19,42813.504939
All,InterestRate,DeltaGamma,2019-03-06,2019-03-20,39306.069832
All,InterestRate,DeltaGamma,2019-03-07,2019-03-21,37720.541002
All,InterestRate,DeltaGamma,2019-03-08,2019-03-22,31370.210354
All,InterestRate,DeltaGamma,2019-03-11,2019-03-25,38420.055365
All,InterestRate,DeltaGamma,2019-03-12,2019-03-26,51323.428252
All,InterestRate,DeltaGamma,2019-03-13,2019-03-27,59791.526643
All,InterestRate,DeltaGamma,2019-03-14,2019-03-28,65274.857086
All,InterestRate,DeltaGamma,2019-03-15,2019-03-29,60304.420691
All,InterestRate,DeltaGamma,2019-03-18,2019-04-01,49322.158822
All,InterestRate,DeltaGamma,2019-03-19,2019-04-02,26141.973002
All,InterestRate,DeltaGamma,2019-03-20,2019-04-03,10356.867035
All,InterestRate,DeltaGamma,2019-03-21,2019-04-04,8247.705201
All,InterestRate,DeltaGamma,2019-03-22,2019-04-05,8579.107499
All,InterestRate,DeltaGamma,2019-03-25,2019-04-08,-7391.616886
All,InterestRate,DeltaGamma,2019-03-26,2019-04-09,-25010.743481
All,InterestRate,DeltaGamma,2019-03-27,2019-04-10,-24369.415985
All,InterestRate,DeltaGamma,2019-03-28,2019-04-11,-19457.735088
All,InterestRate,DeltaGamma,2019-03-29,2019-04-12,-20449.940921
All,InterestRate,DeltaGamma,2019-04-01,2019-04-15,-6315.915281
All,InterestRate,DeltaGamma,2019-04-02,2019-04-16,6687.850981
All,InterestRate,DeltaGamma,2019-04-03,2019-04-17,15273.576660
All,InterestRate,DeltaGamma,2019-04-04,2019-04-18,53867.028715
All,InterestRate,DeltaGamma,2019-04-09,2019-04-23,39153.793139
All,InterestRate,DeltaGamma,2019-04-10,2019-04-24,26325.442556
All,InterestRate,DeltaGamma,2019-04-11,2019-04-25,22488.388902
All,InterestRate,DeltaGamma,2019-04-12,2019-04-26,20743.346341
All,InterestRate,DeltaGamma,2019-04-15,2019-04-29,10361.674595
All,InterestRate,DeltaGamma,2019-04-16,2019-04-30,-1915.214214
All,InterestRate,DeltaGamma,2019-04-17,2019-05-01,-2744.153732
All,InterestRate,DeltaGamma,2019-04-18,2019-05-02,-37529.593831
All,InterestRate,DeltaGamma,2019-04-23,2019-05-07,-6939.800188
All,InterestRate,DeltaGamma,2019-04-24,2019-05-08,-8153.261449
All,InterestRate,DeltaGamma,2019-04-25,2019-05-09,-24378.491994
All,InterestRate,DeltaGamma,2019-04-26,2019-05-10,-29444.047085
All,InterestRate,DeltaGamma,2019-04-29,2019-05-13,-33558.541296
All,InterestRate,DeltaGamma,2019-04-30,2019-05-14,-29224.265573
All,InterestRate,DeltaGamma,2019-05-01,2019-05-15,-22711.971594
All,InterestRate,DeltaGamma,2019-05-02,2019-05-16,-19775.548812
All,InterestRate,DeltaGamma,2019-05-03,2019-05-17,-13318.690470
All,InterestRate,DeltaGamma,2019-05-07,2019-05-21,-11505.627659
All,InterestRate,DeltaGamma,2019-05-08,2019-05-22,-5024.193091
All,InterestRate,DeltaGamma,2019-05-09,2019-05-23,18.952967
All,InterestRate,DeltaGamma,2019-05-10,2019-05-24,12549.239422
All,InterestRate,DeltaGamma,2019-05-13,2019-05-28,32401.777594
All,InterestRate,DeltaGamma,2019-05-14,2019-05-29,45980.378367
All,InterestRate,DeltaGamma,2019-05-15,2019-05-30,42657.844634
All,InterestRate,DeltaGamma,2019-05-16,2019-05-31,41586.923295
All,InterestRate,DeltaGamma,2019-05-17,2019-06-03,24745.585798
All,InterestRate,DeltaGamma,2019-05-20,2019-06-04,35902.557199
All,InterestRate,DeltaGamma,2019-05-21,2019-06-05,30040.986495
All,InterestRate,DeltaGamma,2019-05-22,2019-06-06,21973.274030
All,InterestRate,DeltaGamma,2019-05-23,2019-06-07,33310.150709
All,InterestRate,DeltaGamma,2019-05-24,2019-06-10,36253.143098
All,InterestRate,DeltaGamma,2019-05-28,2019-06-11,28746.539229
All,InterestRate,DeltaGamma,2019-05-29,2019-06-12,21222.301648
All,InterestRate,DeltaGamma,2019-05-30,2019-06-13,14385.199226
All,InterestRate,DeltaGamma,2019-05-31,2019-06-14,12050.668525
All,InterestRate,DeltaGamma,2019-06-03,2019-06-17,35210.802509
All,InterestRate,DeltaGamma,2019-06-04,2019-06-18,27396.888571
All,InterestRate,DeltaGamma,2019-06-05,2019-06-19,26271.408218
All,InterestRate,DeltaGamma,2019-06-06,2019-06-20,40808.433097
All,InterestRate,DeltaGamma,2019-06-07,2019-06-21,32429.027915
All,InterestRate,DeltaGamma,2019-06-10,2019-06-24,20846.019957
All,InterestRate,DeltaGamma,2019-06-11,2019-06-25,17661.759151
All,InterestRate,DeltaGamma,2019-06-12,2019-06-26,12929.396812
All,InterestRate,DeltaGamma,2019-06-13,2019-06-27,21433.060915
All,InterestRate,DeltaGamma,2019-06-14,2019-06-28,20181.064906
All,InterestRate,DeltaGamma,2019-06-17,2019-07-01,5498.123268
All,InterestRate,DeltaGamma,2019-06-18,2019-07-02,-1113.199427
All,InterestRate,DeltaGamma,2019-06-19,2019-07-03,7616.965349
All,InterestRate,DeltaGamma,2019-06-20,2019-07-05,-6147.823106
All,InterestRate,DeltaGamma,2019-06-21,2019-07-08,-3047.145392
All,InterestRate,DeltaGamma,2019-06-24,2019-07-09,2893.499179
All,InterestRate,DeltaGamma,2019-06-25,2019-07-10,1454.313912
All,InterestRate,DeltaGamma,2019-06-26,2019-07-11,8371.656486
All,InterestRate,DeltaGamma,2019-06-27,2019-07-12,11417.873903
All,InterestRate,DeltaGamma,2019-06-28,2019-07-15,20984.415538
All,InterestRate,DeltaGamma,2019-07-01,2019-07-16,35053.557797
All,InterestRate,DeltaGamma,2019-07-02,2019-07-17,57789.834710
All,InterestRate,DeltaGamma,2019-07-03,2019-07-18,22672.661637
All,InterestRate,DeltaGamma,2019-07-05,2019-07-19,21144.928129
All,InterestRate,DeltaGamma,2019-07-08,2019-07-22,26912.095992
All,InterestRate,DeltaGamma,2019-07-09,2019-07-23,32706.659348
All,InterestRate,DeltaGamma,2019-07-10,2019-07-24,23481.906727
All,InterestRate,DeltaGamma,2019-07-11,2019-07-25,23777.596150
All,InterestRate,DeltaGamma,2019-07-12,2019-07-26,12014.303364
All,InterestRate,DeltaGamma,2019-07-15,2019-07-29,-9353.964746
All,InterestRate,DeltaGamma,2019-07-16,2019-07-30,-17343.404032
All,InterestRate,DeltaGamma,2019-07-17,2019-07-31,-12832.835761
All,InterestRate,DeltaGamma,2019-07-18,2019-08-01,14509.786049
All,InterestRate,DeltaGamma,2019-07-19,2019-08-02,13168.475673
All,InterestRate,DeltaGamma,2019-07-22,2019-08-05,3503.817468
All,InterestRate,DeltaGamma,2019-07-23,2019-08-06,8352.261335
All,InterestRate,DeltaGamma,2019-07-24,2019-08-07,40187.254079
All,InterestRate,DeltaGamma,2019-07-25,2019-08-08,43094.027877
All,InterestRate,DeltaGamma,2019-07-26,2019-08-09,41511.102653
All,InterestRate,DeltaGamma,2019-07-29,2019-08-12,46822.256252
All,InterestRate,DeltaGamma,2019-07-30,2019-08-13,45969.603256
All,InterestRate,DeltaGamma,2019-07-31,2019-08-14,22893.482898
All,InterestRate,DeltaGamma,2019-08-01,2019-08-15,29674.573325
All,InterestRate,DeltaGamma,2019-08-02,2019-08-16,41741.119345
All,InterestRate,DeltaGamma,2019-08-05,2019-08-19,40918.524626
All,InterestRate,DeltaGamma,2019-08-06,2019-08-20,29629.219750
All,InterestRate,DeltaGamma,2019-08-07,2019-08-21,5962.620103
All,InterestRate,DeltaGamma,2019-08-08,2019-08-22,-7699.348520
All,InterestRate,DeltaGamma,2019-08-09,2019-08-23,-13024.044604
All,InterestRate,DeltaGamma,2019-08-13,2019-08-27,-3062.915779
All,InterestRate,DeltaGamma,2019-08-14,2019-08-28,-7204.104588
All,InterestRate,DeltaGamma,2019-08-15,2019-08-29,-2975.796382
All,InterestRate,DeltaGamma,2019-08-16,2019-08-30,-14625.097080
All,InterestRate,DeltaGamma,2019-08-19,2019-09-03,-20587.299298
All,InterestRate,DeltaGamma,2019-08-20,2019-09-04,-26726.801973
All,InterestRate,DeltaGamma,2019-08-21,2019-09-05,-19007.260682
All,InterestRate,DeltaGamma,2019-08-22,2019-09-06,3323.240023
All,InterestRate,DeltaGamma,2019-08-23,2019-09-09,28953.030043
All,InterestRate,DeltaGamma,2019-08-27,2019-09-11,68507.767670
All,InterestRate,DeltaGamma,2019-08-28,2019-09-12,76461.804994
All,InterestRate,DeltaGamma,2019-08-29,2019-09-13,94967.424888
All,InterestRate,DeltaGamma,2019-08-30,2019-09-16,87711.856517
All,InterestRate,DeltaGamma,2019-09-03,2019-09-17,108267.978350
All,InterestRate,DeltaGamma,2019-09-04,2019-09-18,119723.225702
All,InterestRate,DeltaGamma,2019-09-05,2019-09-19,117837.861481
All,InterestRate,DeltaGamma,2019-09-06,2019-09-20,115201.529056
All,InterestRate,DeltaGamma,2019-09-09,2019-09-23,111656.157269
All,InterestRate,DeltaGamma,2019-09-10,2019-09-24,75115.390056
All,InterestRate,DeltaGamma,2019-09-11,2019-09-25,52283.258204
All,InterestRate,DeltaGamma,2019-09-12,2019-09-26,54569.227958
All,InterestRate,DeltaGamma,2019-09-13,2019-09-27,23432.785035
All,InterestRate,DeltaGamma,2019-09-16,2019-09-30,36278.803832
All,InterestRate,DeltaGamma,2019-09-17,2019-10-01,20482.149835
All,InterestRate,DeltaGamma,2019-09-18,2019-10-02,36420.801894
All,InterestRate,DeltaGamma,2019-09-19,2019-10-03,50331.296858
All,InterestRate,DeltaGamma,2019-09-20,2019-10-04,54073.062700
All,InterestRate,DeltaGamma,2019-09-23,2019-10-07,70060.531120
All,InterestRate,DeltaGamma,2019-09-24,2019-10-08,90101.138057
All,InterestRate,DeltaGamma,2019-09-25,2019-10-09,89121.925341
All,InterestRate,DeltaGamma,2019-09-26,2019-10-10,68597.371086
All,InterestRate,DeltaGamma,2019-09-27,2019-10-11,84484.874595
All,InterestRate,DeltaGamma,2019-09-30,2019-10-15,104823.766425
All,InterestRate,DeltaGamma,2019-10-01,2019-10-16,108827.828041
All,InterestRate,DeltaGamma,2019-10-02,2019-10-17,95372.888893
All,InterestRate,DeltaGamma,2019-10-03,2019-10-18,83753.274135
All,InterestRate,DeltaGamma,2019-10-04,2019-10-21,66525.592836
All,InterestRate,DeltaGamma,2019-10-07,2019-10-22,43761.615220
All,InterestRate,DeltaGamma,2019-10-08,2019-10-23,41463.097325
All,InterestRate,DeltaGamma,2019-10-09,2019-10-24,47005.095962
All,InterestRate,DeltaGamma,2019-10-10,2019-10-25,72087.526921
All,InterestRate,DeltaGamma,2019-10-11,2019-10-28,46705.515168
All,InterestRate,DeltaGamma,2019-10-15,2019-10-29,22330.789917
All,InterestRate,DeltaGamma,2019-10-16,2019-10-30,34377.061676
All,InterestRate,DeltaGamma,2019-10-17,2019-10-31,35709.456656
All,InterestRate,DeltaGamma,2019-10-18,2019-11-01,33705.977580
All,InterestRate,DeltaGamma,2019-10-21,2019-11-04,32615.488056
All,InterestRate,DeltaGamma,2019-10-22,2019-11-05,30396.121781
All,InterestRate,DeltaGamma,2019-10-23,2019-11-06,21149.101248
All,InterestRate,DeltaGamma,2019-10-24,2019-11-07,19455.583742
All,InterestRate,DeltaGamma,2019-10-25,2019-11-08,19714.635855
All,InterestRate,DeltaGamma,2019-10-28,2019-11-12,14889.596158
All,InterestRate,DeltaGamma,2019-10-29,2019-11-13,15788.153837
All,InterestRate,DeltaGamma,2019-10-30,2019-11-14,22498.771950
All,InterestRate,DeltaGamma,2019-10-31,2019-11-15,18123.977199
All,InterestRate,DeltaGamma,2019-11-01,2019-11-18,21041.628460
All,InterestRate,DeltaGamma,2019-11-04,2019-11-19,24317.097137
All,InterestRate,DeltaGamma,2019-11-05,2019-11-20,34006.480123
All,InterestRate,DeltaGamma,2019-11-06,2019-11-21,50737.183941
All,InterestRate,DeltaGamma,2019-11-07,2019-11-22,49582.549933
All,InterestRate,DeltaGamma,2019-11-08,2019-11-25,39931.835507
All,InterestRate,DeltaGamma,2019-11-12,2019-11-26,63996.922420
All,InterestRate,DeltaGamma,2019-11-13,2019-11-27,60858.325139
All,InterestRate,DeltaGamma,2019-11-14,2019-11-29,28177.396956
All,InterestRate,DeltaGamma,2019-11-15,2019-12-02,23865.837369
All,InterestRate,DeltaGamma,2019-11-18,2019-12-03,24712.652692
All,InterestRate,DeltaGamma,2019-11-19,2019-12-04,21325.375017
All,InterestRate,DeltaGamma,2019-11-20,2019-12-05,25680.961128
All,InterestRate,DeltaGamma,2019-11-21,2019-12-06,27071.290776
All,InterestRate,DeltaGamma,2019-11-22,2019-12-09,10281.925372
All,InterestRate,DeltaGamma,2019-11-25,2019-12-10,11309.630204
All,InterestRate,DeltaGamma,2019-11-26,2019-12-11,-10980.371154
All,InterestRate,DeltaGamma,2019-11-27,2019-12-12,6894.190600
All,InterestRate,DeltaGamma,2019-11-29,2019-12-13,33140.262118
All,InterestRate,DeltaGamma,2019-12-02,2019-12-16,41530.660032
All,InterestRate,DeltaGamma,2019-12-03,2019-12-17,34226.256682
All,InterestRate,DeltaGamma,2019-12-04,2019-12-18,43867.448989
All,InterestRate,DeltaGamma,2019-12-05,2019-12-19,38372.063741
All,InterestRate,DeltaGamma,2019-12-06,2019-12-20,25809.056949
All,InterestRate,DeltaGamma,2019-12-09,2019-12-23,36164.863373
All,InterestRate,DeltaGamma,2019-12-10,2019-12-24,33243.653318
All,InterestRate,DeltaGamma,2019-12-12,2019-12-27,38336.798728
All,InterestRate,DeltaGamma,2019-12-13,2019-12-30,25573.179307
All,FX,All,2016-12-30,2017-01-17,-512530.846387
All,FX,All,2017-01-03,2017-01-18,-592581.043982
All,FX,All,2017-01-04,2017-01-19,-455581.395715
All,FX,All,2017-01-05,2017-01-20,-236400.817658
All,FX,All,2017-01-06,2017-01-23,-609499.709394
All,FX,All,2017-01-09,2017-01-24,-400400.708052
All,FX,All,2017-01-10,2017-01-25,-502155.676956
All,FX,All,2017-01-11,2017-01-26,-257494.943425
All,FX,All,2017-01-12,2017-01-27,-217779.462084
All,FX,All,2017-01-13,2017-01-30,-112037.208446
All,FX,All,2017-01-17,2017-01-31,-207444.680220
All,FX,All,2017-01-18,2017-02-01,-358846.068442
All,FX,All,2017-01-19,2017-02-02,-228332.572608
All,FX,All,2017-01-20,2017-02-03,-194674.498345
All,FX,All,2017-01-23,2017-02-06,73252.723158
All,FX,All,2017-01-24,2017-02-07,155153.062356
All,FX,All,2017-01-25,2017-02-08,161713.702866
All,FX,All,2017-01-26,2017-02-09,104315.170796
All,FX,All,2017-01-27,2017-02-10,192598.761362
All,FX,All,2017-01-30,2017-02-13,293168.747721
All,FX,All,2017-01-31,2017-02-14,645143.350161
All,FX,All,2017-02-01,2017-02-15,491468.936212
All,FX,All,2017-02-02,2017-02-16,253560.317967
All,FX,All,2017-02-03,2017-02-17,498467.317280
All,FX,All,2017-02-06,2017-02-21,620211.970068
All,FX,All,2017-02-07,2017-02-22,380843.341789
All,FX,All,2017-02-08,2017-02-23,353085.833300
All,FX,All,2017-02-09,2017-02-24,279633.525343
All,FX,All,2017-02-10,2017-02-27,179135.812428
All,FX,All,2017-02-13,2017-02-28,88101.431216
All,FX,All,2017-02-14,2017-03-01,106628.221359
All,FX,All,2017-02-15,2017-03-02,297080.927772
All,FX,All,2017-02-16,2017-03-03,163895.444565
All,FX,All,2017-02-17,2017-03-06,113173.660211
All,FX,All,2017-02-21,2017-03-07,-57938.792632
All,FX,All,2017-02-22,2017-03-08,66109.883802
All,FX,All,2017-02-23,2017-03-09,41309.546460
All,FX,All,2017-02-24,2017-03-10,-272584.002868
All,FX,All,2017-02-27,2017-03-13,-154877.043714
All,FX,All,2017-02-28,2017-03-14,-48923.850146
All,FX,All,2017-03-01,2017-03-15,-489245.099156
All,FX,All,2017-03-02,2017-03-16,-685021.506019
All,FX,All,2017-03-03,2017-03-17,-286764.495872
All,FX,All,2017-03-06,2017-03-20,-400761.581099
All,FX,All,2017-03-07,2017-03-21,-642529.198598
All,FX,All,2017-03-08,2017-03-22,-668815.157305
All,FX,All,2017-03-09,2017-03-23,-537384.221544
All,FX,All,2017-03-10,2017-03-24,-319593.364585
All,FX,All,2017-03-13,2017-03-27,-547670.846226
All,FX,All,2017-03-14,2017-03-28,-541936.708514
All,FX,All,2017-03-15,2017-03-29,-59511.125429
All,FX,All,2017-03-16,2017-03-30,275924.328586
All,FX,All,2017-03-17,2017-03-31,259486.163046
All,FX,All,2017-03-20,2017-04-03,221603.266519
All,FX,All,2017-03-21,2017-04-04,410588.483406
All,FX,All,2017-03-22,2017-04-05,394128.137143
All,FX,All,2017-03-23,2017-04-06,406378.887515
All,FX,All,2017-03-24,2017-04-07,607089.330990
All,FX,All,2017-03-27,2017-04-10,763958.607824
All,FX,All,2017-03-28,2017-04-11,610961.405952
All,FX,All,2017-03-29,2017-04-12,301258.918700
All,FX,All,2017-03-30,2017-04-13,198451.430629
All,FX,All,2017-04-04,2017-04-18,-134366.288838
All,FX,All,2017-04-05,2017-04-19,-109121.184621
All,FX,All,2017-04-06,2017-04-20,-168402.760125
All,FX,All,2017-04-07,2017-04-21,-351189.964132
All,FX,All,2017-04-10,2017-04-24,-700627.242477
All,FX,All,2017-04-11,2017-04-25,-844307.929912
All,FX,All,2017-04-12,2017-04-26,-611153.547222
All,FX,All,2017-04-13,2017-04-27,-676655.318481
All,FX,All,2017-04-18,2017-05-02,-510881.312132
All,FX,All,2017-04-19,2017-05-03,-446886.401318
All,FX,All,2017-04-20,2017-05-04,-689810.627853
All,FX,All,2017-04-21,2017-05-05,-696889.613195
All,FX,All,2017-04-24,2017-05-08,-130879.498554
All,FX,All,2017-04-25,2017-05-09,163927.350080
All,FX,All,2017-04-26,2017-05-10,118744.757990
All,FX,All,2017-04-27,2017-05-11,57726.865283
All,FX,All,2017-04-28,2017-05-12,-67213.710819
All,FX,All,2017-05-02,2017-05-16,-372951.178761
All,FX,All,2017-05-03,2017-05-17,-688376.610992
All,FX,All,2017-05-04,2017-05-18,-290876.592709
All,FX,All,2017-05-05,2017-05-19,-524221.715093
All,FX,All,2017-05-08,2017-05-22,-790493.193251
All,FX,All,2017-05-09,2017-05-23,-786676.091227
All,FX,All,2017-05-10,2017-05-24,-894924.768556
All,FX,All,2017-05-11,2017-05-25,-891130.035511
All,FX,All,2017-05-12,2017-05-26,-633462.043902
All,FX,All,2017-05-15,2017-05-30,-529531.398105
All,FX,All,2017-05-16,2017-05-31,-401246.690609
All,FX,All,2017-05-17,2017-06-01,-118664.174199
All,FX,All,2017-05-18,2017-06-02,-441292.150079
All,FX,All,2017-05-19,2017-06-05,-99531.187227
All,FX,All,2017-05-22,2017-06-06,-83328.658186
All,FX,All,2017-05-23,2017-06-07,-168327.810591
All,FX,All,2017-05-24,2017-06-08,38945.561940
All,FX,All,2017-05-25,2017-06-09,58720.127655
All,FX,All,2017-05-26,2017-06-12,-30174.105577
All,FX,All,2017-05-30,2017-06-13,-36773.830646
All,FX,All,2017-05-31,2017-06-14,95202.756641
All,FX,All,2017-06-01,2017-06-15,200551.294928
All,FX,All,2017-06-02,2017-06-16,251416.643256
All,FX,All,2017-06-05,2017-06-19,307167.613630
All,FX,All,2017-06-06,2017-06-20,407266.245494
All,FX,All,2017-06-07,2017-06-21,260842.161051
All,FX,All,2017-06-08,2017-06-22,187376.512162
All,FX,All,2017-06-09,2017-06-23,35626.635119
All,FX,All,2017-06-12,2017-06-26,81771.133001
All,FX,All,2017-06-13,2017-06-27,-307301.000846
All,FX,All,2017-06-14,2017-06-28,-390017.884607
All,FX,All,2017-06-15,2017-06-29,-728364.807715
All,FX,All,2017-06-16,2017-06-30,-567071.390855
All,FX,All,2017-06-19,2017-07-03,-535044.220574
All,FX,All,2017-06-20,2017-07-05,-540845.012438
All,FX,All,2017-06-21,2017-07-06,-631247.763378
All,FX,All,2017-06-22,2017-07-07,-613965.512662
All,FX,All,2017-06-23,2017-07-10,-507670.260688
All,FX,All,2017-06-26,2017-07-11,-707785.134929
All,FX,All,2017-06-27,2017-07-12,-164364.372397
All,FX,All,2017-06-28,2017-07-13,-31154.142103
All,FX,All,2017-06-29,2017-07-14,-48285.232832
All,FX,All,2017-06-30,2017-07-17,-101979.446767
All,FX,All,2017-07-03,2017-07-18,-455678.198933
All,FX,All,2017-07-05,2017-07-19,-388343.115424
All,FX,All,2017-07-06,2017-07-20,-505138.580971
All,FX,All,2017-07-07,2017-07-21,-634896.434390
All,FX,All,2017-07-10,2017-07-24,-587947.279068
All,FX,All,2017-07-11,2017-07-25,-422932.068775
All,FX,All,2017-07-12,2017-07-26,-779924.210214
All,FX,All,2017-07-13,2017-07-27,-668431.545335
All,FX,All,2017-07-14,2017-07-28,-682692.622453
All,FX,All,2017-07-17,2017-07-31,-882354.912723
All,FX,All,2017-07-18,2017-08-01,-586048.648437
All,FX,All,2017-07-19,2017-08-02,-821032.714299
All,FX,All,2017-07-20,2017-08-03,-562802.773835
All,FX,All,2017-07-21,2017-08-04,-252131.067013
All,FX,All,2017-07-24,2017-08-07,-354427.387088
All,FX,All,2017-07-25,2017-08-08,-241465.325287
All,FX,All,2017-07-26,2017-08-09,-36381.877218
All,FX,All,2017-07-27,2017-08-10,-214675.216014
All,FX,All,2017-07-28,2017-08-11,-140180.234249
All,FX,All,2017-07-31,2017-08-14,182497.963925
All,FX,All,2017-08-01,2017-08-15,188885.076307
All,FX,All,2017-08-02,2017-08-16,248946.805475
All,FX,All,2017-08-03,2017-08-17,395861.716085
All,FX,All,2017-08-04,2017-08-18,56914.896843
All,FX,All,2017-08-07,2017-08-21,-19362.559060
All,FX,All,2017-08-08,2017-08-22,5002.127458
All,FX,All,2017-08-09,2017-08-23,-98772.039476
All,FX,All,2017-08-10,2017-08-24,-40049.586143
All,FX,All,2017-08-11,2017-08-25,-231507.896548
All,FX,All,2017-08-15,2017-08-29,-554176.005371
All,FX,All,2017-08-16,2017-08-30,-265000.253441
All,FX,All,2017-08-17,2017-08-31,-436322.889009
All,FX,All,2017-08-18,2017-09-01,-216428.664899
All,FX,All,2017-08-21,2017-09-05,-220991.219680
All,FX,All,2017-08-22,2017-09-06,-358273.387194
All,FX,All,2017-08-23,2017-09-07,-498756.241290
All,FX,All,2017-08-24,2017-09-08,-550382.731026
All,FX,All,2017-08-25,2017-09-11,-47903.226996
All,FX,All,2017-08-29,2017-09-13,237026.086689
All,FX,All,2017-08-30,2017-09-14,-58154.310792
All,FX,All,2017-08-31,2017-09-15,-54830.892069
All,FX,All,2017-09-01,2017-09-18,-207974.305657
All,FX,All,2017-09-05,2017-09-19,-170510.274132
All,FX,All,2017-09-06,2017-09-20,85337.023451
All,FX,All,2017-09-07,2017-09-21,223794.357599
All,FX,All,2017-09-08,2017-09-22,238145.051153
All,FX,All,2017-09-11,2017-09-25,285919.982841
All,FX,All,2017-09-12,2017-09-26,455143.965955
All,FX,All,2017-09-13,2017-09-27,382360.778367
All,FX,All,2017-09-14,2017-09-28,355291.976214
All,FX,All,2017-09-15,2017-09-29,345422.341411
All,FX,All,2017-09-18,2017-10-02,581319.878559
All,FX,All,2017-09-19,2017-10-03,653748.133781
All,FX,All,2017-09-20,2017-10-04,358084.702662
All,FX,All,2017-09-21,2017-10-05,608892.470695
All,FX,All,2017-09-22,2017-10-06,566995.850392
All,FX,All,2017-09-25,2017-10-10,133781.637189
All,FX,All,2017-09-26,2017-10-11,-137298.360253
All,FX,All,2017-09-27,2017-10-12,-188424.131273
All,FX,All,2017-09-28,2017-10-13,-64395.925228
All,FX,All,2017-09-29,2017-10-16,70922.351518
All,FX,All,2017-10-02,2017-10-17,-57081.199755
All,FX,All,2017-10-03,2017-10-18,-81339.440030
All,FX,All,2017-10-04,2017-10-19,-202563.298737
All,FX,All,2017-10-05,2017-10-20,-156820.395519
All,FX,All,2017-10-06,2017-10-23,-15667.974271
All,FX,All,2017-10-10,2017-10-24,133386.226567
All,FX,All,2017-10-11,2017-10-25,144349.205447
All,FX,All,2017-10-12,2017-10-26,481583.903730
All,FX,All,2017-10-13,2017-10-27,564777.450128
All,FX,All,2017-10-16,2017-10-30,390077.564960
All,FX,All,2017-10-17,2017-10-31,326839.088581
All,FX,All,2017-10-18,2017-11-01,448715.386824
All,FX,All,2017-10-19,2017-11-02,513825.019083
All,FX,All,2017-10-20,2017-11-03,469412.595253
All,FX,All,2017-10-23,2017-11-06,381710.011110
All,FX,All,2017-10-24,2017-11-07,472037.182336
All,FX,All,2017-10-25,2017-11-08,574691.049573
All,FX,All,2017-10-26,2017-11-09,49731.275458
All,FX,All,2017-10-27,2017-11-13,-117686.271838
All,FX,All,2017-10-30,2017-11-14,-337556.343427
All,FX,All,2017-10-31,2017-11-15,-333961.294076
All,FX,All,2017-11-01,2017-11-16,-350214.324940
All,FX,All,2017-11-02,2017-11-17,-313762.554001
All,FX,All,2017-11-03,2017-11-20,-281572.327660
All,FX,All,2017-11-06,2017-11-21,-295230.886721
All,FX,All,2017-11-07,2017-11-22,-563823.760094
All,FX,All,2017-11-08,2017-11-24,-796228.591285
All,FX,All,2017-11-09,2017-11-27,-614502.089853
All,FX,All,2017-11-13,2017-11-28,-406658.112797
All,FX,All,2017-11-14,2017-11-29,-95713.183056
All,FX,All,2017-11-15,2017-11-30,-255178.531352
All,FX,All,2017-11-16,2017-12-01,-275454.917114
All,FX,All,2017-11-17,2017-12-04,-151195.282844
All,FX,All,2017-11-20,2017-12-05,-208902.158886
All,FX,All,2017-11-21,2017-12-06,-122704.398842
All,FX,All,2017-11-22,2017-12-07,150939.826445
All,FX,All,2017-11-24,2017-12-08,439777.044483
All,FX,All,2017-11-27,2017-12-11,347742.977197
All,FX,All,2017-11-28,2017-12-12,273036.908387
All,FX,All,2017-11-29,2017-12-13,78014.728047
All,FX,All,2017-11-30,2017-12-14,344394.685567
All,FX,All,2017-12-01,2017-12-15,368538.857924
All,FX,All,2017-12-04,2017-12-18,242151.389653
All,FX,All,2017-12-05,2017-12-19,-9039.245887
All,FX,All,2017-12-06,2017-12-20,-158155.821439
All,FX,All,2017-12-07,2017-12-21,-220119.667328
All,FX,All,2017-12-08,2017-12-22,-209537.087172
All,FX,All,2017-12-12,2017-12-27,-336918.364912
All,FX,All,2017-12-13,2017-12-28,-262966.074718
All,FX,All,2017-12-14,2017-12-29,-518119.989165
All,FX,All,2017-12-15,2018-01-02,-717637.401515
All,FX,All,2017-12-18,2018-01-03,-549432.472809
All,FX,All,2017-12-19,2018-01-04,-527983.165058
All,FX,All,2017-12-20,2018-01-05,-365321.202235
All,FX,All,2017-12-21,2018-01-08,-208224.065336
All,FX,All,2017-12-22,2018-01-09,-169579.270691
All,FX,All,2017-12-27,2018-01-11,-323960.959229
All,FX,All,2017-12-28,2018-01-12,-564427.838382
All,FX,All,2017-12-29,2018-01-16,-602483.721435
All,FX,All,2018-01-02,2018-01-17,-279318.690126
All,FX,All,2018-01-03,2018-01-18,-511429.037338
All,FX,All,2018-01-04,2018-01-19,-346941.291305
All,FX,All,2018-01-05,2018-01-22,-529833.607025
All,FX,All,2018-01-08,2018-01-23,-769793.475225
All,FX,All,2018-01-09,2018-01-24,-1090834.613976
All,FX,All,2018-01-10,2018-01-25,-1039055.628982
All,FX,All,2018-01-11,2018-01-26,-894432.365818
All,FX,All,2018-01-12,2018-01-29,-436703.274684
All,FX,All,2018-01-16,2018-01-30,-309651.092592
All,FX,All,2018-01-17,2018-01-31,-529842.232787
All,FX,All,2018-01-18,2018-02-01,-615017.543043
All,FX,All,2018-01-19,2018-02-02,-538662.020613
All,FX,All,2018-01-22,2018-02-05,-223127.715254
All,FX,All,2018-01-23,2018-02-06,-155152.105769
All,FX,All,2018-01-24,2018-02-07,372478.655077
All,FX,All,2018-01-25,2018-02-08,383073.374847
All,FX,All,2018-01-26,2018-02-09,471466.451261
All,FX,All,2018-01-29,2018-02-12,244273.738878
All,FX,All,2018-01-30,2018-02-13,146129.727254
All,FX,All,2018-01-31,2018-02-14,-43670.345515
All,FX,All,2018-02-01,2018-02-15,40465.117229
All,FX,All,2018-02-02,2018-02-16,154030.424498
All,FX,All,2018-02-05,2018-02-20,94860.347524
All,FX,All,2018-02-06,2018-02-21,244165.543068
All,FX,All,2018-02-07,2018-02-22,-132975.816016
All,FX,All,2018-02-08,2018-02-23,-82327.846403
All,FX,All,2018-02-09,2018-02-26,-168595.887321
All,FX,All,2018-02-12,2018-02-27,163125.842158
All,FX,All,2018-02-13,2018-02-28,403592.119529
All,FX,All,2018-02-14,2018-03-01,465196.761086
All,FX,All,2018-02-15,2018-03-02,474476.574423
All,FX,All,2018-02-16,2018-03-05,197265.754752
All,FX,All,2018-02-20,2018-03-06,-130306.398444
All,FX,All,2018-02-21,2018-03-07,-274175.409893
All,FX,All,2018-02-22,2018-03-08,69267.696346
All,FX,All,2018-02-23,2018-03-09,-10411.980527
All,FX,All,2018-02-26,2018-03-12,-17728.942871
All,FX,All,2018-02-27,2018-03-13,-344897.120830
All,FX,All,2018-02-28,2018-03-14,-383179.413013
All,FX,All,2018-03-01,2018-03-15,-60851.119190
All,FX,All,2018-03-02,2018-03-16,90956.542340
All,FX,All,2018-03-05,2018-03-19,25745.251214
All,FX,All,2018-03-06,2018-03-20,412482.750731
All,FX,All,2018-03-07,2018-03-21,200980.359247
All,FX,All,2018-03-08,2018-03-22,47474.318298
All,FX,All,2018-03-09,2018-03-23,-82859.964068
All,FX,All,2018-03-12,2018-03-26,-224601.426380
All,FX,All,2018-03-13,2018-03-27,-7054.331275
All,FX,All,2018-03-14,2018-03-28,163975.443834
All,FX,All,2018-03-15,2018-03-29,29364.088706
All,FX,All,2018-03-20,2018-04-03,-39074.788136
All,FX,All,2018-03-21,2018-04-04,170909.576476
All,FX,All,2018-03-22,2018-04-05,177736.425881
All,FX,All,2018-03-23,2018-04-06,192890.475542
All,FX,All,2018-03-26,2018-04-09,314834.848272
All,FX,All,2018-03-27,2018-04-10,138847.727488
All,FX,All,2018-03-28,2018-04-11,-111838.290253
All,FX,All,2018-03-29,2018-04-12,-35767.417225
All,FX,All,2018-04-03,2018-04-17,-212453.213835
All,FX,All,2018-04-04,2018-04-18,-201765.605219
All,FX,All,2018-04-05,2018-04-19,-229871.195496
All,FX,All,2018-04-06,2018-04-20,14906.077148
All,FX,All,2018-04-09,2018-04-23,290278.437237
All,FX,All,2018-04-10,2018-04-24,320138.933388
All,FX,All,2018-04-11,2018-04-25,524101.471975
All,FX,All,2018-04-12,2018-04-26,569641.669008
All,FX,All,2018-04-13,2018-04-27,515433.147151
All,FX,All,2018-04-16,2018-04-30,757634.412033
All,FX,All,2018-04-17,2018-05-01,953572.114512
All,FX,All,2018-04-18,2018-05-02,1062984.863265
All,FX,All,2018-04-19,2018-05-03,904640.130957
All,FX,All,2018-04-20,2018-05-04,831754.245007
All,FX,All,2018-04-24,2018-05-08,939756.537613
All,FX,All,2018-04-25,2018-05-09,798382.460702
All,FX,All,2018-04-26,2018-05-10,488563.069730
All,FX,All,2018-04-27,2018-05-11,482437.889109
All,FX,All,2018-04-30,2018-05-14,398791.964346
All,FX,All,2018-05-01,2018-05-15,410216.570535
All,FX,All,2018-05-02,2018-05-16,387837.064113
All,FX,All,2018-05-03,2018-05-17,508863.961628
All,FX,All,2018-05-04,2018-05-18,479564.354858
All,FX,All,2018-05-08,2018-05-22,242125.709560
All,FX,All,2018-05-09,2018-05-23,412631.058881
All,FX,All,2018-05-10,2018-05-24,519947.517218
All,FX,All,2018-05-11,2018-05-25,763549.740835
All,FX,All,2018-05-14,2018-05-29,1011584.704368
All,FX,All,2018-05-15,2018-05-30,464445.006106
All,FX,All,2018-05-16,2018-05-31,310506.612467
All,FX,All,2018-05-17,2018-06-01,369218.052620
All,FX,All,2018-05-18,2018-06-04,230151.806237
All,FX,All,2018-05-21,2018-06-05,209559.578077
All,FX,All,2018-05-22,2018-06-06,39603.322741
All,FX,All,2018-05-23,2018-06-07,-232269.946162
All,FX,All,2018-05-24,2018-06-08,-98348.809116
All,FX,All,2018-05-25,2018-06-11,-303282.608083
All,FX,All,2018-05-29,2018-06-12,-486830.249367
All,FX,All,2018-05-30,2018-06-13,-293297.928972
All,FX,All,2018-05-31,2018-06-14,338730.469216
All,FX,All,2018-06-01,2018-06-15,152632.006698
All,FX,All,2018-06-04,2018-06-18,214978.531092
All,FX,All,2018-06-05,2018-06-19,349730.657991
All,FX,All,2018-06-06,2018-06-20,534789.519180
All,FX,All,2018-06-07,2018-06-21,522048.272059
All,FX,All,2018-06-08,2018-06-22,306139.987108
All,FX,All,2018-06-11,2018-06-25,226782.016481
All,FX,All,2018-06-12,2018-06-26,271032.547487
All,FX,All,2018-06-13,2018-06-27,629211.154502
All,FX,All,2018-06-14,2018-06-28,25745.251214
All,FX,All,2018-06-15,2018-06-29,-165474.575641
All,FX,All,2018-06-18,2018-07-02,-15278.055491
All,FX,All,2018-06-19,2018-07-03,-144709.671113
All,FX,All,2018-06-20,2018-07-05,-273804.022194
All,FX,All,2018-06-21,2018-07-06,-336038.546350
All,FX,All,2018-06-22,2018-07-09,-210853.812396
All,FX,All,2018-06-25,2018-07-10,-74090.693612
All,FX,All,2018-06-26,2018-07-11,-39352.087284
All,FX,All,2018-06-27,2018-07-12,-273319.426651
All,FX,All,2018-06-28,2018-07-13,-263525.154404
All,FX,All,2018-06-29,2018-07-16,-36120.503299
All,FX,All,2018-07-02,2018-07-17,-32452.277487
All,FX,All,2018-07-03,2018-07-18,73750.858323
All,FX,All,2018-07-05,2018-07-19,146110.105100
All,FX,All,2018-07-06,2018-07-20,94856.500886
All,FX,All,2018-07-09,2018-07-23,174386.831940
All,FX,All,2018-07-10,2018-07-24,170827.736124
All,FX,All,2018-07-11,2018-07-25,-108172.016694
All,FX,All,2018-07-12,2018-07-26,101279.506474
All,FX,All,2018-07-13,2018-07-27,97921.964812
All,FX,All,2018-07-16,2018-07-30,32633.714101
All,FX,All,2018-07-17,2018-07-31,-46288.354835
All,FX,All,2018-07-18,2018-08-01,-29028.893446
All,FX,All,2018-07-19,2018-08-02,176444.315045
All,FX,All,2018-07-20,2018-08-03,418755.838717
All,FX,All,2018-07-23,2018-08-06,383442.643216
All,FX,All,2018-07-24,2018-08-07,245738.087479
All,FX,All,2018-07-25,2018-08-08,322400.791637
All,FX,All,2018-07-26,2018-08-09,323683.703699
All,FX,All,2018-07-27,2018-08-10,660031.107493
All,FX,All,2018-07-30,2018-08-13,793629.009848
All,FX,All,2018-07-31,2018-08-14,923218.218574
All,FX,All,2018-08-01,2018-08-15,842030.915000
All,FX,All,2018-08-02,2018-08-16,560725.657982
All,FX,All,2018-08-03,2018-08-17,359141.277266
All,FX,All,2018-08-06,2018-08-20,209241.009053
All,FX,All,2018-08-07,2018-08-21,97394.455188
All,FX,All,2018-08-08,2018-08-22,59895.613845
All,FX,All,2018-08-09,2018-08-23,-4766.867597
All,FX,All,2018-08-10,2018-08-24,-511245.136520
All,FX,All,2018-08-14,2018-08-28,-858498.844432
All,FX,All,2018-08-15,2018-08-29,-885296.368826
All,FX,All,2018-08-16,2018-08-30,-710516.048923
All,FX,All,2018-08-17,2018-08-31,-398102.035710
All,FX,All,2018-08-20,2018-09-04,-230906.742662
All,FX,All,2018-08-21,2018-09-05,-120608.477385
All,FX,All,2018-08-22,2018-09-06,-35654.106403
All,FX,All,2018-08-23,2018-09-07,-14979.824667
All,FX,All,2018-08-24,2018-09-10,97536.037946
All,FX,All,2018-08-28,2018-09-12,201195.585429
All,FX,All,2018-08-29,2018-09-13,70515.017007
All,FX,All,2018-08-30,2018-09-14,121857.317548
All,FX,All,2018-08-31,2018-09-17,-172211.921038
All,FX,All,2018-09-04,2018-09-18,-192285.411023
All,FX,All,2018-09-05,2018-09-19,-83713.850152
All,FX,All,2018-09-06,2018-09-20,-363930.867103
All,FX,All,2018-09-07,2018-09-21,-463633.312565
All,FX,All,2018-09-10,2018-09-24,-359616.881172
All,FX,All,2018-09-11,2018-09-25,-383963.951919
All,FX,All,2018-09-12,2018-09-26,-254678.466048
All,FX,All,2018-09-13,2018-09-27,149534.626022
All,FX,All,2018-09-14,2018-09-28,83908.928397
All,FX,All,2018-09-17,2018-10-01,290331.360217
All,FX,All,2018-09-18,2018-10-02,331208.667545
All,FX,All,2018-09-19,2018-10-03,523584.660884
All,FX,All,2018-09-20,2018-10-04,697782.554612
All,FX,All,2018-09-21,2018-10-05,602891.997841
All,FX,All,2018-09-24,2018-10-09,685757.685588
All,FX,All,2018-09-25,2018-10-10,666303.771954
All,FX,All,2018-09-26,2018-10-11,391733.861640
All,FX,All,2018-09-27,2018-10-12,227771.941817
All,FX,All,2018-09-28,2018-10-15,100867.326049
All,FX,All,2018-10-01,2018-10-16,35961.888186
All,FX,All,2018-10-02,2018-10-17,144636.476720
All,FX,All,2018-10-03,2018-10-18,93269.742772
All,FX,All,2018-10-04,2018-10-19,25745.251214
All,FX,All,2018-10-05,2018-10-22,174881.226910
All,FX,All,2018-10-09,2018-10-23,69681.564691
All,FX,All,2018-10-10,2018-10-24,357835.197662
All,FX,All,2018-10-11,2018-10-25,591852.454542
All,FX,All,2018-10-12,2018-10-26,430442.844124
All,FX,All,2018-10-15,2018-10-29,563883.778500
All,FX,All,2018-10-16,2018-10-30,621508.783125
All,FX,All,2018-10-17,2018-10-31,519694.713486
All,FX,All,2018-10-18,2018-11-01,133536.953601
All,FX,All,2018-10-19,2018-11-02,350870.546081
All,FX,All,2018-10-22,2018-11-05,177501.145425
All,FX,All,2018-10-23,2018-11-06,143858.874901
All,FX,All,2018-10-24,2018-11-07,-64727.335325
All,FX,All,2018-10-25,2018-11-08,59204.059289
All,FX,All,2018-10-26,2018-11-09,203542.159142
All,FX,All,2018-10-29,2018-11-13,233119.085228
All,FX,All,2018-10-30,2018-11-14,112501.275692
All,FX,All,2018-10-31,2018-11-15,-17510.071773
All,FX,All,2018-11-01,2018-11-16,-1104.268173
All,FX,All,2018-11-02,2018-11-19,-141739.329072
All,FX,All,2018-11-05,2018-11-20,119686.408452
All,FX,All,2018-11-06,2018-11-21,133302.891618
All,FX,All,2018-11-07,2018-11-23,247582.884549
All,FX,All,2018-11-08,2018-11-26,112639.296640
All,FX,All,2018-11-09,2018-11-27,152456.261115
All,FX,All,2018-11-13,2018-11-28,-166891.333009
All,FX,All,2018-11-14,2018-11-29,-187179.941896
All,FX,All,2018-11-15,2018-11-30,55735.352130
All,FX,All,2018-11-16,2018-12-03,197067.342271
All,FX,All,2018-11-19,2018-12-04,305362.005022
All,FX,All,2018-11-20,2018-12-05,92632.429513
All,FX,All,2018-11-21,2018-12-06,52536.681228
All,FX,All,2018-11-23,2018-12-07,-70999.131346
All,FX,All,2018-11-26,2018-12-10,-47563.884359
All,FX,All,2018-11-27,2018-12-11,-50619.246738
All,FX,All,2018-11-28,2018-12-12,22402.032810
All,FX,All,2018-11-29,2018-12-13,99472.055061
All,FX,All,2018-11-30,2018-12-14,45718.285032
All,FX,All,2018-12-03,2018-12-17,42444.258878
All,FX,All,2018-12-04,2018-12-18,-14300.534283
All,FX,All,2018-12-05,2018-12-19,-61010.773265
All,FX,All,2018-12-06,2018-12-20,-158278.193201
All,FX,All,2018-12-07,2018-12-21,45827.390031
All,FX,All,2018-12-10,2018-12-24,-81152.676267
All,FX,All,2018-12-12,2018-12-27,-138091.074686
All,FX,All,2018-12-13,2018-12-28,-174825.053161
All,FX,All,2018-12-14,2018-12-31,-386750.648003
All,FX,All,2018-12-17,2019-01-02,35758.970076
All,FX,All,2018-12-18,2019-01-03,-61138.921011
All,FX,All,2018-12-19,2019-01-04,-21107.740613
All,FX,All,2018-12-20,2019-01-07,-48327.608610
All,FX,All,2018-12-21,2019-01-08,-158215.407993
All,FX,All,2018-12-24,2019-01-09,-339704.117289
All,FX,All,2018-12-27,2019-01-11,-71762.291561
All,FX,All,2018-12-28,2019-01-14,-61765.346149
All,FX,All,2018-12-31,2019-01-15,170822.980802
All,FX,All,2019-01-02,2019-01-16,-121072.636365
All,FX,All,2019-01-03,2019-01-17,25745.251214
All,FX,All,2019-01-04,2019-01-18,109544.807568
All,FX,All,2019-01-07,2019-01-22,329535.714526
All,FX,All,2019-01-08,2019-01-23,187303.277114
All,FX,All,2019-01-09,2019-01-24,640227.867625
All,FX,All,2019-01-10,2019-01-25,265925.922156
All,FX,All,2019-01-11,2019-01-28,133697.689106
All,FX,All,2019-01-14,2019-01-29,140523.710596
All,FX,All,2019-01-15,2019-01-30,-138764.374655
All,FX,All,2019-01-16,2019-01-31,-91627.637092
All,FX,All,2019-01-17,2019-02-01,-131779.961096
All,FX,All,2019-01-18,2019-02-04,-171459.799996
All,FX,All,2019-01-22,2019-02-05,-121256.096182
All,FX,All,2019-01-23,2019-02-06,72608.908415
All,FX,All,2019-01-24,2019-02-07,-83994.645421
All,FX,All,2019-01-25,2019-02-08,223715.273529
All,FX,All,2019-01-28,2019-02-11,422364.050207
All,FX,All,2019-01-29,2019-02-12,301487.758469
All,FX,All,2019-01-30,2019-02-13,592950.980303
All,FX,All,2019-01-31,2019-02-14,419678.187549
All,FX,All,2019-02-01,2019-02-15,446951.316438
All,FX,All,2019-02-04,2019-02-19,284851.945374
All,FX,All,2019-02-05,2019-02-20,227208.607521
All,FX,All,2019-02-06,2019-02-21,92586.824619
All,FX,All,2019-02-07,2019-02-22,35758.970076
All,FX,All,2019-02-08,2019-02-25,-44247.511509
All,FX,All,2019-02-11,2019-02-26,-292634.097075
All,FX,All,2019-02-12,2019-02-27,-84193.539661
All,FX,All,2019-02-13,2019-02-28,-255803.892310
All,FX,All,2019-02-14,2019-03-01,-186891.295000
All,FX,All,2019-02-15,2019-03-04,-93849.295577
All,FX,All,2019-02-19,2019-03-05,109136.121970
All,FX,All,2019-02-20,2019-03-06,105782.331966
All,FX,All,2019-02-21,2019-03-07,399209.280397
All,FX,All,2019-02-22,2019-03-08,292686.864994
All,FX,All,2019-02-25,2019-03-11,306384.187150
All,FX,All,2019-02-26,2019-03-12,310728.703716
All,FX,All,2019-02-27,2019-03-13,136096.546932
All,FX,All,2019-02-28,2019-03-14,196307.555877
All,FX,All,2019-03-01,2019-03-15,162957.584421
All,FX,All,2019-03-04,2019-03-18,39087.790535
All,FX,All,2019-03-05,2019-03-19,-90671.875052
All,FX,All,2019-03-06,2019-03-20,-250298.428618
All,FX,All,2019-03-07,2019-03-21,-441816.493787
All,FX,All,2019-03-08,2019-03-22,-159433.112706
All,FX,All,2019-03-11,2019-03-25,-136413.443803
All,FX,All,2019-03-12,2019-03-26,85515.518953
All,FX,All,2019-03-13,2019-03-27,238959.875940
All,FX,All,2019-03-14,2019-03-28,218599.626940
All,FX,All,2019-03-15,2019-03-29,305557.750143
All,FX,All,2019-03-18,2019-04-01,345820.986462
All,FX,All,2019-03-19,2019-04-02,413118.239358
All,FX,All,2019-03-20,2019-04-03,499130.093000
All,FX,All,2019-03-21,2019-04-04,430596.828925
All,FX,All,2019-03-22,2019-04-05,278651.136557
All,FX,All,2019-03-25,2019-04-08,162181.320938
All,FX,All,2019-03-26,2019-04-09,39000.594221
All,FX,All,2019-03-27,2019-04-10,-47019.754472
All,FX,All,2019-03-28,2019-04-11,-33716.195643
All,FX,All,2019-03-29,2019-04-12,-195335.146406
All,FX,All,2019-04-01,2019-04-15,-228218.246259
All,FX,All,2019-04-02,2019-04-16,-168719.306177
All,FX,All,2019-04-03,2019-04-17,-142766.703309
All,FX,All,2019-04-04,2019-04-18,-3958.780958
All,FX,All,2019-04-09,2019-04-23,108553.822838
All,FX,All,2019-04-10,2019-04-24,337421.404092
All,FX,All,2019-04-11,2019-04-25,343515.432489
All,FX,All,2019-04-12,2019-04-26,436060.719988
All,FX,All,2019-04-15,2019-04-29,351786.953162
All,FX,All,2019-04-16,2019-04-30,198278.554407
All,FX,All,2019-04-17,2019-05-01,291601.000802
All,FX,All,2019-04-18,2019-05-02,164504.212854
All,FX,All,2019-04-23,2019-05-07,128139.575253
All,FX,All,2019-04-24,2019-05-08,-69401.834535
All,FX,All,2019-04-25,2019-05-09,-193661.227350
All,FX,All,2019-04-26,2019-05-10,-205139.963329
All,FX,All,2019-04-29,2019-05-13,-69678.610573
All,FX,All,2019-04-30,2019-05-14,29043.848376
All,FX,All,2019-05-01,2019-05-15,9278.122267
All,FX,All,2019-05-02,2019-05-16,38898.333637
All,FX,All,2019-05-03,2019-05-17,148262.103150
All,FX,All,2019-05-07,2019-05-21,101451.655563
All,FX,All,2019-05-08,2019-05-22,129757.292674
All,FX,All,2019-05-09,2019-05-23,124725.368888
All,FX,All,2019-05-10,2019-05-24,105062.816688
All,FX,All,2019-05-13,2019-05-28,194105.887335
All,FX,All,2019-05-14,2019-05-29,240130.021807
All,FX,All,2019-05-15,2019-05-30,220166.231112
All,FX,All,2019-05-16,2019-05-31,-549.154060
All,FX,All,2019-05-17,2019-06-03,-194711.352052
All,FX,All,2019-05-20,2019-06-04,-181276.918036
All,FX,All,2019-05-21,2019-06-05,-131845.062507
All,FX,All,2019-05-22,2019-06-06,-300939.073139
All,FX,All,2019-05-23,2019-06-07,-375423.762693
All,FX,All,2019-05-24,2019-06-10,-261007.570701
All,FX,All,2019-05-28,2019-06-11,-423943.369864
All,FX,All,2019-05-29,2019-06-12,-386823.979422
All,FX,All,2019-05-30,2019-06-13,-360543.093754
All,FX,All,2019-05-31,2019-06-14,-40049.586143
All,FX,All,2019-06-03,2019-06-17,85260.176606
All,FX,All,2019-06-04,2019-06-18,177975.862862
All,FX,All,2019-06-05,2019-06-19,12541.977455
All,FX,All,2019-06-06,2019-06-20,-20690.306717
All,FX,All,2019-06-07,2019-06-21,-64265.845142
All,FX,All,2019-06-10,2019-06-24,-187276.331752
All,FX,All,2019-06-11,2019-06-25,-60922.276810
All,FX,All,2019-06-12,2019-06-26,-180153.362437
All,FX,All,2019-06-13,2019-06-27,-209775.925548
All,FX,All,2019-06-14,2019-06-28,-389691.613088
All,FX,All,2019-06-17,2019-07-01,-145839.534998
All,FX,All,2019-06-18,2019-07-02,-214594.090303
All,FX,All,2019-06-19,2019-07-03,-106346.786955
All,FX,All,2019-06-20,2019-07-05,205137.071399
All,FX,All,2019-06-21,2019-07-08,430366.668847
All,FX,All,2019-06-24,2019-07-09,525304.479717
All,FX,All,2019-06-25,2019-07-10,326634.907555
All,FX,All,2019-06-26,2019-07-11,330081.912475
All,FX,All,2019-06-27,2019-07-12,279887.629231
All,FX,All,2019-06-28,2019-07-15,320048.835731
All,FX,All,2019-07-01,2019-07-16,214932.325020
All,FX,All,2019-07-02,2019-07-17,188398.109296
All,FX,All,2019-07-03,2019-07-18,25745.251214
All,FX,All,2019-07-05,2019-07-19,32349.111615
All,FX,All,2019-07-08,2019-07-22,35641.042700
All,FX,All,2019-07-09,2019-07-23,170802.179935
All,FX,All,2019-07-10,2019-07-24,320278.391142
All,FX,All,2019-07-11,2019-07-25,307104.265884
All,FX,All,2019-07-12,2019-07-26,407008.199505
All,FX,All,2019-07-15,2019-07-29,327066.642695
All,FX,All,2019-07-16,2019-07-30,174148.834239
All,FX,All,2019-07-17,2019-07-31,415285.546554
All,FX,All,2019-07-18,2019-08-01,536594.000810
All,FX,All,2019-07-19,2019-08-02,326153.445078
All,FX,All,2019-07-22,2019-08-05,48827.664723
All,FX,All,2019-07-23,2019-08-06,-98916.333542
All,FX,All,2019-07-24,2019-08-07,-131529.039151
All,FX,All,2019-07-25,2019-08-08,-62780.712226
All,FX,All,2019-07-26,2019-08-09,-167355.933473
All,FX,All,2019-07-29,2019-08-12,-157802.767141
All,FX,All,2019-07-30,2019-08-13,-13630.349319
All,FX,All,2019-07-31,2019-08-14,-137156.556132
All,FX,All,2019-08-01,2019-08-15,-29684.346244
All,FX,All,2019-08-02,2019-08-16,78030.215299
All,FX,All,2019-08-05,2019-08-19,351940.516452
All,FX,All,2019-08-06,2019-08-20,289307.857224
All,FX,All,2019-08-07,2019-08-21,328808.299089
All,FX,All,2019-08-08,2019-08-22,292124.953344
All,FX,All,2019-08-09,2019-08-23,177293.749670
All,FX,All,2019-08-13,2019-08-27,239315.690202
All,FX,All,2019-08-14,2019-08-28,189554.387329
All,FX,All,2019-08-15,2019-08-29,153147.383795
All,FX,All,2019-08-16,2019-08-30,294382.305749
All,FX,All,2019-08-19,2019-09-03,310715.830358
All,FX,All,2019-08-20,2019-09-04,206921.402696
All,FX,All,2019-08-21,2019-09-05,162934.157035
All,FX,All,2019-08-22,2019-09-06,165904.327271
All,FX,All,2019-08-23,2019-09-09,278123.776452
All,FX,All,2019-08-27,2019-09-11,241037.985429
All,FX,All,2019-08-28,2019-09-12,61583.648830
All,FX,All,2019-08-29,2019-09-13,-19791.587116
All,FX,All,2019-08-30,2019-09-16,-7721.314826
All,FX,All,2019-09-03,2019-09-17,-240353.180484
All,FX,All,2019-09-04,2019-09-18,33904.530966
All,FX,All,2019-09-05,2019-09-19,6028.640633
All,FX,All,2019-09-06,2019-09-20,51677.673185
All,FX,All,2019-09-09,2019-09-23,171984.273691
All,FX,All,2019-09-10,2019-09-24,88788.835484
All,FX,All,2019-09-11,2019-09-25,203852.064295
All,FX,All,2019-09-12,2019-09-26,406471.540093
All,FX,All,2019-09-13,2019-09-27,393862.556231
All,FX,All,2019-09-16,2019-09-30,300819.507964
All,FX,All,2019-09-17,2019-10-01,403551.885388
All,FX,All,2019-09-18,2019-10-02,217163.590496
All,FX,All,2019-09-19,2019-10-03,223849.031049
All,FX,All,2019-09-20,2019-10-04,129450.965103
All,FX,All,2019-09-23,2019-10-07,87185.114179
All,FX,All,2019-09-24,2019-10-08,192948.525494
All,FX,All,2019-09-25,2019-10-09,-51506.255316
All,FX,All,2019-09-26,2019-10-10,-202341.122699
All,FX,All,2019-09-27,2019-10-11,-250951.514747
All,FX,All,2019-09-30,2019-10-15,-330140.767003
All,FX,All,2019-10-01,2019-10-16,-347269.608462
All,FX,All,2019-10-02,2019-10-17,-412637.010136
All,FX,All,2019-10-03,2019-10-18,-512975.689205
All,FX,All,2019-10-04,2019-10-21,-419914.168700
All,FX,All,2019-10-07,2019-10-22,-380848.651526
All,FX,All,2019-10-08,2019-10-23,-435099.784798
All,FX,All,2019-10-09,2019-10-24,-322802.051344
All,FX,All,2019-10-10,2019-10-25,-168510.312183
All,FX,All,2019-10-11,2019-10-28,-130156.905640
All,FX,All,2019-10-15,2019-10-29,-181963.721098
All,FX,All,2019-10-16,2019-10-30,-179442.834588
All,FX,All,2019-10-17,2019-10-31,-49514.731303
All,FX,All,2019-10-18,2019-11-01,35603.449749
All,FX,All,2019-10-21,2019-11-04,78210.930417
All,FX,All,2019-10-22,2019-11-05,159904.350482
All,FX,All,2019-10-23,2019-11-06,202540.952439
All,FX,All,2019-10-24,2019-11-07,166183.071183
All,FX,All,2019-10-25,2019-11-08,185442.095475
All,FX,All,2019-10-28,2019-11-12,270640.546247
All,FX,All,2019-10-29,2019-11-13,306839.398540
All,FX,All,2019-10-30,2019-11-14,363568.392366
All,FX,All,2019-10-31,2019-11-15,291471.260824
All,FX,All,2019-11-01,2019-11-18,278687.561831
All,FX,All,2019-11-04,2019-11-19,156675.879141
All,FX,All,2019-11-05,2019-11-20,29002.565678
All,FX,All,2019-11-06,2019-11-21,42017.405855
All,FX,All,2019-11-07,2019-11-22,94005.213444
All,FX,All,2019-11-08,2019-11-25,45194.358873
All,FX,All,2019-11-12,2019-11-26,-3399.500018
All,FX,All,2019-11-13,2019-11-27,48408.400277
All,FX,All,2019-11-14,2019-11-29,41958.201764
All,FX,All,2019-11-15,2019-12-02,-45780.995808
All,FX,All,2019-11-18,2019-12-03,-3567.332472
All,FX,All,2019-11-19,2019-12-04,25745.251214
All,FX,All,2019-11-20,2019-12-05,-55678.592358
All,FX,All,2019-11-21,2019-12-06,22492.619904
All,FX,All,2019-11-22,2019-12-09,-78029.073799
All,FX,All,2019-11-25,2019-12-10,-184814.171562
All,FX,All,2019-11-26,2019-12-11,-265991.363670
All,FX,All,2019-11-27,2019-12-12,-323645.527381
All,FX,All,2019-11-29,2019-12-13,-249723.051304
All,FX,All,2019-12-02,2019-12-16,-143728.950859
All,FX,All,2019-12-03,2019-12-17,-147045.513868
All,FX,All,2019-12-04,2019-12-18,-65499.976969
All,FX,All,2019-12-05,2019-12-19,-23244.685985
All,FX,All,2019-12-06,2019-12-20,-26302.605967
All,FX,All,2019-12-09,2019-12-23,-39343.367350
All,FX,All,2019-12-10,2019-12-24,38796.190774
All,FX,All,2019-12-12,2019-12-27,-95392.544070
All,FX,All,2019-12-13,2019-12-30,-177084.350843
All,FX,DeltaGamma,2016-12-30,2017-01-17,-512530.846387
All,FX,DeltaGamma,2017-01-03,2017-01-18,-592581.043982
All,FX,DeltaGamma,2017-01-04,2017-01-19,-455581.395715
All,FX,DeltaGamma,2017-01-05,2017-01-20,-236400.817658
All,FX,DeltaGamma,2017-01-06,2017-01-23,-609499.709394
All,FX,DeltaGamma,2017-01-09,2017-01-24,-400400.708052
All,FX,DeltaGamma,2017-01-10,2017-01-25,-502155.676956
All,FX,DeltaGamma,2017-01-11,2017-01-26,-257494.943425
All,FX,DeltaGamma,2017-01-12,2017-01-27,-217779.462084
All,FX,DeltaGamma,2017-01-13,2017-01-30,-112037.208446
All,FX,DeltaGamma,2017-01-17,2017-01-31,-207444.680220
All,FX,DeltaGamma,2017-01-18,2017-02-01,-358846.068442
All,FX,DeltaGamma,2017-01-19,2017-02-02,-228332.572608
All,FX,DeltaGamma,2017-01-20,2017-02-03,-194674.498345
All,FX,DeltaGamma,2017-01-23,2017-02-06,73252.723158
All,FX,DeltaGamma,2017-01-24,2017-02-07,155153.062356
All,FX,DeltaGamma,2017-01-25,2017-02-08,161713.702866
All,FX,DeltaGamma,2017-01-26,2017-02-09,104315.170796
All,FX,DeltaGamma,2017-01-27,2017-02-10,192598.761362
All,FX,DeltaGamma,2017-01-30,2017-02-13,293168.747721
All,FX,DeltaGamma,2017-01-31,2017-02-14,645143.350161
All,FX,DeltaGamma,2017-02-01,2017-02-15,491468.936212
All,FX,DeltaGamma,2017-02-02,2017-02-16,253560.317967
All,FX,DeltaGamma,2017-02-03,2017-02-17,498467.317280
All,FX,DeltaGamma,2017-02-06,2017-02-21,620211.970068
All,FX,DeltaGamma,2017-02-07,2017-02-22,380843.341789
All,FX,DeltaGamma,2017-02-08,2017-02-23,353085.833300
All,FX,DeltaGamma,2017-02-09,2017-02-24,279633.525343
All,FX,DeltaGamma,2017-02-10,2017-02-27,179135.812428
All,FX,DeltaGamma,2017-02-13,2017-02-28,88101.431216
All,FX,DeltaGamma,2017-02-14,2017-03-01,106628.221359
All,FX,DeltaGamma,2017-02-15,2017-03-02,297080.927772
All,FX,DeltaGamma,2017-02-16,2017-03-03,163895.444565
All,FX,DeltaGamma,2017-02-17,2017-03-06,113173.660211
All,FX,DeltaGamma,2017-02-21,2017-03-07,-57938.792632
All,FX,DeltaGamma,2017-02-22,2017-03-08,66109.883802
All,FX,DeltaGamma,2017-02-23,2017-03-09,41309.546460
All,FX,DeltaGamma,2017-02-24,2017-03-10,-272584.002868
All,FX,DeltaGamma,2017-02-27,2017-03-13,-154877.043714
All,FX,DeltaGamma,2017-02-28,2017-03-14,-48923.850146
All,FX,DeltaGamma,2017-03-01,2017-03-15,-489245.099156
All,FX,DeltaGamma,2017-03-02,2017-03-16,-685021.506019
All,FX,DeltaGamma,2017-03-03,2017-03-17,-286764.495872
All,FX,DeltaGamma,2017-03-06,2017-03-20,-400761.581099
All,FX,DeltaGamma,2017-03-07,2017-03-21,-642529.198598
All,FX,DeltaGamma,2017-03-08,2017-03-22,-668815.157305
All,FX,DeltaGamma,2017-03-09,2017-03-23,-537384.221544
All,FX,DeltaGamma,2017-03-10,2017-03-24,-319593.364585
All,FX,DeltaGamma,2017-03-13,2017-03-27,-547670.846226
All,FX,DeltaGamma,2017-03-14,2017-03-28,-541936.708514
All,FX,DeltaGamma,2017-03-15,2017-03-29,-59511.125429
All,FX,DeltaGamma,2017-03-16,2017-03-30,275924.328586
All,FX,DeltaGamma,2017-03-17,2017-03-31,259486.163046
All,FX,DeltaGamma,2017-03-20,2017-04-03,221603.266519
All,FX,DeltaGamma,2017-03-21,2017-04-04,410588.483406
All,FX,DeltaGamma,2017-03-22,2017-04-05,394128.137143
All,FX,DeltaGamma,2017-03-23,2017-04-06,406378.887515
All,FX,DeltaGamma,2017-03-24,2017-04-07,607089.330990
All,FX,DeltaGamma,2017-03-27,2017-04-10,763958.607824
All,FX,DeltaGamma,2017-03-28,2017-04-11,610961.405952
All,FX,DeltaGamma,2017-03-29,2017-04-12,301258.918700
All,FX,DeltaGamma,2017-03-30,2017-04-13,198451.430629
All,FX,DeltaGamma,2017-04-04,2017-04-18,-134366.288838
All,FX,DeltaGamma,2017-04-05,2017-04-19,-109121.184621
All,FX,DeltaGamma,2017-04-06,2017-04-20,-168402.760125
All,FX,DeltaGamma,2017-04-07,2017-04-21,-351189.964132
All,FX,DeltaGamma,2017-04-10,2017-04-24,-700627.242477
All,FX,DeltaGamma,2017-04-11,2017-04-25,-844307.929912
All,FX,DeltaGamma,2017-04-12,2017-04-26,-611153.547222
All,FX,DeltaGamma,2017-04-13,2017-04-27,-676655.318481
All,FX,DeltaGamma,2017-04-18,2017-05-02,-510881.312132
All,FX,DeltaGamma,2017-04-19,2017-05-03,-446886.401318
All,FX,DeltaGamma,2017-04-20,2017-05-04,-689810.627853
All,FX,DeltaGamma,2017-04-21,2017-05-05,-696889.613195
All,FX,DeltaGamma,2017-04-24,2017-05-08,-130879.498554
All,FX,DeltaGamma,2017-04-25,2017-05-09,163927.350080
All,FX,DeltaGamma,2017-04-26,2017-05-10,118744.757990
All,FX,DeltaGamma,2017-04-27,2017-05-11,57726.865283
All,FX,DeltaGamma,2017-04-28,2017-05-12,-67213.710819
All,FX,DeltaGamma,2017-05-02,2017-05-16,-372951.178761
All,FX,DeltaGamma,2017-05-03,2017-05-17,-688376.610992
All,FX,DeltaGamma,2017-05-04,2017-05-18,-290876.592709
All,FX,DeltaGamma,2017-05-05,2017-05-19,-524221.715093
All,FX,DeltaGamma,2017-05-08,2017-05-22,-790493.193251
All,FX,DeltaGamma,2017-05-09,2017-05-23,-786676.091227
All,FX,DeltaGamma,2017-05-10,2017-05-24,-894924.768556
All,FX,DeltaGamma,2017-05-11,2017-05-25,-891130.035511
All,FX,DeltaGamma,2017-05-12,2017-05-26,-633462.043902
All,FX,DeltaGamma,2017-05-15,2017-05-30,-529531.398105
All,FX,DeltaGamma,2017-05-16,2017-05-31,-401246.690609
All,FX,DeltaGamma,2017-05-17,2017-06-01,-118664.174199
All,FX,DeltaGamma,2017-05-18,2017-06-02,-441292.150079
All,FX,DeltaGamma,2017-05-19,2017-06-05,-99531.187227
All,FX,DeltaGamma,2017-05-22,2017-06-06,-83328.658186
All,FX,DeltaGamma,2017-05-23,2017-06-07,-168327.810591
All,FX,DeltaGamma,2017-05-24,2017-06-08,38945.561940
All,FX,DeltaGamma,2017-05-25,2017-06-09,58720.127655
All,FX,DeltaGamma,2017-05-26,2017-06-12,-30174.105577
All,FX,DeltaGamma,2017-05-30,2017-06-13,-36773.830646
All,FX,DeltaGamma,2017-05-31,2017-06-14,95202.756641
All,FX,DeltaGamma,2017-06-01,2017-06-15,200551.294928
All,FX,DeltaGamma,2017-06-02,2017-06-16,251416.643256
All,FX,DeltaGamma,2017-06-05,2017-06-19,307167.613630
All,FX,DeltaGamma,2017-06-06,2017-06-20,407266.245494
All,FX,DeltaGamma,2017-06-07,2017-06-21,260842.161051
All,FX,DeltaGamma,2017-06-08,2017-06-22,187376.512162
All,FX,DeltaGamma,2017-06-09,2017-06-23,35626.635119
All,FX,DeltaGamma,2017-06-12,2017-06-26,81771.133001
All,FX,DeltaGamma,2017-06-13,2017-06-27,-307301.000846
All,FX,DeltaGamma,2017-06-14,2017-06-28,-390017.884607
All,FX,DeltaGamma,2017-06-15,2017-06-29,-728364.807715
All,FX,DeltaGamma,2017-06-16,2017-06-30,-567071.390855
All,FX,DeltaGamma,2017-06-19,2017-07-03,-535044.220574
All,FX,DeltaGamma,2017-06-20,2017-07-05,-540845.012438
All,FX,DeltaGamma,2017-06-21,2017-07-06,-631247.763378
All,FX,DeltaGamma,2017-06-22,2017-07-07,-613965.512662
All,FX,DeltaGamma,2017-06-23,2017-07-10,-507670.260688
All,FX,DeltaGamma,2017-06-26,2017-07-11,-707785.134929
All,FX,DeltaGamma,2017-06-27,2017-07-12,-164364.372397
All,FX,DeltaGamma,2017-06-28,2017-07-13,-31154.142103
All,FX,DeltaGamma,2017-06-29,2017-07-14,-48285.232832
All,FX,DeltaGamma,2017-06-30,2017-07-17,-101979.446767
All,FX,DeltaGamma,2017-07-03,2017-07-18,-455678.198933
All,FX,DeltaGamma,2017-07-05,2017-07-19,-388343.115424
All,FX,DeltaGamma,2017-07-06,2017-07-20,-505138.580971
All,FX,DeltaGamma,2017-07-07,2017-07-21,-634896.434390
All,FX,DeltaGamma,2017-07-10,2017-07-24,-587947.279068
All,FX,DeltaGamma,2017-07-11,2017-07-25,-422932.068775
All,FX,DeltaGamma,2017-07-12,2017-07-26,-779924.210214
All,FX,DeltaGamma,2017-07-13,2017-07-27,-668431.545335
All,FX,DeltaGamma,2017-07-14,2017-07-28,-682692.622453
All,FX,DeltaGamma,2017-07-17,2017-07-31,-882354.912723
All,FX,DeltaGamma,2017-07-18,2017-08-01,-586048.648437
All,FX,DeltaGamma,2017-07-19,2017-08-02,-821032.714299
All,FX,DeltaGamma,2017-07-20,2017-08-03,-562802.773835
All,FX,DeltaGamma,2017-07-21,2017-08-04,-252131.067013
All,FX,DeltaGamma,2017-07-24,2017-08-07,-354427.387088
All,FX,DeltaGamma,2017-07-25,2017-08-08,-241465.325287
All,FX,DeltaGamma,2017-07-26,2017-08-09,-36381.877218
All,FX,DeltaGamma,2017-07-27,2017-08-10,-214675.216014
All,FX,DeltaGamma,2017-07-28,2017-08-11,-140180.234249
All,FX,DeltaGamma,2017-07-31,2017-08-14,182497.963925
All,FX,DeltaGamma,2017-08-01,2017-08-15,188885.076307
All,FX,DeltaGamma,2017-08-02,2017-08-16,248946.805475
All,FX,DeltaGamma,2017-08-03,2017-08-17,395861.716085
All,FX,DeltaGamma,2017-08-04,2017-08-18,56914.896843
All,FX,DeltaGamma,2017-08-07,2017-08-21,-19362.559060
All,FX,DeltaGamma,2017-08-08,2017-08-22,5002.127458
All,FX,DeltaGamma,2017-08-09,2017-08-23,-98772.039476
All,FX,DeltaGamma,2017-08-10,2017-08-24,-40049.586143
All,FX,DeltaGamma,2017-08-11,2017-08-25,-231507.896548
All,FX,DeltaGamma,2017-08-15,2017-08-29,-554176.005371
All,FX,DeltaGamma,2017-08-16,2017-08-30,-265000.253441
All,FX,DeltaGamma,2017-08-17,2017-08-31,-436322.889009
All,FX,DeltaGamma,2017-08-18,2017-09-01,-216428.664899
All,FX,DeltaGamma,2017-08-21,2017-09-05,-220991.219680
All,FX,DeltaGamma,2017-08-22,2017-09-06,-358273.387194
All,FX,DeltaGamma,2017-08-23,2017-09-07,-498756.241290
All,FX,DeltaGamma,2017-08-24,2017-09-08,-550382.731026
All,FX,DeltaGamma,2017-08-25,2017-09-11,-47903.226996
All,FX,DeltaGamma,2017-08-29,2017-09-13,237026.086689
All,FX,DeltaGamma,2017-08-30,2017-09-14,-58154.310792
All,FX,DeltaGamma,2017-08-31,2017-09-15,-54830.892069
All,FX,DeltaGamma,2017-09-01,2017-09-18,-207974.305657
All,FX,DeltaGamma,2017-09-05,2017-09-19,-170510.274132
All,FX,DeltaGamma,2017-09-06,2017-09-20,85337.023451
All,FX,DeltaGamma,2017-09-07,2017-09-21,223794.357599
All,FX,DeltaGamma,2017-09-08,2017-09-22,238145.051153
All,FX,DeltaGamma,2017-09-11,2017-09-25,285919.982841
All,FX,DeltaGamma,2017-09-12,2017-09-26,455143.965955
All,FX,DeltaGamma,2017-09-13,2017-09-27,382360.778367
All,FX,DeltaGamma,2017-09-14,2017-09-28,355291.976214
All,FX,DeltaGamma,2017-09-15,2017-09-29,345422.341411
All,FX,DeltaGamma,2017-09-18,2017-10-02,581319.878559
All,FX,DeltaGamma,2017-09-19,2017-10-03,653748.133781
All,FX,DeltaGamma,2017-09-20,2017-10-04,358084.702662
All,FX,DeltaGamma,2017-09-21,2017-10-05,608892.470695
All,FX,DeltaGamma,2017-09-22,2017-10-06,566995.850392
All,FX,DeltaGamma,2017-09-25,2017-10-10,133781.637189
All,FX,DeltaGamma,2017-09-26,2017-10-11,-137298.360253
All,FX,DeltaGamma,2017-09-27,2017-10-12,-188424.131273
All,FX,DeltaGamma,2017-09-28,2017-10-13,-64395.925228
All,FX,DeltaGamma,2017-09-29,2017-10-16,70922.351518
All,FX,DeltaGamma,2017-10-02,2017-10-17,-57081.199755
All,FX,DeltaGamma,2017-10-03,2017-10-18,-81339.440030
All,FX,DeltaGamma,2017-10-04,2017-10-19,-202563.298737
All,FX,DeltaGamma,2017-10-05,2017-10-20,-156820.395519
All,FX,DeltaGamma,2017-10-06,2017-10-23,-15667.974271
All,FX,DeltaGamma,2017-10-10,2017-10-24,133386.226567
All,FX,DeltaGamma,2017-10-11,2017-10-25,144349.205447
All,FX,DeltaGamma,2017-10-12,2017-10-26,481583.903730
All,FX,DeltaGamma,2017-10-13,2017-10-27,564777.450128
All,FX,DeltaGamma,2017-10-16,2017-10-30,390077.564960
All,FX,DeltaGamma,2017-10-17,2017-10-31,326839.088581
All,FX,DeltaGamma,2017-10-18,2017-11-01,448715.386824
All,FX,DeltaGamma,2017-10-19,2017-11-02,513825.019083
All,FX,DeltaGamma,2017-10-20,2017-11-03,469412.595253
All,FX,DeltaGamma,2017-10-23,2017-11-06,381710.011110
All,FX,DeltaGamma,2017-10-24,2017-11-07,472037.182336
All,FX,DeltaGamma,2017-10-25,2017-11-08,574691.049573
All,FX,DeltaGamma,2017-10-26,2017-11-09,49731.275458
All,FX,DeltaGamma,2017-10-27,2017-11-13,-117686.271838
All,FX,DeltaGamma,2017-10-30,2017-11-14,-337556.343427
All,FX,DeltaGamma,2017-10-31,2017-11-15,-333961.294076
All,FX,DeltaGamma,2017-11-01,2017-11-16,-350214.324940
All,FX,DeltaGamma,2017-11-02,2017-11-17,-313762.554001
All,FX,DeltaGamma,2017-11-03,2017-11-20,-281572.327660
All,FX,DeltaGamma,2017-11-06,2017-11-21,-295230.886721
All,FX,DeltaGamma,2017-11-07,2017-11-22,-563823.760094
All,FX,DeltaGamma,2017-11-08,2017-11-24,-796228.591285
All,FX,DeltaGamma,2017-11-09,2017-11-27,-614502.089853
All,FX,DeltaGamma,2017-11-13,2017-11-28,-406658.112797
All,FX,DeltaGamma,2017-11-14,2017-11-29,-95713.183056
All,FX,DeltaGamma,2017-11-15,2017-11-30,-255178.531352
All,FX,DeltaGamma,2017-11-16,2017-12-01,-275454.917114
All,FX,DeltaGamma,2017-11-17,2017-12-04,-151195.282844
All,FX,DeltaGamma,2017-11-20,2017-12-05,-208902.158886
All,FX,DeltaGamma,2017-11-21,2017-12-06,-122704.398842
All,FX,DeltaGamma,2017-11-22,2017-12-07,150939.826445
All,FX,DeltaGamma,2017-11-24,2017-12-08,439777.044483
All,FX,DeltaGamma,2017-11-27,2017-12-11,347742.977197
All,FX,DeltaGamma,2017-11-28,2017-12-12,273036.908387
All,FX,DeltaGamma,2017-11-29,2017-12-13,78014.728047
All,FX,DeltaGamma,2017-11-30,2017-12-14,344394.685567
All,FX,DeltaGamma,2017-12-01,2017-12-15,368538.857924
All,FX,DeltaGamma,2017-12-04,2017-12-18,242151.389653
All,FX,DeltaGamma,2017-12-05,2017-12-19,-9039.245887
All,FX,DeltaGamma,2017-12-06,2017-12-20,-158155.821439
All,FX,DeltaGamma,2017-12-07,2017-12-21,-220119.667328
All,FX,DeltaGamma,2017-12-08,2017-12-22,-209537.087172
All,FX,DeltaGamma,2017-12-12,2017-12-27,-336918.364912
All,FX,DeltaGamma,2017-12-13,2017-12-28,-262966.074718
All,FX,DeltaGamma,2017-12-14,2017-12-29,-518119.989165
All,FX,DeltaGamma,2017-12-15,2018-01-02,-717637.401515
All,FX,DeltaGamma,2017-12-18,2018-01-03,-549432.472809
All,FX,DeltaGamma,2017-12-19,2018-01-04,-527983.165058
All,FX,DeltaGamma,2017-12-20,2018-01-05,-365321.202235
All,FX,DeltaGamma,2017-12-21,2018-01-08,-208224.065336
All,FX,DeltaGamma,2017-12-22,2018-01-09,-169579.270691
All,FX,DeltaGamma,2017-12-27,2018-01-11,-323960.959229
All,FX,DeltaGamma,2017-12-28,2018-01-12,-564427.838382
All,FX,DeltaGamma,2017-12-29,2018-01-16,-602483.721435
All,FX,DeltaGamma,2018-01-02,2018-01-17,-279318.690126
All,FX,DeltaGamma,2018-01-03,2018-01-18,-511429.037338
All,FX,DeltaGamma,2018-01-04,2018-01-19,-346941.291305
All,FX,DeltaGamma,2018-01-05,2018-01-22,-529833.607025
All,FX,DeltaGamma,2018-01-08,2018-01-23,-769793.475225
All,FX,DeltaGamma,2018-01-09,2018-01-24,-1090834.613976
All,FX,DeltaGamma,2018-01-10,2018-01-25,-1039055.628982
All,FX,DeltaGamma,2018-01-11,2018-01-26,-894432.365818
All,FX,DeltaGamma,2018-01-12,2018-01-29,-436703.274684
All,FX,DeltaGamma,2018-01-16,2018-01-30,-309651.092592
All,FX,DeltaGamma,2018-01-17,2018-01-31,-529842.232787
All,FX,DeltaGamma,2018-01-18,2018-02-01,-615017.543043
All,FX,DeltaGamma,2018-01-19,2018-02-02,-538662.020613
All,FX,DeltaGamma,2018-01-22,2018-02-05,-223127.715254
All,FX,DeltaGamma,2018-01-23,2018-02-06,-155152.105769
All,FX,DeltaGamma,2018-01-24,2018-02-07,372478.655077
All,FX,DeltaGamma,2018-01-25,2018-02-08,383073.374847
All,FX,DeltaGamma,2018-01-26,2018-02-09,471466.451261
All,FX,DeltaGamma,2018-01-29,2018-02-12,244273.738878
All,FX,DeltaGamma,2018-01-30,2018-02-13,146129.727254
All,FX,DeltaGamma,2018-01-31,2018-02-14,-43670.345515
All,FX,DeltaGamma,2018-02-01,2018-02-15,40465.117229
All,FX,DeltaGamma,2018-02-02,2018-02-16,154030.424498
All,FX,DeltaGamma,2018-02-05,2018-02-20,94860.347524
All,FX,DeltaGamma,2018-02-06,2018-02-21,244165.543068
All,FX,DeltaGamma,2018-02-07,2018-02-22,-132975.816016
All,FX,DeltaGamma,2018-02-08,2018-02-23,-82327.846403
All,FX,DeltaGamma,2018-02-09,2018-02-26,-168595.887321
All,FX,DeltaGamma,2018-02-12,2018-02-27,163125.842158
All,FX,DeltaGamma,2018-02-13,2018-02-28,403592.119529
All,FX,DeltaGamma,2018-02-14,2018-03-01,465196.761086
All,FX,DeltaGamma,2018-02-15,2018-03-02,474476.574423
All,FX,DeltaGamma,2018-02-16,2018-03-05,197265.754752
All,FX,DeltaGamma,2018-02-20,2018-03-06,-130306.398444
All,FX,DeltaGamma,2018-02-21,2018-03-07,-274175.409893
All,FX,DeltaGamma,2018-02-22,2018-03-08,69267.696346
All,FX,DeltaGamma,2018-02-23,2018-03-09,-10411.980527
All,FX,DeltaGamma,2018-02-26,2018-03-12,-17728.942871
All,FX,DeltaGamma,2018-02-27,2018-03-13,-344897.120830
All,FX,DeltaGamma,2018-02-28,2018-03-14,-383179.413013
All,FX,DeltaGamma,2018-03-01,2018-03-15,-60851.119190
All,FX,DeltaGamma,2018-03-02,2018-03-16,90956.542340
All,FX,DeltaGamma,2018-03-05,2018-03-19,25745.251214
All,FX,DeltaGamma,2018-03-06,2018-03-20,412482.750731
All,FX,DeltaGamma,2018-03-07,2018-03-21,200980.359247
All,FX,DeltaGamma,2018-03-08,2018-03-22,47474.318298
All,FX,DeltaGamma,2018-03-09,2018-03-23,-82859.964068
All,FX,DeltaGamma,2018-03-12,2018-03-26,-224601.426380
All,FX,DeltaGamma,2018-03-13,2018-03-27,-7054.331275
All,FX,DeltaGamma,2018-03-14,2018-03-28,163975.443834
All,FX,DeltaGamma,2018-03-15,2018-03-29,29364.088706
All,FX,DeltaGamma,2018-03-20,2018-04-03,-39074.788136
All,FX,DeltaGamma,2018-03-21,2018-04-04,170909.576476
All,FX,DeltaGamma,2018-03-22,2018-04-05,177736.425881
All,FX,DeltaGamma,2018-03-23,2018-04-06,192890.475542
All,FX,DeltaGamma,2018-03-26,2018-04-09,314834.848272
All,FX,DeltaGamma,2018-03-27,2018-04-10,138847.727488
All,FX,DeltaGamma,2018-03-28,2018-04-11,-111838.290253
All,FX,DeltaGamma,2018-03-29,2018-04-12,-35767.417225
All,FX,DeltaGamma,2018-04-03,2018-04-17,-212453.213835
All,FX,DeltaGamma,2018-04-04,2018-04-18,-201765.605219
All,FX,DeltaGamma,2018-04-05,2018-04-19,-229871.195496
All,FX,DeltaGamma,2018-04-06,2018-04-20,14906.077148
All,FX,DeltaGamma,2018-04-09,2018-04-23,290278.437237
All,FX,DeltaGamma,2018-04-10,2018-04-24,320138.933388
All,FX,DeltaGamma,2018-04-11,2018-04-25,524101.471975
All,FX,DeltaGamma,2018-04-12,2018-04-26,569641.669008
All,FX,DeltaGamma,2018-04-13,2018-04-27,515433.147151
All,FX,DeltaGamma,2018-04-16,2018-04-30,757634.412033
All,FX,DeltaGamma,2018-04-17,2018-05-01,953572.114512
All,FX,DeltaGamma,2018-04-18,2018-05-02,1062984.863265
All,FX,DeltaGamma,2018-04-19,2018-05-03,904640.130957
All,FX,DeltaGamma,2018-04-20,2018-05-04,831754.245007
All,FX,DeltaGamma,2018-04-24,2018-05-08,939756.537613
All,FX,DeltaGamma,2018-04-25,2018-05-09,798382.460702
All,FX,DeltaGamma,2018-04-26,2018-05-10,488563.069730
All,FX,DeltaGamma,2018-04-27,2018-05-11,482437.889109
All,FX,DeltaGamma,2018-04-30,2018-05-14,398791.964346
All,FX,DeltaGamma,2018-05-01,2018-05-15,410216.570535
All,FX,DeltaGamma,2018-05-02,2018-05-16,387837.064113
All,FX,DeltaGamma,2018-05-03,2018-05-17,508863.961628
All,FX,DeltaGamma,2018-05-04,2018-05-18,479564.354858
All,FX,DeltaGamma,2018-05-08,2018-05-22,242125.709560
All,FX,DeltaGamma,2018-05-09,2018-05-23,412631.058881
All,FX,DeltaGamma,2018-05-10,2018-05-24,519947.517218
All,FX,DeltaGamma,2018-05-11,2018-05-25,763549.740835
All,FX,DeltaGamma,2018-05-14,2018-05-29,1011584.704368
All,FX,DeltaGamma,2018-05-15,2018-05-30,464445.006106
All,FX,DeltaGamma,2018-05-16,2018-05-31,310506.612467
All,FX,DeltaGamma,2018-05-17,2018-06-01,369218.052620
All,FX,DeltaGamma,2018-05-18,2018-06-04,230151.806237
All,FX,DeltaGamma,2018-05-21,2018-06-05,209559.578077
All,FX,DeltaGamma,2018-05-22,2018-06-06,39603.322741
All,FX,DeltaGamma,2018-05-23,2018-06-07,-232269.946162
All,FX,DeltaGamma,2018-05-24,2018-06-08,-98348.809116
All,FX,DeltaGamma,2018-05-25,2018-06-11,-303282.608083
All,FX,DeltaGamma,2018-05-29,2018-06-12,-486830.249367
All,FX,DeltaGamma,2018-05-30,2018-06-13,-293297.928972
All,FX,DeltaGamma,2018-05-31,2018-06-14,338730.469216
All,FX,DeltaGamma,2018-06-01,2018-06-15,152632.006698
All,FX,DeltaGamma,2018-06-04,2018-06-18,214978.531092
All,FX,DeltaGamma,2018-06-05,2018-06-19,349730.657991
All,FX,DeltaGamma,2018-06-06,2018-06-20,534789.519180
All,FX,DeltaGamma,2018-06-07,2018-06-21,522048.272059
All,FX,DeltaGamma,2018-06-08,2018-06-22,306139.987108
All,FX,DeltaGamma,2018-06-11,2018-06-25,226782.016481
All,FX,DeltaGamma,2018-06-12,2018-06-26,271032.547487
All,FX,DeltaGamma,2018-06-13,2018-06-27,629211.154502
All,FX,DeltaGamma,2018-06-14,2018-06-28,25745.251214
All,FX,DeltaGamma,2018-06-15,2018-06-29,-165474.575641
All,FX,DeltaGamma,2018-06-18,2018-07-02,-15278.055491
All,FX,DeltaGamma,2018-06-19,2018-07-03,-144709.671113
All,FX,DeltaGamma,2018-06-20,2018-07-05,-273804.022194
All,FX,DeltaGamma,2018-06-21,2018-07-06,-336038.546350
All,FX,DeltaGamma,2018-06-22,2018-07-09,-210853.812396
All,FX,DeltaGamma,2018-06-25,2018-07-10,-74090.693612
All,FX,DeltaGamma,2018-06-26,2018-07-11,-39352.087284
All,FX,DeltaGamma,2018-06-27,2018-07-12,-273319.426651
All,FX,DeltaGamma,2018-06-28,2018-07-13,-263525.154404
All,FX,DeltaGamma,2018-06-29,2018-07-16,-36120.503299
All,FX,DeltaGamma,2018-07-02,2018-07-17,-32452.277487
All,FX,DeltaGamma,2018-07-03,2018-07-18,73750.858323
All,FX,DeltaGamma,2018-07-05,2018-07-19,146110.105100
All,FX,DeltaGamma,2018-07-06,2018-07-20,94856.500886
All,FX,DeltaGamma,2018-07-09,2018-07-23,174386.831940
All,FX,DeltaGamma,2018-07-10,2018-07-24,170827.736124
All,FX,DeltaGamma,2018-07-11,2018-07-25,-108172.016694
All,FX,DeltaGamma,2018-07-12,2018-07-26,101279.506474
All,FX,DeltaGamma,2018-07-13,2018-07-27,97921.964812
All,FX,DeltaGamma,2018-07-16,2018-07-30,32633.714101
All,FX,DeltaGamma,2018-07-17,2018-07-31,-46288.354835
All,FX,DeltaGamma,2018-07-18,2018-08-01,-29028.893446
All,FX,DeltaGamma,2018-07-19,2018-08-02,176444.315045
All,FX,DeltaGamma,2018-07-20,2018-08-03,418755.838717
All,FX,DeltaGamma,2018-07-23,2018-08-06,383442.643216
All,FX,DeltaGamma,2018-07-24,2018-08-07,245738.087479
All,FX,DeltaGamma,2018-07-25,2018-08-08,322400.791637
All,FX,DeltaGamma,2018-07-26,2018-08-09,323683.703699
All,FX,DeltaGamma,2018-07-27,2018-08-10,660031.107493
All,FX,DeltaGamma,2018-07-30,2018-08-13,793629.009848
All,FX,DeltaGamma,2018-07-31,2018-08-14,923218.218574
All,FX,DeltaGamma,2018-08-01,2018-08-15,842030.915000
All,FX,DeltaGamma,2018-08-02,2018-08-16,560725.657982
All,FX,DeltaGamma,2018-08-03,2018-08-17,359141.277266
All,FX,DeltaGamma,2018-08-06,2018-08-20,209241.009053
All,FX,DeltaGamma,2018-08-07,2018-08-21,97394.455188
All,FX,DeltaGamma,2018-08-08,2018-08-22,59895.613845
All,FX,DeltaGamma,2018-08-09,2018-08-23,-4766.867597
All,FX,DeltaGamma,2018-08-10,2018-08-24,-511245.136520
All,FX,DeltaGamma,2018-08-14,2018-08-28,-858498.844432
All,FX,DeltaGamma,2018-08-15,2018-08-29,-885296.368826
All,FX,DeltaGamma,2018-08-16,2018-08-30,-710516.048923
All,FX,DeltaGamma,2018-08-17,2018-08-31,-398102.035710
All,FX,DeltaGamma,2018-08-20,2018-09-04,-230906.742662
All,FX,DeltaGamma,2018-08-21,2018-09-05,-120608.477385
All,FX,DeltaGamma,2018-08-22,2018-09-06,-35654.106403
All,FX,DeltaGamma,2018-08-23,2018-09-07,-14979.824667
All,FX,DeltaGamma,2018-08-24,2018-09-10,97536.037946
All,FX,DeltaGamma,2018-08-28,2018-09-12,201195.585429
All,FX,DeltaGamma,2018-08-29,2018-09-13,70515.017007
All,FX,DeltaGamma,2018-08-30,2018-09-14,121857.317548
All,FX,DeltaGamma,2018-08-31,2018-09-17,-172211.921038
All,FX,DeltaGamma,2018-09-04,2018-09-18,-192285.411023
All,FX,DeltaGamma,2018-09-05,2018-09-19,-83713.850152
All,FX,DeltaGamma,2018-09-06,2018-09-20,-363930.867103
All,FX,DeltaGamma,2018-09-07,2018-09-21,-463633.312565
All,FX,DeltaGamma,2018-09-10,2018-09-24,-359616.881172
All,FX,DeltaGamma,2018-09-11,2018-09-25,-383963.951919
All,FX,DeltaGamma,2018-09-12,2018-09-26,-254678.466048
All,FX,DeltaGamma,2018-09-13,2018-09-27,149534.626022
All,FX,DeltaGamma,2018-09-14,2018-09-28,83908.928397
All,FX,DeltaGamma,2018-09-17,2018-10-01,290331.360217
All,FX,DeltaGamma,2018-09-18,2018-10-02,331208.667545
All,FX,DeltaGamma,2018-09-19,2018-10-03,523584.660884
All,FX,DeltaGamma,2018-09-20,2018-10-04,697782.554612
All,FX,DeltaGamma,2018-09-21,2018-10-05,602891.997841
All,FX,DeltaGamma,2018-09-24,2018-10-09,685757.685588
All,FX,DeltaGamma,2018-09-25,2018-10-10,666303.771954
All,FX,DeltaGamma,2018-09-26,2018-10-11,391733.861640
All,FX,DeltaGamma,2018-09-27,2018-10-12,227771.941817
All,FX,DeltaGamma,2018-09-28,2018-10-15,100867.326049
All,FX,DeltaGamma,2018-10-01,2018-10-16,35961.888186
All,FX,DeltaGamma,2018-10-02,2018-10-17,144636.476720
All,FX,DeltaGamma,2018-10-03,2018-10-18,93269.742772
All,FX,DeltaGamma,2018-10-04,2018-10-19,25745.251214
All,FX,DeltaGamma,2018-10-05,2018-10-22,174881.226910
All,FX,DeltaGamma,2018-10-09,2018-10-23,69681.564691
All,FX,DeltaGamma,2018-10-10,2018-10-24,357835.197662
All,FX,DeltaGamma,2018-10-11,2018-10-25,591852.454542
All,FX,DeltaGamma,2018-10-12,2018-10-26,430442.844124
All,FX,DeltaGamma,2018-10-15,2018-10-29,563883.778500
All,FX,DeltaGamma,2018-10-16,2018-10-30,621508.783125
All,FX,DeltaGamma,2018-10-17,2018-10-31,519694.713486
All,FX,DeltaGamma,2018-10-18,2018-11-01,133536.953601
All,FX,DeltaGamma,2018-10-19,2018-11-02,350870.546081
All,FX,DeltaGamma,2018-10-22,2018-11-05,177501.145425
All,FX,DeltaGamma,2018-10-23,2018-11-06,143858.874901
All,FX,DeltaGamma,2018-10-24,2018-11-07,-64727.335325
All,FX,DeltaGamma,2018-10-25,2018-11-08,59204.059289
All,FX,DeltaGamma,2018-10-26,2018-11-09,203542.159142
All,FX,DeltaGamma,2018-10-29,2018-11-13,233119.085228
All,FX,DeltaGamma,2018-10-30,2018-11-14,112501.275692
All,FX,DeltaGamma,2018-10-31,2018-11-15,-17510.071773
All,FX,DeltaGamma,2018-11-01,2018-11-16,-1104.268173
All,FX,DeltaGamma,2018-11-02,2018-11-19,-141739.329072
All,FX,DeltaGamma,2018-11-05,2018-11-20,119686.408452
All,FX,DeltaGamma,2018-11-06,2018-11-21,133302.891618
All,FX,DeltaGamma,2018-11-07,2018-11-23,247582.884549
All,FX,DeltaGamma,2018-11-08,2018-11-26,112639.296640
All,FX,DeltaGamma,2018-11-09,2018-11-27,152456.261115
All,FX,DeltaGamma,2018-11-13,2018-11-28,-166891.333009
All,FX,DeltaGamma,2018-11-14,2018-11-29,-187179.941896
All,FX,DeltaGamma,2018-11-15,2018-11-30,55735.352130
All,FX,DeltaGamma,2018-11-16,2018-12-03,197067.342271
All,FX,DeltaGamma,2018-11-19,2018-12-04,305362.005022
All,FX,DeltaGamma,2018-11-20,2018-12-05,92632.429513
All,FX,DeltaGamma,2018-11-21,2018-12-06,52536.681228
All,FX,DeltaGamma,2018-11-23,2018-12-07,-70999.131346
All,FX,DeltaGamma,2018-11-26,2018-12-10,-47563.884359
All,FX,DeltaGamma,2018-11-27,2018-12-11,-50619.246738
All,FX,DeltaGamma,2018-11-28,2018-12-12,22402.032810
All,FX,DeltaGamma,2018-11-29,2018-12-13,99472.055061
All,FX,DeltaGamma,2018-11-30,2018-12-14,45718.285032
All,FX,DeltaGamma,2018-12-03,2018-12-17,42444.258878
All,FX,DeltaGamma,2018-12-04,2018-12-18,-14300.534283
All,FX,DeltaGamma,2018-12-05,2018-12-19,-61010.773265
All,FX,DeltaGamma,2018-12-06,2018-12-20,-158278.193201
All,FX,DeltaGamma,2018-12-07,2018-12-21,45827.390031
All,FX,DeltaGamma,2018-12-10,2018-12-24,-81152.676267
All,FX,DeltaGamma,2018-12-12,2018-12-27,-138091.074686
All,FX,DeltaGamma,2018-12-13,2018-12-28,-174825.053161
All,FX,DeltaGamma,2018-12-14,2018-12-31,-386750.648003
All,FX,DeltaGamma,2018-12-17,2019-01-02,35758.970076
All,FX,DeltaGamma,2018-12-18,2019-01-03,-61138.921011
All,FX,DeltaGamma,2018-12-19,2019-01-04,-21107.740613
All,FX,DeltaGamma,2018-12-20,2019-01-07,-48327.608610
All,FX,DeltaGamma,2018-12-21,2019-01-08,-158215.407993
All,FX,DeltaGamma,2018-12-24,2019-01-09,-339704.117289
All,FX,DeltaGamma,2018-12-27,2019-01-11,-71762.291561
All,FX,DeltaGamma,2018-12-28,2019-01-14,-61765.346149
All,FX,DeltaGamma,2018-12-31,2019-01-15,170822.980802
All,FX,DeltaGamma,2019-01-02,2019-01-16,-121072.636365
All,FX,DeltaGamma,2019-01-03,2019-01-17,25745.251214
All,FX,DeltaGamma,2019-01-04,2019-01-18,109544.807568
All,FX,DeltaGamma,2019-01-07,2019-01-22,329535.714526
All,FX,DeltaGamma,2019-01-08,2019-01-23,187303.277114
All,FX,DeltaGamma,2019-01-09,2019-01-24,640227.867625
All,FX,DeltaGamma,2019-01-10,2019-01-25,265925.922156
All,FX,DeltaGamma,2019-01-11,2019-01-28,133697.689106
All,FX,DeltaGamma,2019-01-14,2019-01-29,140523.710596
All,FX,DeltaGamma,2019-01-15,2019-01-30,-138764.374655
All,FX,DeltaGamma,2019-01-16,2019-01-31,-91627.637092
All,FX,DeltaGamma,2019-01-17,2019-02-01,-131779.961096
All,FX,DeltaGamma,2019-01-18,2019-02-04,-171459.799996
All,FX,DeltaGamma,2019-01-22,2019-02-05,-121256.096182
All,FX,DeltaGamma,2019-01-23,2019-02-06,72608.908415
All,FX,DeltaGamma,2019-01-24,2019-02-07,-83994.645421
All,FX,DeltaGamma,2019-01-25,2019-02-08,223715.273529
All,FX,DeltaGamma,2019-01-28,2019-02-11,422364.050207
All,FX,DeltaGamma,2019-01-29,2019-02-12,301487.758469
All,FX,DeltaGamma,2019-01-30,2019-02-13,592950.980303
All,FX,DeltaGamma,2019-01-31,2019-02-14,419678.187549
All,FX,DeltaGamma,2019-02-01,2019-02-15,446951.316438
All,FX,DeltaGamma,2019-02-04,2019-02-19,284851.945374
All,FX,DeltaGamma,2019-02-05,2019-02-20,227208.607521
All,FX,DeltaGamma,2019-02-06,2019-02-21,92586.824619
All,FX,DeltaGamma,2019-02-07,2019-02-22,35758.970076
All,FX,DeltaGamma,2019-02-08,2019-02-25,-44247.511509
All,FX,DeltaGamma,2019-02-11,2019-02-26,-292634.097075
All,FX,DeltaGamma,2019-02-12,2019-02-27,-84193.539661
All,FX,DeltaGamma,2019-02-13,2019-02-28,-255803.892310
All,FX,DeltaGamma,2019-02-14,2019-03-01,-186891.295000
All,FX,DeltaGamma,2019-02-15,2019-03-04,-93849.295577
All,FX,DeltaGamma,2019-02-19,2019-03-05,109136.121970
All,FX,DeltaGamma,2019-02-20,2019-03-06,105782.331966
All,FX,DeltaGamma,2019-02-21,2019-03-07,399209.280397
All,FX,DeltaGamma,2019-02-22,2019-03-08,292686.864994
All,FX,DeltaGamma,2019-02-25,2019-03-11,306384.187150
All,FX,DeltaGamma,2019-02-26,2019-03-12,310728.703716
All,FX,DeltaGamma,2019-02-27,2019-03-13,136096.546932
All,FX,DeltaGamma,2019-02-28,2019-03-14,196307.555877
All,FX,DeltaGamma,2019-03-01,2019-03-15,162957.584421
All,FX,DeltaGamma,2019-03-04,2019-03-18,39087.790535
All,FX,DeltaGamma,2019-03-05,2019-03-19,-90671.875052
All,FX,DeltaGamma,2019-03-06,2019-03-20,-250298.428618
All,FX,DeltaGamma,2019-03-07,2019-03-21,-441816.493787
All,FX,DeltaGamma,2019-03-08,2019-03-22,-159433.112706
All,FX,DeltaGamma,2019-03-11,2019-03-25,-136413.443803
All,FX,DeltaGamma,2019-03-12,2019-03-26,85515.518953
All,FX,DeltaGamma,2019-03-13,2019-03-27,238959.875940
All,FX,DeltaGamma,2019-03-14,2019-03-28,218599.626940
All,FX,DeltaGamma,2019-03-15,2019-03-29,305557.750143
All,FX,DeltaGamma,2019-03-18,2019-04-01,345820.986462
All,FX,DeltaGamma,2019-03-19,2019-04-02,413118.239358
All,FX,DeltaGamma,2019-03-20,2019-04-03,499130.093000
All,FX,DeltaGamma,2019-03-21,2019-04-04,430596.828925
All,FX,DeltaGamma,2019-03-22,2019-04-05,278651.136557
All,FX,DeltaGamma,2019-03-25,2019-04-08,162181.320938
All,FX,DeltaGamma,2019-03-26,2019-04-09,39000.594221
All,FX,DeltaGamma,2019-03-27,2019-04-10,-47019.754472
All,FX,DeltaGamma,2019-03-28,2019-04-11,-33716.195643
All,FX,DeltaGamma,2019-03-29,2019-04-12,-195335.146406
All,FX,DeltaGamma,2019-04-01,2019-04-15,-228218.246259
All,FX,DeltaGamma,2019-04-02,2019-04-16,-168719.306177
All,FX,DeltaGamma,2019-04-03,2019-04-17,-142766.703309
All,FX,DeltaGamma,2019-04-04,2019-04-18,-3958.780958
All,FX,DeltaGamma,2019-04-09,2019-04-23,108553.822838
All,FX,DeltaGamma,2019-04-10,2019-04-24,337421.404092
All,FX,DeltaGamma,2019-04-11,2019-04-25,343515.432489
All,FX,DeltaGamma,2019-04-12,2019-04-26,436060.719988
All,FX,DeltaGamma,2019-04-15,2019-04-29,351786.953162
All,FX,DeltaGamma,2019-04-16,2019-04-30,198278.554407
All,FX,DeltaGamma,2019-04-17,2019-05-01,291601.000802
All,FX,DeltaGamma,2019-04-18,2019-05-02,164504.212854
All,FX,DeltaGamma,2019-04-23,2019-05-07,128139.575253
All,FX,DeltaGamma,2019-04-24,2019-05-08,-69401.834535
All,FX,DeltaGamma,2019-04-25,2019-05-09,-193661.227350
All,FX,DeltaGamma,2019-04-26,2019-05-10,-205139.963329
All,FX,DeltaGamma,2019-04-29,2019-05-13,-69678.610573
All,FX,DeltaGamma,2019-04-30,2019-05-14,29043.848376
All,FX,DeltaGamma,2019-05-01,2019-05-15,9278.122267
All,FX,DeltaGamma,2019-05-02,2019-05-16,38898.333637
All,FX,DeltaGamma,2019-05-03,2019-05-17,148262.103150
All,FX,DeltaGamma,2019-05-07,2019-05-21,101451.655563
All,FX,DeltaGamma,2019-05-08,2019-05-22,129757.292674
All,FX,DeltaGamma,2019-05-09,2019-05-23,124725.368888
All,FX,DeltaGamma,2019-05-10,2019-05-24,105062.816688
All,FX,DeltaGamma,2019-05-13,2019-05-28,194105.887335
All,FX,DeltaGamma,2019-05-14,2019-05-29,240130.021807
All,FX,DeltaGamma,2019-05-15,2019-05-30,220166.231112
All,FX,DeltaGamma,2019-05-16,2019-05-31,-549.154060
All,FX,DeltaGamma,2019-05-17,2019-06-03,-194711.352052
All,FX,DeltaGamma,2019-05-20,2019-06-04,-181276.918036
All,FX,DeltaGamma,2019-05-21,2019-06-05,-131845.062507
All,FX,DeltaGamma,2019-05-22,2019-06-06,-300939.073139
All,FX,DeltaGamma,2019-05-23,2019-06-07,-375423.762693
All,FX,DeltaGamma,2019-05-24,2019-06-10,-261007.570701
All,FX,DeltaGamma,2019-05-28,2019-06-11,-423943.369864
All,FX,DeltaGamma,2019-05-29,2019-06-12,-386823.979422
All,FX,DeltaGamma,2019-05-30,2019-06-13,-360543.093754
All,FX,DeltaGamma,2019-05-31,2019-06-14,-40049.586143
All,FX,DeltaGamma,2019-06-03,2019-06-17,85260.176606
All,FX,DeltaGamma,2019-06-04,2019-06-18,177975.862862
All,FX,DeltaGamma,2019-06-05,2019-06-19,12541.977455
All,FX,DeltaGamma,2019-06-06,2019-06-20,-20690.306717
All,FX,DeltaGamma,2019-06-07,2019-06-21,-64265.845142
All,FX,DeltaGamma,2019-06-10,2019-06-24,-187276.331752
All,FX,DeltaGamma,2019-06-11,2019-06-25,-60922.276810
All,FX,DeltaGamma,2019-06-12,2019-06-26,-180153.362437
All,FX,DeltaGamma,2019-06-13,2019-06-27,-209775.925548
All,FX,DeltaGamma,2019-06-14,2019-06-28,-389691.613088
All,FX,DeltaGamma,2019-06-17,2019-07-01,-145839.534998
All,FX,DeltaGamma,2019-06-18,2019-07-02,-214594.090303
All,FX,DeltaGamma,2019-06-19,2019-07-03,-106346.786955
All,FX,DeltaGamma,2019-06-20,2019-07-05,205137.071399
All,FX,DeltaGamma,2019-06-21,2019-07-08,430366.668847
All,FX,DeltaGamma,2019-06-24,2019-07-09,525304.479717
All,FX,DeltaGamma,2019-06-25,2019-07-10,326634.907555
All,FX,DeltaGamma,2019-06-26,2019-07-11,330081.912475
All,FX,DeltaGamma,2019-06-27,2019-07-12,279887.629231
All,FX,DeltaGamma,2019-06-28,2019-07-15,320048.835731
All,FX,DeltaGamma,2019-07-01,2019-07-16,214932.325020
All,FX,DeltaGamma,2019-07-02,2019-07-17,188398.109296
All,FX,DeltaGamma,2019-07-03,2019-07-18,25745.251214
All,FX,DeltaGamma,2019-07-05,2019-07-19,32349.111615
All,FX,DeltaGamma,2019-07-08,2019-07-22,35641.042700
All,FX,DeltaGamma,2019-07-09,2019-07-23,170802.179935
All,FX,DeltaGamma,2019-07-10,2019-07-24,320278.391142
All,FX,DeltaGamma,2019-07-11,2019-07-25,307104.265884
All,FX,DeltaGamma,2019-07-12,2019-07-26,407008.199505
All,FX,DeltaGamma,2019-07-15,2019-07-29,327066.642695
All,FX,DeltaGamma,2019-07-16,2019-07-30,174148.834239
All,FX,DeltaGamma,2019-07-17,2019-07-31,415285.546554
All,FX,DeltaGamma,2019-07-18,2019-08-01,536594.000810
All,FX,DeltaGamma,2019-07-19,2019-08-02,326153.445078
All,FX,DeltaGamma,2019-07-22,2019-08-05,48827.664723
All,FX,DeltaGamma,2019-07-23,2019-08-06,-98916.333542
All,FX,DeltaGamma,2019-07-24,2019-08-07,-131529.039151
All,FX,DeltaGamma,2019-07-25,2019-08-08,-62780.712226
All,FX,DeltaGamma,2019-07-26,2019-08-09,-167355.933473
All,FX,DeltaGamma,2019-07-29,2019-08-12,-157802.767141
All,FX,DeltaGamma,2019-07-30,2019-08-13,-13630.349319
All,FX,DeltaGamma,2019-07-31,2019-08-14,-137156.556132
All,FX,DeltaGamma,2019-08-01,2019-08-15,-29684.346244
All,FX,DeltaGamma,2019-08-02,2019-08-16,78030.215299
All,FX,DeltaGamma,2019-08-05,2019-08-19,351940.516452
All,FX,DeltaGamma,2019-08-06,2019-08-20,289307.857224
All,FX,DeltaGamma,2019-08-07,2019-08-21,328808.299089
All,FX,DeltaGamma,2019-08-08,2019-08-22,292124.953344
All,FX,DeltaGamma,2019-08-09,2019-08-23,177293.749670
All,FX,DeltaGamma,2019-08-13,2019-08-27,239315.690202
All,FX,DeltaGamma,2019-08-14,2019-08-28,189554.387329
All,FX,DeltaGamma,2019-08-15,2019-08-29,153147.383795
All,FX,DeltaGamma,2019-08-16,2019-08-30,294382.305749
All,FX,DeltaGamma,2019-08-19,2019-09-03,310715.830358
All,FX,DeltaGamma,2019-08-20,2019-09-04,206921.402696
All,FX,DeltaGamma,2019-08-21,2019-09-05,162934.157035
All,FX,DeltaGamma,2019-08-22,2019-09-06,165904.327271
All,FX,DeltaGamma,2019-08-23,2019-09-09,278123.776452
All,FX,DeltaGamma,2019-08-27,2019-09-11,241037.985429
All,FX,DeltaGamma,2019-08-28,2019-09-12,61583.648830
All,FX,DeltaGamma,2019-08-29,2019-09-13,-19791.587116
All,FX,DeltaGamma,2019-08-30,2019-09-16,-7721.314826
All,FX,DeltaGamma,2019-09-03,2019-09-17,-240353.180484
All,FX,DeltaGamma,2019-09-04,2019-09-18,33904.530966
All,FX,DeltaGamma,2019-09-05,2019-09-19,6028.640633
All,FX,DeltaGamma,2019-09-06,2019-09-20,51677.673185
All,FX,DeltaGamma,2019-09-09,2019-09-23,171984.273691
All,FX,DeltaGamma,2019-09-10,2019-09-24,88788.835484
All,FX,DeltaGamma,2019-09-11,2019-09-25,203852.064295
All,FX,DeltaGamma,2019-09-12,2019-09-26,406471.540093
All,FX,DeltaGamma,2019-09-13,2019-09-27,393862.556231
All,FX,DeltaGamma,2019-09-16,2019-09-30,300819.507964
All,FX,DeltaGamma,2019-09-17,2019-10-01,403551.885388
All,FX,DeltaGamma,2019-09-18,2019-10-02,217163.590496
All,FX,DeltaGamma,2019-09-19,2019-10-03,223849.031049
All,FX,DeltaGamma,2019-09-20,2019-10-04,129450.965103
All,FX,DeltaGamma,2019-09-23,2019-10-07,87185.114179
All,FX,DeltaGamma,2019-09-24,2019-10-08,192948.525494
All,FX,DeltaGamma,2019-09-25,2019-10-09,-51506.255316
All,FX,DeltaGamma,2019-09-26,2019-10-10,-202341.122699
All,FX,DeltaGamma,2019-09-27,2019-10-11,-250951.514747
All,FX,DeltaGamma,2019-09-30,2019-10-15,-330140.767003
All,FX,DeltaGamma,2019-10-01,2019-10-16,-347269.608462
All,FX,DeltaGamma,2019-10-02,2019-10-17,-412637.010136
All,FX,DeltaGamma,2019-10-03,2019-10-18,-512975.689205
All,FX,DeltaGamma,2019-10-04,2019-10-21,-419914.168700
All,FX,DeltaGamma,2019-10-07,2019-10-22,-380848.651526
All,FX,DeltaGamma,2019-10-08,2019-10-23,-435099.784798
All,FX,DeltaGamma,2019-10-09,2019-10-24,-322802.051344
All,FX,DeltaGamma,2019-10-10,2019-10-25,-168510.312183
All,FX,DeltaGamma,2019-10-11,2019-10-28,-130156.905640
All,FX,DeltaGamma,2019-10-15,2019-10-29,-181963.721098
All,FX,DeltaGamma,2019-10-16,2019-10-30,-179442.834588
All,FX,DeltaGamma,2019-10-17,2019-10-31,-49514.731303
All,FX,DeltaGamma,2019-10-18,2019-11-01,35603.449749
All,FX,DeltaGamma,2019-10-21,2019-11-04,78210.930417
All,FX,DeltaGamma,2019-10-22,2019-11-05,159904.350482
All,FX,DeltaGamma,2019-10-23,2019-11-06,202540.952439
All,FX,DeltaGamma,2019-10-24,2019-11-07,166183.071183
All,FX,DeltaGamma,2019-10-25,2019-11-08,185442.095475
All,FX,DeltaGamma,2019-10-28,2019-11-12,270640.546247
All,FX,DeltaGamma,2019-10-29,2019-11-13,306839.398540
All,FX,DeltaGamma,2019-10-30,2019-11-14,363568.392366
All,FX,DeltaGamma,2019-10-31,2019-11-15,291471.260824
All,FX,DeltaGamma,2019-11-01,2019-11-18,278687.561831
All,FX,DeltaGamma,2019-11-04,2019-11-19,156675.879141
All,FX,DeltaGamma,2019-11-05,2019-11-20,29002.565678
All,FX,DeltaGamma,2019-11-06,2019-11-21,42017.405855
All,FX,DeltaGamma,2019-11-07,2019-11-22,94005.213444
All,FX,DeltaGamma,2019-11-08,2019-11-25,45194.358873
All,FX,DeltaGamma,2019-11-12,2019-11-26,-3399.500018
All,FX,DeltaGamma,2019-11-13,2019-11-27,48408.400277
All,FX,DeltaGamma,2019-11-14,2019-11-29,41958.201764
All,FX,DeltaGamma,2019-11-15,2019-12-02,-45780.995808
All,FX,DeltaGamma,2019-11-18,2019-12-03,-3567.332472
All,FX,DeltaGamma,2019-11-19,2019-12-04,25745.251214
All,FX,DeltaGamma,2019-11-20,2019-12-05,-55678.592358
All,FX,DeltaGamma,2019-11-21,2019-12-06,22492.619904
All,FX,DeltaGamma,2019-11-22,2019-12-09,-78029.073799
All,FX,DeltaGamma,2019-11-25,2019-12-10,-184814.171562
All,FX,DeltaGamma,2019-11-26,2019-12-11,-265991.363670
All,FX,DeltaGamma,2019-11-27,2019-12-12,-323645.527381
All,FX,DeltaGamma,2019-11-29,2019-12-13,-249723.051304
All,FX,DeltaGamma,2019-12-02,2019-12-16,-143728.950859
All,FX,DeltaGamma,2019-12-03,2019-12-17,-147045.513868
All,FX,DeltaGamma,2019-12-04,2019-12-18,-65499.976969
All,FX,DeltaGamma,2019-12-05,2019-12-19,-23244.685985
All,FX,DeltaGamma,2019-12-06,2019-12-20,-26302.605967
All,FX,DeltaGamma,2019-12-09,2019-12-23,-39343.367350
All,FX,DeltaGamma,2019-12-10,2019-12-24,38796.190774
All,FX,DeltaGamma,2019-12-12,2019-12-27,-95392.544070
All,FX,DeltaGamma,2019-12-13,2019-12-30,-177084.350843
