PrincipalComponent,v_0,v_1,kappa_0,kappa_1
0,0.411973988719955,-0.698491428716952,0.009713412831505,5.000000000000000
1,-3.888586906223790,4.528778892778754,0.064472436947394,0.111778556597999
