PrincipalComponent,v_0,v_1,kappa_0,kappa_1
0,-0.588532683437611,0.509142101875059,1.185750418070226,0.018952355318869
1,3.815901091573501,-3.212698456599493,0.088303115008701,0.044840216279711
