#TradeId,ScenarioLabel,Base NPV,Scenario NPV,Sensitivity
BasisSwap,basis_stress,-9253250.000000,-29593000.000000,-20339750.000000
Option,base_stress,19972500.000000,20977500.000000,1005000.000000
Option,basis_stress,19972500.000000,20973000.000000,1000500.000000
