tenor,eigenvector_1,eigenvector_2,eigenvector_3,eigenvector_4,eigenvector_5,eigenvector_6,eigenvector_7,eigenvector_8
1,0.3468304062263818,0.5440639370721908,0.521054104023702,-0.5195265583326688,0.09866461151898562,-0.16973801642042552,-0.060325025700912825,0.010633392745984238
2,0.3488780654691428,0.38034307006705714,-0.0026582429698796747,0.7151653928451062,0.4274051078731557,-0.0723957101256213,0.1343588444403607,-0.1272245062026539
3,0.3503486546731069,0.25823096005699575,-0.17102313665642147,0.21867651329561547,-0.8371660020537831,-0.07863157441563287,-0.16015267171974593,0.028732263041023737
5,0.3523998551787263,0.09235103005284787,-0.25567462435182414,-0.21769873870808282,0.04128315912637688,0.8236961674918304,0.2720174871153848,-0.018713260643048964
10,0.3550295103410088,-0.11851995399015239,-0.37629341491275003,-0.09887569308586995,0.300896010452239,-0.09274454825986501,-0.5815196347732362,0.5207963947035203
15,0.3565037778657371,-0.23672369917388983,-0.2730521276061474,-0.20119476834617667,0.0007315512981165522,-0.4828433483751763,0.6718786605918031,0.13141909499613552
20,0.3577491125679343,-0.3354189569359026,-0.08346259764408055,-0.13247121591700195,0.0677144565066266,-0.0995098653275676,-0.29769234112313314,-0.7949131251291907
30,0.3604685875377279,-0.5491180875088038,0.6409032094729142,0.2358264133253264,-0.09957289833188458,0.17218624364816953,0.021434796254900412,0.24927572514868523
