tenor,eigenvector_1,eigenvector_2,eigenvector_3,eigenvector_4,eigenvector_5,eigenvector_6,eigenvector_7,eigenvector_8
1,0.34683040622638145,0.5440639370721908,0.5210541040280328,-0.5195265583390002,0.09866461152627347,-0.16973801639832914,-0.0603250257283507,0.010633392744535015
2,0.3488780654691429,0.38034307006705687,-0.0026582429746171013,0.7151653928255889,0.4274051078555813,-0.0723957101924448,0.1343588443370793,-0.12722450620220388
3,0.35034865467310705,0.258230960056996,-0.1710231366592889,0.21867651333573948,-0.8371660020543136,-0.07863157434524826,-0.16015267175117628,0.02873226306725151
5,0.35239985517872624,0.09235103005284782,-0.25567462435055305,-0.21769873869583034,0.04128315914553191,0.8236961674134121,0.27201748733684106,-0.01871326067651072
10,0.35502951034100877,-0.11851995399015258,-0.376293414911244,-0.09887569311467452,0.30089601045932085,-0.09274454808277936,-0.5815196344364798,0.5207963947208729
15,0.35650377786573695,-0.2367236991738898,-0.2730521276090693,-0.20119476838194073,0.0007315512495155815,-0.48284334856865285,0.6718786605458118,0.13141909496952983
20,0.3577491125679343,-0.3354189569359025,-0.08346259763737568,-0.13247121587775842,0.06771445654707328,-0.09950986525446175,-0.29769234169087677,-0.7949131251184589
30,0.360468587537728,-0.549118087508804,0.6409032094696282,0.2358264133241261,-0.09957289833914822,0.17218624364421847,0.02143479647258039,0.2492757251554365
