number,value
1,0.0001473926336453942
2,2.6533105029543078e-05
3,1.1584915587701523e-09
4,3.1136982862748097e-10
5,1.064465413744656e-10
6,1.6239532195714944e-11
7,2.3143376371151683e-13
8,6.29494874957675e-12
