#MarketObjectType,MarketObjectId,ResultId,ResultKey1,ResultKey2,ResultKey3,ResultType,ResultValue
yieldCurve,EUR1D,dayCounter,,,,string,Actual/365 (Fixed)
yieldCurve,EUR1D,currency,,,,string,EUR
yieldCurve,EUR1D,time,2016-02-08,MM/RATE/EUR/0D/1D,,double,0.00821918
yieldCurve,EUR1D,zeroRate,2016-02-08,MM/RATE/EUR/0D/1D,,double,-0.00113759
yieldCurve,EUR1D,discountFactor,2016-02-08,MM/RATE/EUR/0D/1D,,double,1.00000935
yieldCurve,EUR1D,mdQuote,2016-02-08,MM/RATE/EUR/0D/1D,,double,-0.00112200
yieldCurve,EUR1D,calibrationError,2016-02-08,MM/RATE/EUR/0D/1D,,double,-0.00000000
yieldCurve,EUR1D,time,2016-02-17,IR_SWAP/RATE/EUR/2D/1D/1W,,double,0.03287671
yieldCurve,EUR1D,zeroRate,2016-02-17,IR_SWAP/RATE/EUR/2D/1D/1W,,double,-0.00117409
yieldCurve,EUR1D,discountFactor,2016-02-17,IR_SWAP/RATE/EUR/2D/1D/1W,,double,1.00003860
yieldCurve,EUR1D,mdQuote,2016-02-17,IR_SWAP/RATE/EUR/2D/1D/1W,,double,-0.00117000
yieldCurve,EUR1D,calibrationError,2016-02-17,IR_SWAP/RATE/EUR/2D/1D/1W,,double,0.00000000
yieldCurve,EUR1D,time,2016-02-24,IR_SWAP/RATE/EUR/2D/1D/2W,,double,0.05205479
yieldCurve,EUR1D,zeroRate,2016-02-24,IR_SWAP/RATE/EUR/2D/1D/2W,,double,-0.00124658
yieldCurve,EUR1D,discountFactor,2016-02-24,IR_SWAP/RATE/EUR/2D/1D/2W,,double,1.00006489
yieldCurve,EUR1D,mdQuote,2016-02-24,IR_SWAP/RATE/EUR/2D/1D/2W,,double,-0.00124800
yieldCurve,EUR1D,calibrationError,2016-02-24,IR_SWAP/RATE/EUR/2D/1D/2W,,double,0.00000000
yieldCurve,EUR1D,time,2016-03-10,IR_SWAP/RATE/EUR/2D/1D/1M,,double,0.09315068
yieldCurve,EUR1D,zeroRate,2016-03-10,IR_SWAP/RATE/EUR/2D/1D/1M,,double,-0.00177236
yieldCurve,EUR1D,discountFactor,2016-03-10,IR_SWAP/RATE/EUR/2D/1D/1M,,double,1.00016511
yieldCurve,EUR1D,mdQuote,2016-03-10,IR_SWAP/RATE/EUR/2D/1D/1M,,double,-0.00181000
yieldCurve,EUR1D,calibrationError,2016-03-10,IR_SWAP/RATE/EUR/2D/1D/1M,,double,-0.00000000
yieldCurve,EUR1D,time,2016-04-12,IR_SWAP/RATE/EUR/2D/1D/2M,,double,0.18356164
yieldCurve,EUR1D,zeroRate,2016-04-12,IR_SWAP/RATE/EUR/2D/1D/2M,,double,-0.00206134
yieldCurve,EUR1D,discountFactor,2016-04-12,IR_SWAP/RATE/EUR/2D/1D/2M,,double,1.00037846
yieldCurve,EUR1D,mdQuote,2016-04-12,IR_SWAP/RATE/EUR/2D/1D/2M,,double,-0.00208600
yieldCurve,EUR1D,calibrationError,2016-04-12,IR_SWAP/RATE/EUR/2D/1D/2M,,double,0.00000000
yieldCurve,EUR1D,time,2016-05-10,IR_SWAP/RATE/EUR/2D/1D/3M,,double,0.26027397
yieldCurve,EUR1D,zeroRate,2016-05-10,IR_SWAP/RATE/EUR/2D/1D/3M,,double,-0.00233091
yieldCurve,EUR1D,discountFactor,2016-05-10,IR_SWAP/RATE/EUR/2D/1D/3M,,double,1.00060686
yieldCurve,EUR1D,mdQuote,2016-05-10,IR_SWAP/RATE/EUR/2D/1D/3M,,double,-0.00234300
yieldCurve,EUR1D,calibrationError,2016-05-10,IR_SWAP/RATE/EUR/2D/1D/3M,,double,0.00000000
yieldCurve,EUR1D,time,2016-06-10,IR_SWAP/RATE/EUR/2D/1D/4M,,double,0.34520548
yieldCurve,EUR1D,zeroRate,2016-06-10,IR_SWAP/RATE/EUR/2D/1D/4M,,double,-0.00245116
yieldCurve,EUR1D,discountFactor,2016-06-10,IR_SWAP/RATE/EUR/2D/1D/4M,,double,1.00084651
yieldCurve,EUR1D,mdQuote,2016-06-10,IR_SWAP/RATE/EUR/2D/1D/4M,,double,-0.00245600
yieldCurve,EUR1D,calibrationError,2016-06-10,IR_SWAP/RATE/EUR/2D/1D/4M,,double,-0.00000000
yieldCurve,EUR1D,time,2016-07-12,IR_SWAP/RATE/EUR/2D/1D/5M,,double,0.43287671
yieldCurve,EUR1D,zeroRate,2016-07-12,IR_SWAP/RATE/EUR/2D/1D/5M,,double,-0.00269784
yieldCurve,EUR1D,discountFactor,2016-07-12,IR_SWAP/RATE/EUR/2D/1D/5M,,double,1.00116852
yieldCurve,EUR1D,mdQuote,2016-07-12,IR_SWAP/RATE/EUR/2D/1D/5M,,double,-0.00269300
yieldCurve,EUR1D,calibrationError,2016-07-12,IR_SWAP/RATE/EUR/2D/1D/5M,,double,0.00000000
yieldCurve,EUR1D,time,2016-08-10,IR_SWAP/RATE/EUR/2D/1D/6M,,double,0.51232877
yieldCurve,EUR1D,zeroRate,2016-08-10,IR_SWAP/RATE/EUR/2D/1D/6M,,double,-0.00258158
yieldCurve,EUR1D,discountFactor,2016-08-10,IR_SWAP/RATE/EUR/2D/1D/6M,,double,1.00132349
yieldCurve,EUR1D,mdQuote,2016-08-10,IR_SWAP/RATE/EUR/2D/1D/6M,,double,-0.00257900
yieldCurve,EUR1D,calibrationError,2016-08-10,IR_SWAP/RATE/EUR/2D/1D/6M,,double,0.00000000
yieldCurve,EUR1D,time,2016-09-12,IR_SWAP/RATE/EUR/2D/1D/7M,,double,0.60273973
yieldCurve,EUR1D,zeroRate,2016-09-12,IR_SWAP/RATE/EUR/2D/1D/7M,,double,-0.00282840
yieldCurve,EUR1D,discountFactor,2016-09-12,IR_SWAP/RATE/EUR/2D/1D/7M,,double,1.00170625
yieldCurve,EUR1D,mdQuote,2016-09-12,IR_SWAP/RATE/EUR/2D/1D/7M,,double,-0.00279900
yieldCurve,EUR1D,calibrationError,2016-09-12,IR_SWAP/RATE/EUR/2D/1D/7M,,double,-0.00000000
yieldCurve,EUR1D,time,2016-10-11,IR_SWAP/RATE/EUR/2D/1D/8M,,double,0.68219178
yieldCurve,EUR1D,zeroRate,2016-10-11,IR_SWAP/RATE/EUR/2D/1D/8M,,double,-0.00284994
yieldCurve,EUR1D,discountFactor,2016-10-11,IR_SWAP/RATE/EUR/2D/1D/8M,,double,1.00194610
yieldCurve,EUR1D,mdQuote,2016-10-11,IR_SWAP/RATE/EUR/2D/1D/8M,,double,-0.00283500
yieldCurve,EUR1D,calibrationError,2016-10-11,IR_SWAP/RATE/EUR/2D/1D/8M,,double,-0.00000000
yieldCurve,EUR1D,time,2016-11-10,IR_SWAP/RATE/EUR/2D/1D/9M,,double,0.76438356
yieldCurve,EUR1D,zeroRate,2016-11-10,IR_SWAP/RATE/EUR/2D/1D/9M,,double,-0.00308499
yieldCurve,EUR1D,discountFactor,2016-11-10,IR_SWAP/RATE/EUR/2D/1D/9M,,double,1.00236090
yieldCurve,EUR1D,mdQuote,2016-11-10,IR_SWAP/RATE/EUR/2D/1D/9M,,double,-0.00306000
yieldCurve,EUR1D,calibrationError,2016-11-10,IR_SWAP/RATE/EUR/2D/1D/9M,,double,0.00000000
yieldCurve,EUR1D,time,2016-12-12,IR_SWAP/RATE/EUR/2D/1D/10M,,double,0.85205479
yieldCurve,EUR1D,zeroRate,2016-12-12,IR_SWAP/RATE/EUR/2D/1D/10M,,double,-0.00313885
yieldCurve,EUR1D,discountFactor,2016-12-12,IR_SWAP/RATE/EUR/2D/1D/10M,,double,1.00267806
yieldCurve,EUR1D,mdQuote,2016-12-12,IR_SWAP/RATE/EUR/2D/1D/10M,,double,-0.00311300
yieldCurve,EUR1D,calibrationError,2016-12-12,IR_SWAP/RATE/EUR/2D/1D/10M,,double,0.00000000
yieldCurve,EUR1D,time,2017-01-10,IR_SWAP/RATE/EUR/2D/1D/11M,,double,0.93150685
yieldCurve,EUR1D,zeroRate,2017-01-10,IR_SWAP/RATE/EUR/2D/1D/11M,,double,-0.00316712
yieldCurve,EUR1D,discountFactor,2017-01-10,IR_SWAP/RATE/EUR/2D/1D/11M,,double,1.00295455
yieldCurve,EUR1D,mdQuote,2017-01-10,IR_SWAP/RATE/EUR/2D/1D/11M,,double,-0.00314200
yieldCurve,EUR1D,calibrationError,2017-01-10,IR_SWAP/RATE/EUR/2D/1D/11M,,double,-0.00000000
yieldCurve,EUR1D,time,2017-02-10,IR_SWAP/RATE/EUR/2D/1D/1Y,,double,1.01643836
yieldCurve,EUR1D,zeroRate,2017-02-10,IR_SWAP/RATE/EUR/2D/1D/1Y,,double,-0.00316043
yieldCurve,EUR1D,discountFactor,2017-02-10,IR_SWAP/RATE/EUR/2D/1D/1Y,,double,1.00321754
yieldCurve,EUR1D,mdQuote,2017-02-10,IR_SWAP/RATE/EUR/2D/1D/1Y,,double,-0.00313400
yieldCurve,EUR1D,calibrationError,2017-02-10,IR_SWAP/RATE/EUR/2D/1D/1Y,,double,0.00000000
yieldCurve,EUR1D,time,2017-05-10,IR_SWAP/RATE/EUR/2D/1D/1Y3M,,double,1.26027397
yieldCurve,EUR1D,zeroRate,2017-05-10,IR_SWAP/RATE/EUR/2D/1D/1Y3M,,double,-0.00334809
yieldCurve,EUR1D,discountFactor,2017-05-10,IR_SWAP/RATE/EUR/2D/1D/1Y3M,,double,1.00422842
yieldCurve,EUR1D,mdQuote,2017-05-10,IR_SWAP/RATE/EUR/2D/1D/1Y3M,,double,-0.00331500
yieldCurve,EUR1D,calibrationError,2017-05-10,IR_SWAP/RATE/EUR/2D/1D/1Y3M,,double,-0.00000000
yieldCurve,EUR1D,time,2017-08-10,IR_SWAP/RATE/EUR/2D/1D/1Y6M,,double,1.51232877
yieldCurve,EUR1D,zeroRate,2017-08-10,IR_SWAP/RATE/EUR/2D/1D/1Y6M,,double,-0.00336148
yieldCurve,EUR1D,discountFactor,2017-08-10,IR_SWAP/RATE/EUR/2D/1D/1Y6M,,double,1.00509661
yieldCurve,EUR1D,mdQuote,2017-08-10,IR_SWAP/RATE/EUR/2D/1D/1Y6M,,double,-0.00332700
yieldCurve,EUR1D,calibrationError,2017-08-10,IR_SWAP/RATE/EUR/2D/1D/1Y6M,,double,-0.00000000
yieldCurve,EUR1D,time,2017-11-10,IR_SWAP/RATE/EUR/2D/1D/1Y9M,,double,1.76438356
yieldCurve,EUR1D,zeroRate,2017-11-10,IR_SWAP/RATE/EUR/2D/1D/1Y9M,,double,-0.00339372
yieldCurve,EUR1D,discountFactor,2017-11-10,IR_SWAP/RATE/EUR/2D/1D/1Y9M,,double,1.00600578
yieldCurve,EUR1D,mdQuote,2017-11-10,IR_SWAP/RATE/EUR/2D/1D/1Y9M,,double,-0.00335600
yieldCurve,EUR1D,calibrationError,2017-11-10,IR_SWAP/RATE/EUR/2D/1D/1Y9M,,double,0.00000000
yieldCurve,EUR1D,time,2018-02-12,IR_SWAP/RATE/EUR/2D/1D/2Y,,double,2.02191781
yieldCurve,EUR1D,zeroRate,2018-02-12,IR_SWAP/RATE/EUR/2D/1D/2Y,,double,-0.00350905
yieldCurve,EUR1D,discountFactor,2018-02-12,IR_SWAP/RATE/EUR/2D/1D/2Y,,double,1.00712025
yieldCurve,EUR1D,mdQuote,2018-02-12,IR_SWAP/RATE/EUR/2D/1D/2Y,,double,-0.00346500
yieldCurve,EUR1D,calibrationError,2018-02-12,IR_SWAP/RATE/EUR/2D/1D/2Y,,double,0.00000000
yieldCurve,EUR1D,time,2019-02-12,IR_SWAP/RATE/EUR/2D/1D/3Y,,double,3.02191781
yieldCurve,EUR1D,zeroRate,2019-02-12,IR_SWAP/RATE/EUR/2D/1D/3Y,,double,-0.00313583
yieldCurve,EUR1D,discountFactor,2019-02-12,IR_SWAP/RATE/EUR/2D/1D/3Y,,double,1.00952127
yieldCurve,EUR1D,mdQuote,2019-02-12,IR_SWAP/RATE/EUR/2D/1D/3Y,,double,-0.00309500
yieldCurve,EUR1D,calibrationError,2019-02-12,IR_SWAP/RATE/EUR/2D/1D/3Y,,double,0.00000000
yieldCurve,EUR1D,time,2020-02-11,IR_SWAP/RATE/EUR/2D/1D/4Y,,double,4.01917808
yieldCurve,EUR1D,zeroRate,2020-02-11,IR_SWAP/RATE/EUR/2D/1D/4Y,,double,-0.00251747
yieldCurve,EUR1D,discountFactor,2020-02-11,IR_SWAP/RATE/EUR/2D/1D/4Y,,double,1.01016953
yieldCurve,EUR1D,mdQuote,2020-02-11,IR_SWAP/RATE/EUR/2D/1D/4Y,,double,-0.00248200
yieldCurve,EUR1D,calibrationError,2020-02-11,IR_SWAP/RATE/EUR/2D/1D/4Y,,double,-0.00000000
yieldCurve,EUR1D,time,2021-02-10,IR_SWAP/RATE/EUR/2D/1D/5Y,,double,5.01917808
yieldCurve,EUR1D,zeroRate,2021-02-10,IR_SWAP/RATE/EUR/2D/1D/5Y,,double,-0.00177205
yieldCurve,EUR1D,discountFactor,2021-02-10,IR_SWAP/RATE/EUR/2D/1D/5Y,,double,1.00893390
yieldCurve,EUR1D,mdQuote,2021-02-10,IR_SWAP/RATE/EUR/2D/1D/5Y,,double,-0.00174500
yieldCurve,EUR1D,calibrationError,2021-02-10,IR_SWAP/RATE/EUR/2D/1D/5Y,,double,0.00000000
yieldCurve,EUR1D,time,2022-02-10,IR_SWAP/RATE/EUR/2D/1D/6Y,,double,6.01917808
yieldCurve,EUR1D,zeroRate,2022-02-10,IR_SWAP/RATE/EUR/2D/1D/6Y,,double,-0.00067396
yieldCurve,EUR1D,discountFactor,2022-02-10,IR_SWAP/RATE/EUR/2D/1D/6Y,,double,1.00406492
yieldCurve,EUR1D,mdQuote,2022-02-10,IR_SWAP/RATE/EUR/2D/1D/6Y,,double,-0.00066300
yieldCurve,EUR1D,calibrationError,2022-02-10,IR_SWAP/RATE/EUR/2D/1D/6Y,,double,-0.00000000
yieldCurve,EUR1D,time,2023-02-10,IR_SWAP/RATE/EUR/2D/1D/7Y,,double,7.01917808
yieldCurve,EUR1D,zeroRate,2023-02-10,IR_SWAP/RATE/EUR/2D/1D/7Y,,double,0.00051710
yieldCurve,EUR1D,discountFactor,2023-02-10,IR_SWAP/RATE/EUR/2D/1D/7Y,,double,0.99637697
yieldCurve,EUR1D,mdQuote,2023-02-10,IR_SWAP/RATE/EUR/2D/1D/7Y,,double,0.00050600
yieldCurve,EUR1D,calibrationError,2023-02-10,IR_SWAP/RATE/EUR/2D/1D/7Y,,double,-0.00000000
yieldCurve,EUR1D,time,2024-02-12,IR_SWAP/RATE/EUR/2D/1D/8Y,,double,8.02465753
yieldCurve,EUR1D,zeroRate,2024-02-12,IR_SWAP/RATE/EUR/2D/1D/8Y,,double,0.00171303
yieldCurve,EUR1D,discountFactor,2024-02-12,IR_SWAP/RATE/EUR/2D/1D/8Y,,double,0.98634758
yieldCurve,EUR1D,mdQuote,2024-02-12,IR_SWAP/RATE/EUR/2D/1D/8Y,,double,0.00166800
yieldCurve,EUR1D,calibrationError,2024-02-12,IR_SWAP/RATE/EUR/2D/1D/8Y,,double,-0.00000000
yieldCurve,EUR1D,time,2025-02-11,IR_SWAP/RATE/EUR/2D/1D/9Y,,double,9.02465753
yieldCurve,EUR1D,zeroRate,2025-02-11,IR_SWAP/RATE/EUR/2D/1D/9Y,,double,0.00286562
yieldCurve,EUR1D,discountFactor,2025-02-11,IR_SWAP/RATE/EUR/2D/1D/9Y,,double,0.97447028
yieldCurve,EUR1D,mdQuote,2025-02-11,IR_SWAP/RATE/EUR/2D/1D/9Y,,double,0.00279200
yieldCurve,EUR1D,calibrationError,2025-02-11,IR_SWAP/RATE/EUR/2D/1D/9Y,,double,-0.00000000
yieldCurve,EUR1D,time,2026-02-10,IR_SWAP/RATE/EUR/2D/1D/10Y,,double,10.02191781
yieldCurve,EUR1D,zeroRate,2026-02-10,IR_SWAP/RATE/EUR/2D/1D/10Y,,double,0.00400004
yieldCurve,EUR1D,discountFactor,2026-02-10,IR_SWAP/RATE/EUR/2D/1D/10Y,,double,0.96070483
yieldCurve,EUR1D,mdQuote,2026-02-10,IR_SWAP/RATE/EUR/2D/1D/10Y,,double,0.00388500
yieldCurve,EUR1D,calibrationError,2026-02-10,IR_SWAP/RATE/EUR/2D/1D/10Y,,double,0.00000000
yieldCurve,EUR1D,time,2028-02-10,IR_SWAP/RATE/EUR/2D/1D/12Y,,double,12.02191781
yieldCurve,EUR1D,zeroRate,2028-02-10,IR_SWAP/RATE/EUR/2D/1D/12Y,,double,0.00572532
yieldCurve,EUR1D,discountFactor,2028-02-10,IR_SWAP/RATE/EUR/2D/1D/12Y,,double,0.93348597
yieldCurve,EUR1D,mdQuote,2028-02-10,IR_SWAP/RATE/EUR/2D/1D/12Y,,double,0.00553400
yieldCurve,EUR1D,calibrationError,2028-02-10,IR_SWAP/RATE/EUR/2D/1D/12Y,,double,-0.00000000
yieldCurve,EUR1D,time,2031-02-11,IR_SWAP/RATE/EUR/2D/1D/15Y,,double,15.02739726
yieldCurve,EUR1D,zeroRate,2031-02-11,IR_SWAP/RATE/EUR/2D/1D/15Y,,double,0.00766617
yieldCurve,EUR1D,discountFactor,2031-02-11,IR_SWAP/RATE/EUR/2D/1D/15Y,,double,0.89118552
yieldCurve,EUR1D,mdQuote,2031-02-11,IR_SWAP/RATE/EUR/2D/1D/15Y,,double,0.00736400
yieldCurve,EUR1D,calibrationError,2031-02-11,IR_SWAP/RATE/EUR/2D/1D/15Y,,double,-0.00000000
yieldCurve,EUR1D,time,2036-02-12,IR_SWAP/RATE/EUR/2D/1D/20Y,,double,20.03287671
yieldCurve,EUR1D,zeroRate,2036-02-12,IR_SWAP/RATE/EUR/2D/1D/20Y,,double,0.00930480
yieldCurve,EUR1D,discountFactor,2036-02-12,IR_SWAP/RATE/EUR/2D/1D/20Y,,double,0.82993989
yieldCurve,EUR1D,mdQuote,2036-02-12,IR_SWAP/RATE/EUR/2D/1D/20Y,,double,0.00889900
yieldCurve,EUR1D,calibrationError,2036-02-12,IR_SWAP/RATE/EUR/2D/1D/20Y,,double,0.00000000
yieldCurve,EUR1D,time,2041-02-12,IR_SWAP/RATE/EUR/2D/1D/25Y,,double,25.03835616
yieldCurve,EUR1D,zeroRate,2041-02-12,IR_SWAP/RATE/EUR/2D/1D/25Y,,double,0.00983355
yieldCurve,EUR1D,discountFactor,2041-02-12,IR_SWAP/RATE/EUR/2D/1D/25Y,,double,0.78175347
yieldCurve,EUR1D,mdQuote,2041-02-12,IR_SWAP/RATE/EUR/2D/1D/25Y,,double,0.00941800
yieldCurve,EUR1D,calibrationError,2041-02-12,IR_SWAP/RATE/EUR/2D/1D/25Y,,double,-0.00000000
yieldCurve,EUR1D,time,2046-02-12,IR_SWAP/RATE/EUR/2D/1D/30Y,,double,30.04109589
yieldCurve,EUR1D,zeroRate,2046-02-12,IR_SWAP/RATE/EUR/2D/1D/30Y,,double,0.01010145
yieldCurve,EUR1D,discountFactor,2046-02-12,IR_SWAP/RATE/EUR/2D/1D/30Y,,double,0.73826036
yieldCurve,EUR1D,mdQuote,2046-02-12,IR_SWAP/RATE/EUR/2D/1D/30Y,,double,0.00969200
yieldCurve,EUR1D,calibrationError,2046-02-12,IR_SWAP/RATE/EUR/2D/1D/30Y,,double,0.00000000
yieldCurve,GBP-IN-EUR,dayCounter,,,,string,Actual/365 (Fixed)
yieldCurve,GBP-IN-EUR,currency,,,,string,GBP
yieldCurve,GBP-IN-EUR,time,2016-05-05,FXFWD/RATE/EUR/GBP/3M,,double,0.24657534
yieldCurve,GBP-IN-EUR,zeroRate,2016-05-05,FXFWD/RATE/EUR/GBP/3M,,double,0.00728374
yieldCurve,GBP-IN-EUR,discountFactor,2016-05-05,FXFWD/RATE/EUR/GBP/3M,,double,0.99820562
yieldCurve,GBP-IN-EUR,mdQuote,2016-05-05,FXFWD/RATE/EUR/GBP/3M,,double,19.19983256
yieldCurve,GBP-IN-EUR,calibrationError,2016-05-05,FXFWD/RATE/EUR/GBP/3M,,double,0.00000000
yieldCurve,GBP-IN-EUR,time,2016-08-05,FXFWD/RATE/EUR/GBP/6M,,double,0.49863014
yieldCurve,GBP-IN-EUR,zeroRate,2016-08-05,FXFWD/RATE/EUR/GBP/6M,,double,0.00709485
yieldCurve,GBP-IN-EUR,discountFactor,2016-08-05,FXFWD/RATE/EUR/GBP/6M,,double,0.99646855
yieldCurve,GBP-IN-EUR,mdQuote,2016-08-05,FXFWD/RATE/EUR/GBP/6M,,double,39.34110615
yieldCurve,GBP-IN-EUR,calibrationError,2016-08-05,FXFWD/RATE/EUR/GBP/6M,,double,0.00000000
yieldCurve,GBP-IN-EUR,time,2016-11-07,FXFWD/RATE/EUR/GBP/9M,,double,0.75616438
yieldCurve,GBP-IN-EUR,zeroRate,2016-11-07,FXFWD/RATE/EUR/GBP/9M,,double,0.00678124
yieldCurve,GBP-IN-EUR,discountFactor,2016-11-07,FXFWD/RATE/EUR/GBP/9M,,double,0.99488539
yieldCurve,GBP-IN-EUR,mdQuote,2016-11-07,FXFWD/RATE/EUR/GBP/9M,,double,60.66989384
yieldCurve,GBP-IN-EUR,calibrationError,2016-11-07,FXFWD/RATE/EUR/GBP/9M,,double,-0.00000000
yieldCurve,GBP-IN-EUR,time,2017-02-06,FXFWD/RATE/EUR/GBP/12M,,double,1.00547945
yieldCurve,GBP-IN-EUR,zeroRate,2017-02-06,FXFWD/RATE/EUR/GBP/12M,,double,0.00693671
yieldCurve,GBP-IN-EUR,discountFactor,2017-02-06,FXFWD/RATE/EUR/GBP/12M,,double,0.99304955
yieldCurve,GBP-IN-EUR,mdQuote,2017-02-06,FXFWD/RATE/EUR/GBP/12M,,double,82.85815926
yieldCurve,GBP-IN-EUR,calibrationError,2017-02-06,FXFWD/RATE/EUR/GBP/12M,,double,0.00000000
yieldCurve,GBP-IN-EUR,time,2018-02-09,CC_BASIS_SWAP/BASIS_SPREAD/EUR/3M/GBP/3M/2Y,,double,2.01369863
yieldCurve,GBP-IN-EUR,zeroRate,2018-02-09,CC_BASIS_SWAP/BASIS_SPREAD/EUR/3M/GBP/3M/2Y,,double,0.00274860
yieldCurve,GBP-IN-EUR,discountFactor,2018-02-09,CC_BASIS_SWAP/BASIS_SPREAD/EUR/3M/GBP/3M/2Y,,double,0.99448043
yieldCurve,GBP-IN-EUR,mdQuote,2018-02-09,CC_BASIS_SWAP/BASIS_SPREAD/EUR/3M/GBP/3M/2Y,,double,-0.00271000
yieldCurve,GBP-IN-EUR,calibrationError,2018-02-09,CC_BASIS_SWAP/BASIS_SPREAD/EUR/3M/GBP/3M/2Y,,double,0.00000000
yieldCurve,GBP-IN-EUR,time,2019-02-11,CC_BASIS_SWAP/BASIS_SPREAD/EUR/3M/GBP/3M/3Y,,double,3.01917808
yieldCurve,GBP-IN-EUR,zeroRate,2019-02-11,CC_BASIS_SWAP/BASIS_SPREAD/EUR/3M/GBP/3M/3Y,,double,0.00289650
yieldCurve,GBP-IN-EUR,discountFactor,2019-02-11,CC_BASIS_SWAP/BASIS_SPREAD/EUR/3M/GBP/3M/3Y,,double,0.99129309
yieldCurve,GBP-IN-EUR,mdQuote,2019-02-11,CC_BASIS_SWAP/BASIS_SPREAD/EUR/3M/GBP/3M/3Y,,double,-0.00305600
yieldCurve,GBP-IN-EUR,calibrationError,2019-02-11,CC_BASIS_SWAP/BASIS_SPREAD/EUR/3M/GBP/3M/3Y,,double,0.00000000
yieldCurve,GBP-IN-EUR,time,2020-02-10,CC_BASIS_SWAP/BASIS_SPREAD/EUR/3M/GBP/3M/4Y,,double,4.01643836
yieldCurve,GBP-IN-EUR,zeroRate,2020-02-10,CC_BASIS_SWAP/BASIS_SPREAD/EUR/3M/GBP/3M/4Y,,double,0.00325968
yieldCurve,GBP-IN-EUR,discountFactor,2020-02-10,CC_BASIS_SWAP/BASIS_SPREAD/EUR/3M/GBP/3M/4Y,,double,0.98699304
yieldCurve,GBP-IN-EUR,mdQuote,2020-02-10,CC_BASIS_SWAP/BASIS_SPREAD/EUR/3M/GBP/3M/4Y,,double,-0.00320200
yieldCurve,GBP-IN-EUR,calibrationError,2020-02-10,CC_BASIS_SWAP/BASIS_SPREAD/EUR/3M/GBP/3M/4Y,,double,0.00000000
yieldCurve,GBP-IN-EUR,time,2021-02-09,CC_BASIS_SWAP/BASIS_SPREAD/EUR/3M/GBP/3M/5Y,,double,5.01643836
yieldCurve,GBP-IN-EUR,zeroRate,2021-02-09,CC_BASIS_SWAP/BASIS_SPREAD/EUR/3M/GBP/3M/5Y,,double,0.00392808
yieldCurve,GBP-IN-EUR,discountFactor,2021-02-09,CC_BASIS_SWAP/BASIS_SPREAD/EUR/3M/GBP/3M/5Y,,double,0.98048789
yieldCurve,GBP-IN-EUR,mdQuote,2021-02-09,CC_BASIS_SWAP/BASIS_SPREAD/EUR/3M/GBP/3M/5Y,,double,-0.00331500
yieldCurve,GBP-IN-EUR,calibrationError,2021-02-09,CC_BASIS_SWAP/BASIS_SPREAD/EUR/3M/GBP/3M/5Y,,double,0.00000000
yieldCurve,GBP-IN-EUR,time,2023-02-09,CC_BASIS_SWAP/BASIS_SPREAD/EUR/3M/GBP/3M/7Y,,double,7.01643836
yieldCurve,GBP-IN-EUR,zeroRate,2023-02-09,CC_BASIS_SWAP/BASIS_SPREAD/EUR/3M/GBP/3M/7Y,,double,0.00595218
yieldCurve,GBP-IN-EUR,discountFactor,2023-02-09,CC_BASIS_SWAP/BASIS_SPREAD/EUR/3M/GBP/3M/7Y,,double,0.95909698
yieldCurve,GBP-IN-EUR,mdQuote,2023-02-09,CC_BASIS_SWAP/BASIS_SPREAD/EUR/3M/GBP/3M/7Y,,double,-0.00325300
yieldCurve,GBP-IN-EUR,calibrationError,2023-02-09,CC_BASIS_SWAP/BASIS_SPREAD/EUR/3M/GBP/3M/7Y,,double,-0.00000000
yieldCurve,GBP-IN-EUR,time,2026-02-09,CC_BASIS_SWAP/BASIS_SPREAD/EUR/3M/GBP/3M/10Y,,double,10.01917808
yieldCurve,GBP-IN-EUR,zeroRate,2026-02-09,CC_BASIS_SWAP/BASIS_SPREAD/EUR/3M/GBP/3M/10Y,,double,0.00926328
yieldCurve,GBP-IN-EUR,discountFactor,2026-02-09,CC_BASIS_SWAP/BASIS_SPREAD/EUR/3M/GBP/3M/10Y,,double,0.91136625
yieldCurve,GBP-IN-EUR,mdQuote,2026-02-09,CC_BASIS_SWAP/BASIS_SPREAD/EUR/3M/GBP/3M/10Y,,double,-0.00268300
yieldCurve,GBP-IN-EUR,calibrationError,2026-02-09,CC_BASIS_SWAP/BASIS_SPREAD/EUR/3M/GBP/3M/10Y,,double,0.00000000
yieldCurve,GBP-IN-EUR,time,2031-02-10,CC_BASIS_SWAP/BASIS_SPREAD/EUR/3M/GBP/3M/15Y,,double,15.02465753
yieldCurve,GBP-IN-EUR,zeroRate,2031-02-10,CC_BASIS_SWAP/BASIS_SPREAD/EUR/3M/GBP/3M/15Y,,double,0.01231413
yieldCurve,GBP-IN-EUR,discountFactor,2031-02-10,CC_BASIS_SWAP/BASIS_SPREAD/EUR/3M/GBP/3M/15Y,,double,0.83109130
yieldCurve,GBP-IN-EUR,mdQuote,2031-02-10,CC_BASIS_SWAP/BASIS_SPREAD/EUR/3M/GBP/3M/15Y,,double,-0.00183400
yieldCurve,GBP-IN-EUR,calibrationError,2031-02-10,CC_BASIS_SWAP/BASIS_SPREAD/EUR/3M/GBP/3M/15Y,,double,0.00000000
yieldCurve,GBP-IN-EUR,time,2036-02-11,CC_BASIS_SWAP/BASIS_SPREAD/EUR/3M/GBP/3M/20Y,,double,20.03013699
yieldCurve,GBP-IN-EUR,zeroRate,2036-02-11,CC_BASIS_SWAP/BASIS_SPREAD/EUR/3M/GBP/3M/20Y,,double,0.01442621
yieldCurve,GBP-IN-EUR,discountFactor,2036-02-11,CC_BASIS_SWAP/BASIS_SPREAD/EUR/3M/GBP/3M/20Y,,double,0.74904292
yieldCurve,GBP-IN-EUR,mdQuote,2036-02-11,CC_BASIS_SWAP/BASIS_SPREAD/EUR/3M/GBP/3M/20Y,,double,-0.00118500
yieldCurve,GBP-IN-EUR,calibrationError,2036-02-11,CC_BASIS_SWAP/BASIS_SPREAD/EUR/3M/GBP/3M/20Y,,double,0.00000000
yieldCurve,GBP-IN-EUR,time,2046-02-09,CC_BASIS_SWAP/BASIS_SPREAD/EUR/3M/GBP/3M/30Y,,double,30.03287671
yieldCurve,GBP-IN-EUR,zeroRate,2046-02-09,CC_BASIS_SWAP/BASIS_SPREAD/EUR/3M/GBP/3M/30Y,,double,0.01454074
yieldCurve,GBP-IN-EUR,discountFactor,2046-02-09,CC_BASIS_SWAP/BASIS_SPREAD/EUR/3M/GBP/3M/30Y,,double,0.64616517
yieldCurve,GBP-IN-EUR,mdQuote,2046-02-09,CC_BASIS_SWAP/BASIS_SPREAD/EUR/3M/GBP/3M/30Y,,double,-0.00129600
yieldCurve,GBP-IN-EUR,calibrationError,2046-02-09,CC_BASIS_SWAP/BASIS_SPREAD/EUR/3M/GBP/3M/30Y,,double,0.00000000
yieldCurve,GBP-IN-EUR,time,2056-02-09,CC_BASIS_SWAP/BASIS_SPREAD/EUR/3M/GBP/3M/40Y,,double,40.03835616
yieldCurve,GBP-IN-EUR,zeroRate,2056-02-09,CC_BASIS_SWAP/BASIS_SPREAD/EUR/3M/GBP/3M/40Y,,double,0.01387619
yieldCurve,GBP-IN-EUR,discountFactor,2056-02-09,CC_BASIS_SWAP/BASIS_SPREAD/EUR/3M/GBP/3M/40Y,,double,0.57373942
yieldCurve,GBP-IN-EUR,mdQuote,2056-02-09,CC_BASIS_SWAP/BASIS_SPREAD/EUR/3M/GBP/3M/40Y,,double,-0.00236500
yieldCurve,GBP-IN-EUR,calibrationError,2056-02-09,CC_BASIS_SWAP/BASIS_SPREAD/EUR/3M/GBP/3M/40Y,,double,-0.00000000
yieldCurve,GBP-IN-EUR,time,2066-02-09,CC_BASIS_SWAP/BASIS_SPREAD/EUR/3M/GBP/3M/50Y,,double,50.04657534
yieldCurve,GBP-IN-EUR,zeroRate,2066-02-09,CC_BASIS_SWAP/BASIS_SPREAD/EUR/3M/GBP/3M/50Y,,double,0.01423380
yieldCurve,GBP-IN-EUR,discountFactor,2066-02-09,CC_BASIS_SWAP/BASIS_SPREAD/EUR/3M/GBP/3M/50Y,,double,0.49048863
yieldCurve,GBP-IN-EUR,mdQuote,2066-02-09,CC_BASIS_SWAP/BASIS_SPREAD/EUR/3M/GBP/3M/50Y,,double,-0.00297900
yieldCurve,GBP-IN-EUR,calibrationError,2066-02-09,CC_BASIS_SWAP/BASIS_SPREAD/EUR/3M/GBP/3M/50Y,,double,0.00000000
yieldCurve,USD-IN-EUR,dayCounter,,,,string,Actual/365 (Fixed)
yieldCurve,USD-IN-EUR,currency,,,,string,USD
yieldCurve,USD-IN-EUR,time,2016-05-05,FXFWD/RATE/EUR/USD/3M,,double,0.24657534
yieldCurve,USD-IN-EUR,zeroRate,2016-05-05,FXFWD/RATE/EUR/USD/3M,,double,0.00847740
yieldCurve,USD-IN-EUR,discountFactor,2016-05-05,FXFWD/RATE/EUR/USD/3M,,double,0.99791187
yieldCurve,USD-IN-EUR,mdQuote,2016-05-05,FXFWD/RATE/EUR/USD/3M,,double,30.11741843
yieldCurve,USD-IN-EUR,calibrationError,2016-05-05,FXFWD/RATE/EUR/USD/3M,,double,0.00000000
yieldCurve,USD-IN-EUR,time,2016-08-05,FXFWD/RATE/EUR/USD/6M,,double,0.49863014
yieldCurve,USD-IN-EUR,zeroRate,2016-08-05,FXFWD/RATE/EUR/USD/6M,,double,0.00916754
yieldCurve,USD-IN-EUR,discountFactor,2016-08-05,FXFWD/RATE/EUR/USD/6M,,double,0.99543922
yieldCurve,USD-IN-EUR,mdQuote,2016-08-05,FXFWD/RATE/EUR/USD/6M,,double,66.63106248
yieldCurve,USD-IN-EUR,calibrationError,2016-08-05,FXFWD/RATE/EUR/USD/6M,,double,-0.00000000
yieldCurve,USD-IN-EUR,time,2016-11-07,FXFWD/RATE/EUR/USD/9M,,double,0.75616438
yieldCurve,USD-IN-EUR,zeroRate,2016-11-07,FXFWD/RATE/EUR/USD/9M,,double,0.00935826
yieldCurve,USD-IN-EUR,discountFactor,2016-11-07,FXFWD/RATE/EUR/USD/9M,,double,0.99294859
yieldCurve,USD-IN-EUR,mdQuote,2016-11-07,FXFWD/RATE/EUR/USD/9M,,double,106.86274224
yieldCurve,USD-IN-EUR,calibrationError,2016-11-07,FXFWD/RATE/EUR/USD/9M,,double,0.00000000
yieldCurve,USD-IN-EUR,time,2017-02-06,FXFWD/RATE/EUR/USD/12M,,double,1.00547945
yieldCurve,USD-IN-EUR,zeroRate,2017-02-06,FXFWD/RATE/EUR/USD/12M,,double,0.00990662
yieldCurve,USD-IN-EUR,discountFactor,2017-02-06,FXFWD/RATE/EUR/USD/12M,,double,0.99008855
yieldCurve,USD-IN-EUR,mdQuote,2017-02-06,FXFWD/RATE/EUR/USD/12M,,double,149.76458056
yieldCurve,USD-IN-EUR,calibrationError,2017-02-06,FXFWD/RATE/EUR/USD/12M,,double,-0.00000000
yieldCurve,USD-IN-EUR,time,2018-02-09,CC_BASIS_SWAP/BASIS_SPREAD/USD/3M/EUR/3M/2Y,,double,2.01369863
yieldCurve,USD-IN-EUR,zeroRate,2018-02-09,CC_BASIS_SWAP/BASIS_SPREAD/USD/3M/EUR/3M/2Y,,double,0.01323783
yieldCurve,USD-IN-EUR,discountFactor,2018-02-09,CC_BASIS_SWAP/BASIS_SPREAD/USD/3M/EUR/3M/2Y,,double,0.97369516
yieldCurve,USD-IN-EUR,mdQuote,2018-02-09,CC_BASIS_SWAP/BASIS_SPREAD/USD/3M/EUR/3M/2Y,,double,-0.00565400
yieldCurve,USD-IN-EUR,calibrationError,2018-02-09,CC_BASIS_SWAP/BASIS_SPREAD/USD/3M/EUR/3M/2Y,,double,-0.00000000
yieldCurve,USD-IN-EUR,time,2019-02-11,CC_BASIS_SWAP/BASIS_SPREAD/USD/3M/EUR/3M/3Y,,double,3.01917808
yieldCurve,USD-IN-EUR,zeroRate,2019-02-11,CC_BASIS_SWAP/BASIS_SPREAD/USD/3M/EUR/3M/3Y,,double,0.01471446
yieldCurve,USD-IN-EUR,discountFactor,2019-02-11,CC_BASIS_SWAP/BASIS_SPREAD/USD/3M/EUR/3M/3Y,,double,0.95654679
yieldCurve,USD-IN-EUR,mdQuote,2019-02-11,CC_BASIS_SWAP/BASIS_SPREAD/USD/3M/EUR/3M/3Y,,double,-0.00610100
yieldCurve,USD-IN-EUR,calibrationError,2019-02-11,CC_BASIS_SWAP/BASIS_SPREAD/USD/3M/EUR/3M/3Y,,double,0.00000000
yieldCurve,USD-IN-EUR,time,2020-02-10,CC_BASIS_SWAP/BASIS_SPREAD/USD/3M/EUR/3M/4Y,,double,4.01643836
yieldCurve,USD-IN-EUR,zeroRate,2020-02-10,CC_BASIS_SWAP/BASIS_SPREAD/USD/3M/EUR/3M/4Y,,double,0.01611421
yieldCurve,USD-IN-EUR,discountFactor,2020-02-10,CC_BASIS_SWAP/BASIS_SPREAD/USD/3M/EUR/3M/4Y,,double,0.93732825
yieldCurve,USD-IN-EUR,mdQuote,2020-02-10,CC_BASIS_SWAP/BASIS_SPREAD/USD/3M/EUR/3M/4Y,,double,-0.00648700
yieldCurve,USD-IN-EUR,calibrationError,2020-02-10,CC_BASIS_SWAP/BASIS_SPREAD/USD/3M/EUR/3M/4Y,,double,-0.00000000
yieldCurve,USD-IN-EUR,time,2021-02-09,CC_BASIS_SWAP/BASIS_SPREAD/USD/3M/EUR/3M/5Y,,double,5.01643836
yieldCurve,USD-IN-EUR,zeroRate,2021-02-09,CC_BASIS_SWAP/BASIS_SPREAD/USD/3M/EUR/3M/5Y,,double,0.01713324
yieldCurve,USD-IN-EUR,discountFactor,2021-02-09,CC_BASIS_SWAP/BASIS_SPREAD/USD/3M/EUR/3M/5Y,,double,0.91764210
yieldCurve,USD-IN-EUR,mdQuote,2021-02-09,CC_BASIS_SWAP/BASIS_SPREAD/USD/3M/EUR/3M/5Y,,double,-0.00653600
yieldCurve,USD-IN-EUR,calibrationError,2021-02-09,CC_BASIS_SWAP/BASIS_SPREAD/USD/3M/EUR/3M/5Y,,double,0.00000000
yieldCurve,USD-IN-EUR,time,2023-02-09,CC_BASIS_SWAP/BASIS_SPREAD/USD/3M/EUR/3M/7Y,,double,7.01643836
yieldCurve,USD-IN-EUR,zeroRate,2023-02-09,CC_BASIS_SWAP/BASIS_SPREAD/USD/3M/EUR/3M/7Y,,double,0.01947633
yieldCurve,USD-IN-EUR,discountFactor,2023-02-09,CC_BASIS_SWAP/BASIS_SPREAD/USD/3M/EUR/3M/7Y,,double,0.87227157
yieldCurve,USD-IN-EUR,mdQuote,2023-02-09,CC_BASIS_SWAP/BASIS_SPREAD/USD/3M/EUR/3M/7Y,,double,-0.00672600
yieldCurve,USD-IN-EUR,calibrationError,2023-02-09,CC_BASIS_SWAP/BASIS_SPREAD/USD/3M/EUR/3M/7Y,,double,0.00000000
yieldCurve,USD-IN-EUR,time,2026-02-09,CC_BASIS_SWAP/BASIS_SPREAD/USD/3M/EUR/3M/10Y,,double,10.01917808
yieldCurve,USD-IN-EUR,zeroRate,2026-02-09,CC_BASIS_SWAP/BASIS_SPREAD/USD/3M/EUR/3M/10Y,,double,0.02167782
yieldCurve,USD-IN-EUR,discountFactor,2026-02-09,CC_BASIS_SWAP/BASIS_SPREAD/USD/3M/EUR/3M/10Y,,double,0.80477387
yieldCurve,USD-IN-EUR,mdQuote,2026-02-09,CC_BASIS_SWAP/BASIS_SPREAD/USD/3M/EUR/3M/10Y,,double,-0.00643200
yieldCurve,USD-IN-EUR,calibrationError,2026-02-09,CC_BASIS_SWAP/BASIS_SPREAD/USD/3M/EUR/3M/10Y,,double,0.00000000
yieldCurve,USD-IN-EUR,time,2031-02-10,CC_BASIS_SWAP/BASIS_SPREAD/USD/3M/EUR/3M/15Y,,double,15.02465753
yieldCurve,USD-IN-EUR,zeroRate,2031-02-10,CC_BASIS_SWAP/BASIS_SPREAD/USD/3M/EUR/3M/15Y,,double,0.02365110
yieldCurve,USD-IN-EUR,discountFactor,2031-02-10,CC_BASIS_SWAP/BASIS_SPREAD/USD/3M/EUR/3M/15Y,,double,0.70092829
yieldCurve,USD-IN-EUR,mdQuote,2031-02-10,CC_BASIS_SWAP/BASIS_SPREAD/USD/3M/EUR/3M/15Y,,double,-0.00576100
yieldCurve,USD-IN-EUR,calibrationError,2031-02-10,CC_BASIS_SWAP/BASIS_SPREAD/USD/3M/EUR/3M/15Y,,double,-0.00000000
yieldCurve,USD-IN-EUR,time,2036-02-11,CC_BASIS_SWAP/BASIS_SPREAD/USD/3M/EUR/3M/20Y,,double,20.03013699
yieldCurve,USD-IN-EUR,zeroRate,2036-02-11,CC_BASIS_SWAP/BASIS_SPREAD/USD/3M/EUR/3M/20Y,,double,0.02481164
yieldCurve,USD-IN-EUR,discountFactor,2036-02-11,CC_BASIS_SWAP/BASIS_SPREAD/USD/3M/EUR/3M/20Y,,double,0.60836486
yieldCurve,USD-IN-EUR,mdQuote,2036-02-11,CC_BASIS_SWAP/BASIS_SPREAD/USD/3M/EUR/3M/20Y,,double,-0.00511600
yieldCurve,USD-IN-EUR,calibrationError,2036-02-11,CC_BASIS_SWAP/BASIS_SPREAD/USD/3M/EUR/3M/20Y,,double,0.00000000
yieldCurve,USD-IN-EUR,time,2046-02-09,CC_BASIS_SWAP/BASIS_SPREAD/USD/3M/EUR/3M/30Y,,double,30.03287671
yieldCurve,USD-IN-EUR,zeroRate,2046-02-09,CC_BASIS_SWAP/BASIS_SPREAD/USD/3M/EUR/3M/30Y,,double,0.02575820
yieldCurve,USD-IN-EUR,discountFactor,2046-02-09,CC_BASIS_SWAP/BASIS_SPREAD/USD/3M/EUR/3M/30Y,,double,0.46135257
yieldCurve,USD-IN-EUR,mdQuote,2046-02-09,CC_BASIS_SWAP/BASIS_SPREAD/USD/3M/EUR/3M/30Y,,double,-0.00460700
yieldCurve,USD-IN-EUR,calibrationError,2046-02-09,CC_BASIS_SWAP/BASIS_SPREAD/USD/3M/EUR/3M/30Y,,double,-0.00000000
yieldCurve,USD-IN-EUR,time,2056-02-09,CC_BASIS_SWAP/BASIS_SPREAD/USD/3M/EUR/3M/40Y,,double,40.03835616
yieldCurve,USD-IN-EUR,zeroRate,2056-02-09,CC_BASIS_SWAP/BASIS_SPREAD/USD/3M/EUR/3M/40Y,,double,0.02733067
yieldCurve,USD-IN-EUR,discountFactor,2056-02-09,CC_BASIS_SWAP/BASIS_SPREAD/USD/3M/EUR/3M/40Y,,double,0.33478218
yieldCurve,USD-IN-EUR,mdQuote,2056-02-09,CC_BASIS_SWAP/BASIS_SPREAD/USD/3M/EUR/3M/40Y,,double,-0.00495800
yieldCurve,USD-IN-EUR,calibrationError,2056-02-09,CC_BASIS_SWAP/BASIS_SPREAD/USD/3M/EUR/3M/40Y,,double,0.00000000
yieldCurve,USD-IN-EUR,time,2066-02-09,CC_BASIS_SWAP/BASIS_SPREAD/USD/3M/EUR/3M/50Y,,double,50.04657534
yieldCurve,USD-IN-EUR,zeroRate,2066-02-09,CC_BASIS_SWAP/BASIS_SPREAD/USD/3M/EUR/3M/50Y,,double,0.02896990
yieldCurve,USD-IN-EUR,discountFactor,2066-02-09,CC_BASIS_SWAP/BASIS_SPREAD/USD/3M/EUR/3M/50Y,,double,0.23460678
yieldCurve,USD-IN-EUR,mdQuote,2066-02-09,CC_BASIS_SWAP/BASIS_SPREAD/USD/3M/EUR/3M/50Y,,double,-0.00520800
yieldCurve,USD-IN-EUR,calibrationError,2066-02-09,CC_BASIS_SWAP/BASIS_SPREAD/USD/3M/EUR/3M/50Y,,double,0.00000000
yieldCurve,BANK_EUR_BORROW,dayCounter,,,,string,Actual/365 (Fixed)
yieldCurve,BANK_EUR_BORROW,currency,,,,string,EUR
yieldCurve,BANK_EUR_BORROW,time,2016-02-12,,,double,0.01917808
yieldCurve,BANK_EUR_BORROW,zeroRate,2016-02-12,,,double,-0.00216540
yieldCurve,BANK_EUR_BORROW,discountFactor,2016-02-12,,,double,1.00004153
yieldCurve,BANK_EUR_BORROW,time,2016-02-19,,,double,0.03835616
yieldCurve,BANK_EUR_BORROW,zeroRate,2016-02-19,,,double,-0.00220220
yieldCurve,BANK_EUR_BORROW,discountFactor,2016-02-19,,,double,1.00008447
yieldCurve,BANK_EUR_BORROW,time,2016-05-05,,,double,0.24657534
yieldCurve,BANK_EUR_BORROW,zeroRate,2016-05-05,,,double,-0.00329507
yieldCurve,BANK_EUR_BORROW,discountFactor,2016-05-05,,,double,1.00081281
yieldCurve,BANK_EUR_BORROW,time,2016-08-05,,,double,0.49863014
yieldCurve,BANK_EUR_BORROW,zeroRate,2016-08-05,,,double,-0.00359898
yieldCurve,BANK_EUR_BORROW,discountFactor,2016-08-05,,,double,1.00179617
yieldCurve,BANK_EUR_BORROW,time,2016-11-05,,,double,0.75068493
yieldCurve,BANK_EUR_BORROW,zeroRate,2016-11-05,,,double,-0.00404939
yieldCurve,BANK_EUR_BORROW,discountFactor,2016-11-05,,,double,1.00304444
yieldCurve,BANK_EUR_BORROW,time,2017-02-05,,,double,1.00273973
yieldCurve,BANK_EUR_BORROW,zeroRate,2017-02-05,,,double,-0.00416143
yieldCurve,BANK_EUR_BORROW,discountFactor,2017-02-05,,,double,1.00418155
yieldCurve,BANK_EUR_BORROW,time,2018-02-05,,,double,2.00273973
yieldCurve,BANK_EUR_BORROW,zeroRate,2018-02-05,,,double,-0.00450149
yieldCurve,BANK_EUR_BORROW,discountFactor,2018-02-05,,,double,1.00905607
yieldCurve,BANK_EUR_BORROW,time,2019-02-05,,,double,3.00273973
yieldCurve,BANK_EUR_BORROW,zeroRate,2019-02-05,,,double,-0.00414065
yieldCurve,BANK_EUR_BORROW,discountFactor,2019-02-05,,,double,1.01251091
yieldCurve,BANK_EUR_BORROW,time,2021-02-05,,,double,5.00547945
yieldCurve,BANK_EUR_BORROW,zeroRate,2021-02-05,,,double,-0.00278025
yieldCurve,BANK_EUR_BORROW,discountFactor,2021-02-05,,,double,1.01401376
yieldCurve,BANK_EUR_BORROW,time,2023-02-05,,,double,7.00547945
yieldCurve,BANK_EUR_BORROW,zeroRate,2023-02-05,,,double,-0.00049692
yieldCurve,BANK_EUR_BORROW,discountFactor,2023-02-05,,,double,1.00348723
yieldCurve,BANK_EUR_BORROW,time,2026-02-05,,,double,10.00821918
yieldCurve,BANK_EUR_BORROW,zeroRate,2026-02-05,,,double,0.00298599
yieldCurve,BANK_EUR_BORROW,discountFactor,2026-02-05,,,double,0.97055770
yieldCurve,BANK_EUR_BORROW,time,2031-02-05,,,double,15.01095890
yieldCurve,BANK_EUR_BORROW,zeroRate,2031-02-05,,,double,0.00665767
yieldCurve,BANK_EUR_BORROW,discountFactor,2031-02-05,,,double,0.90489346
yieldCurve,BANK_EUR_BORROW,time,2036-02-05,,,double,20.01369863
yieldCurve,BANK_EUR_BORROW,zeroRate,2036-02-05,,,double,0.00830009
yieldCurve,BANK_EUR_BORROW,discountFactor,2036-02-05,,,double,0.84694840
yieldCurve,BANK_EUR_BORROW,time,2046-02-05,,,double,30.02191781
yieldCurve,BANK_EUR_BORROW,zeroRate,2046-02-05,,,double,0.00910060
yieldCurve,BANK_EUR_BORROW,discountFactor,2046-02-05,,,double,0.76092737
yieldCurve,BANK_EUR_LEND,dayCounter,,,,string,Actual/365 (Fixed)
yieldCurve,BANK_EUR_LEND,currency,,,,string,EUR
yieldCurve,BANK_EUR_LEND,time,2016-02-12,,,double,0.01917808
yieldCurve,BANK_EUR_LEND,zeroRate,2016-02-12,,,double,0.00383460
yieldCurve,BANK_EUR_LEND,discountFactor,2016-02-12,,,double,0.99992646
yieldCurve,BANK_EUR_LEND,time,2016-02-19,,,double,0.03835616
yieldCurve,BANK_EUR_LEND,zeroRate,2016-02-19,,,double,0.00379780
yieldCurve,BANK_EUR_LEND,discountFactor,2016-02-19,,,double,0.99985434
yieldCurve,BANK_EUR_LEND,time,2016-05-05,,,double,0.24657534
yieldCurve,BANK_EUR_LEND,zeroRate,2016-05-05,,,double,0.00270493
yieldCurve,BANK_EUR_LEND,discountFactor,2016-05-05,,,double,0.99933325
yieldCurve,BANK_EUR_LEND,time,2016-08-05,,,double,0.49863014
yieldCurve,BANK_EUR_LEND,zeroRate,2016-08-05,,,double,0.00240102
yieldCurve,BANK_EUR_LEND,discountFactor,2016-08-05,,,double,0.99880349
yieldCurve,BANK_EUR_LEND,time,2016-11-05,,,double,0.75068493
yieldCurve,BANK_EUR_LEND,zeroRate,2016-11-05,,,double,0.00195061
yieldCurve,BANK_EUR_LEND,discountFactor,2016-11-05,,,double,0.99853678
yieldCurve,BANK_EUR_LEND,time,2017-02-05,,,double,1.00273973
yieldCurve,BANK_EUR_LEND,zeroRate,2017-02-05,,,double,0.00183857
yieldCurve,BANK_EUR_LEND,discountFactor,2017-02-05,,,double,0.99815809
yieldCurve,BANK_EUR_LEND,time,2018-02-05,,,double,2.00273973
yieldCurve,BANK_EUR_LEND,zeroRate,2018-02-05,,,double,0.00149851
yieldCurve,BANK_EUR_LEND,discountFactor,2018-02-05,,,double,0.99700337
yieldCurve,BANK_EUR_LEND,time,2019-02-05,,,double,3.00273973
yieldCurve,BANK_EUR_LEND,zeroRate,2019-02-05,,,double,0.00185935
yieldCurve,BANK_EUR_LEND,discountFactor,2019-02-05,,,double,0.99443241
yieldCurve,BANK_EUR_LEND,time,2021-02-05,,,double,5.00547945
yieldCurve,BANK_EUR_LEND,zeroRate,2021-02-05,,,double,0.00321975
yieldCurve,BANK_EUR_LEND,discountFactor,2021-02-05,,,double,0.98401277
yieldCurve,BANK_EUR_LEND,time,2023-02-05,,,double,7.00547945
yieldCurve,BANK_EUR_LEND,zeroRate,2023-02-05,,,double,0.00550308
yieldCurve,BANK_EUR_LEND,discountFactor,2023-02-05,,,double,0.96218194
yieldCurve,BANK_EUR_LEND,time,2026-02-05,,,double,10.00821918
yieldCurve,BANK_EUR_LEND,zeroRate,2026-02-05,,,double,0.00898599
yieldCurve,BANK_EUR_LEND,discountFactor,2026-02-05,,,double,0.91399174
yieldCurve,BANK_EUR_LEND,time,2031-02-05,,,double,15.01095890
yieldCurve,BANK_EUR_LEND,zeroRate,2031-02-05,,,double,0.01265767
yieldCurve,BANK_EUR_LEND,discountFactor,2031-02-05,,,double,0.82695598
yieldCurve,BANK_EUR_LEND,time,2036-02-05,,,double,20.01369863
yieldCurve,BANK_EUR_LEND,zeroRate,2036-02-05,,,double,0.01430009
yieldCurve,BANK_EUR_LEND,discountFactor,2036-02-05,,,double,0.75111411
yieldCurve,BANK_EUR_LEND,time,2046-02-05,,,double,30.02191781
yieldCurve,BANK_EUR_LEND,zeroRate,2046-02-05,,,double,0.01510060
yieldCurve,BANK_EUR_LEND,discountFactor,2046-02-05,,,double,0.63549639
yieldCurve,BENCHMARK_EUR,dayCounter,,,,string,Actual/365 (Fixed)
yieldCurve,BENCHMARK_EUR,currency,,,,string,EUR
yieldCurve,BENCHMARK_EUR,time,2016-02-12,,,double,0.01917808
yieldCurve,BENCHMARK_EUR,zeroRate,2016-02-12,,,double,-0.00616540
yieldCurve,BENCHMARK_EUR,discountFactor,2016-02-12,,,double,1.00011825
yieldCurve,BENCHMARK_EUR,time,2016-02-19,,,double,0.03835616
yieldCurve,BENCHMARK_EUR,zeroRate,2016-02-19,,,double,-0.00620220
yieldCurve,BENCHMARK_EUR,discountFactor,2016-02-19,,,double,1.00023792
yieldCurve,BENCHMARK_EUR,time,2016-05-05,,,double,0.24657534
yieldCurve,BENCHMARK_EUR,zeroRate,2016-05-05,,,double,-0.00729507
yieldCurve,BENCHMARK_EUR,discountFactor,2016-05-05,,,double,1.00180040
yieldCurve,BENCHMARK_EUR,time,2016-08-05,,,double,0.49863014
yieldCurve,BENCHMARK_EUR,zeroRate,2016-08-05,,,double,-0.00759898
yieldCurve,BENCHMARK_EUR,discountFactor,2016-08-05,,,double,1.00379627
yieldCurve,BENCHMARK_EUR,time,2016-11-05,,,double,0.75068493
yieldCurve,BENCHMARK_EUR,zeroRate,2016-11-05,,,double,-0.00804939
yieldCurve,BENCHMARK_EUR,discountFactor,2016-11-05,,,double,1.00606085
yieldCurve,BENCHMARK_EUR,time,2017-02-05,,,double,1.00273973
yieldCurve,BENCHMARK_EUR,zeroRate,2017-02-05,,,double,-0.00816143
yieldCurve,BENCHMARK_EUR,discountFactor,2017-02-05,,,double,1.00821737
yieldCurve,BENCHMARK_EUR,time,2018-02-05,,,double,2.00273973
yieldCurve,BENCHMARK_EUR,zeroRate,2018-02-05,,,double,-0.00850149
yieldCurve,BENCHMARK_EUR,discountFactor,2018-02-05,,,double,1.01717204
yieldCurve,BENCHMARK_EUR,time,2019-02-05,,,double,3.00273973
yieldCurve,BENCHMARK_EUR,zeroRate,2019-02-05,,,double,-0.00814065
yieldCurve,BENCHMARK_EUR,discountFactor,2019-02-05,,,double,1.02474547
yieldCurve,BENCHMARK_EUR,time,2021-02-05,,,double,5.00547945
yieldCurve,BENCHMARK_EUR,zeroRate,2021-02-05,,,double,-0.00678025
yieldCurve,BENCHMARK_EUR,discountFactor,2021-02-05,,,double,1.03452087
yieldCurve,BENCHMARK_EUR,time,2023-02-05,,,double,7.00547945
yieldCurve,BENCHMARK_EUR,zeroRate,2023-02-05,,,double,-0.00449692
yieldCurve,BENCHMARK_EUR,discountFactor,2023-02-05,,,double,1.03200455
yieldCurve,BENCHMARK_EUR,time,2026-02-05,,,double,10.00821918
yieldCurve,BENCHMARK_EUR,zeroRate,2026-02-05,,,double,-0.00101401
yieldCurve,BENCHMARK_EUR,discountFactor,2026-02-05,,,double,1.01020012
yieldCurve,BENCHMARK_EUR,time,2031-02-05,,,double,15.01095890
yieldCurve,BENCHMARK_EUR,zeroRate,2031-02-05,,,double,0.00265767
yieldCurve,BENCHMARK_EUR,discountFactor,2031-02-05,,,double,0.96089107
yieldCurve,BENCHMARK_EUR,time,2036-02-05,,,double,20.01369863
yieldCurve,BENCHMARK_EUR,zeroRate,2036-02-05,,,double,0.00430009
yieldCurve,BENCHMARK_EUR,discountFactor,2036-02-05,,,double,0.91753852
yieldCurve,BENCHMARK_EUR,time,2046-02-05,,,double,30.02191781
yieldCurve,BENCHMARK_EUR,zeroRate,2046-02-05,,,double,0.00510060
yieldCurve,BENCHMARK_EUR,discountFactor,2046-02-05,,,double,0.85801843
yieldCurve,BOND_YIELD_EUR,dayCounter,,,,string,Actual/365 (Fixed)
yieldCurve,BOND_YIELD_EUR,currency,,,,string,EUR
yieldCurve,BOND_YIELD_EUR,time,2021-02-09,ZERO/RATE/EUR/BOND_YIELD_EUR/A365/5Y,,double,5.01643836
yieldCurve,BOND_YIELD_EUR,zeroRate,2021-02-09,ZERO/RATE/EUR/BOND_YIELD_EUR/A365/5Y,,double,0.03000000
yieldCurve,BOND_YIELD_EUR,discountFactor,2021-02-09,ZERO/RATE/EUR/BOND_YIELD_EUR/A365/5Y,,double,0.86028362
yieldCurve,BOND_YIELD_EUR,mdQuote,2021-02-09,ZERO/RATE/EUR/BOND_YIELD_EUR/A365/5Y,,double,0.03000000
yieldCurve,BOND_YIELD_EUR,calibrationError,2021-02-09,ZERO/RATE/EUR/BOND_YIELD_EUR/A365/5Y,,double,0.00000000
yieldCurve,BOND_YIELD_EUR,time,2026-02-09,ZERO/RATE/EUR/BOND_YIELD_EUR/A365/10Y,,double,10.01917808
yieldCurve,BOND_YIELD_EUR,zeroRate,2026-02-09,ZERO/RATE/EUR/BOND_YIELD_EUR/A365/10Y,,double,0.03000000
yieldCurve,BOND_YIELD_EUR,discountFactor,2026-02-09,ZERO/RATE/EUR/BOND_YIELD_EUR/A365/10Y,,double,0.74039212
yieldCurve,BOND_YIELD_EUR,mdQuote,2026-02-09,ZERO/RATE/EUR/BOND_YIELD_EUR/A365/10Y,,double,0.03000000
yieldCurve,BOND_YIELD_EUR,calibrationError,2026-02-09,ZERO/RATE/EUR/BOND_YIELD_EUR/A365/10Y,,double,0.00000000
yieldCurve,EUR12M,dayCounter,,,,string,Actual/365 (Fixed)
yieldCurve,EUR12M,currency,,,,string,EUR
yieldCurve,EUR12M,time,2016-02-16,MM/RATE/EUR/2D/1W,,double,0.03013699
yieldCurve,EUR12M,zeroRate,2016-02-16,MM/RATE/EUR/2D/1W,,double,-0.00056373
yieldCurve,EUR12M,discountFactor,2016-02-16,MM/RATE/EUR/2D/1W,,double,1.00001699
yieldCurve,EUR12M,mdQuote,2016-02-16,MM/RATE/EUR/2D/1W,,double,-0.00055600
yieldCurve,EUR12M,calibrationError,2016-02-16,MM/RATE/EUR/2D/1W,,double,-0.00000000
yieldCurve,EUR12M,forwardRate,2016-02-16,MM/RATE/EUR/2D/1W,,double,0.00020697
yieldCurve,EUR12M,time,2016-03-09,MM/RATE/EUR/2D/1M,,double,0.09041096
yieldCurve,EUR12M,zeroRate,2016-03-09,MM/RATE/EUR/2D/1M,,double,-0.00038642
yieldCurve,EUR12M,discountFactor,2016-03-09,MM/RATE/EUR/2D/1M,,double,1.00003494
yieldCurve,EUR12M,mdQuote,2016-03-09,MM/RATE/EUR/2D/1M,,double,-0.00035700
yieldCurve,EUR12M,calibrationError,2016-03-09,MM/RATE/EUR/2D/1M,,double,0.00000000
yieldCurve,EUR12M,forwardRate,2016-03-09,MM/RATE/EUR/2D/1M,,double,-0.00003881
yieldCurve,EUR12M,time,2016-04-11,MM/RATE/EUR/2D/2M,,double,0.18082192
yieldCurve,EUR12M,zeroRate,2016-04-11,MM/RATE/EUR/2D/2M,,double,-0.00024847
yieldCurve,EUR12M,discountFactor,2016-04-11,MM/RATE/EUR/2D/2M,,double,1.00004493
yieldCurve,EUR12M,mdQuote,2016-04-11,MM/RATE/EUR/2D/2M,,double,-0.00022500
yieldCurve,EUR12M,calibrationError,2016-04-11,MM/RATE/EUR/2D/2M,,double,0.00000000
yieldCurve,EUR12M,forwardRate,2016-04-11,MM/RATE/EUR/2D/2M,,double,-0.00042050
yieldCurve,EUR12M,time,2016-05-09,MM/RATE/EUR/2D/3M,,double,0.25753425
yieldCurve,EUR12M,zeroRate,2016-05-09,MM/RATE/EUR/2D/3M,,double,-0.00014339
yieldCurve,EUR12M,discountFactor,2016-05-09,MM/RATE/EUR/2D/3M,,double,1.00003693
yieldCurve,EUR12M,mdQuote,2016-05-09,MM/RATE/EUR/2D/3M,,double,-0.00012300
yieldCurve,EUR12M,calibrationError,2016-05-09,MM/RATE/EUR/2D/3M,,double,-0.00000000
yieldCurve,EUR12M,forwardRate,2016-05-09,MM/RATE/EUR/2D/3M,,double,-0.00078306
yieldCurve,EUR12M,time,2016-06-09,MM/RATE/EUR/2D/4M,,double,0.34246575
yieldCurve,EUR12M,zeroRate,2016-06-09,MM/RATE/EUR/2D/4M,,double,0.00002809
yieldCurve,EUR12M,discountFactor,2016-06-09,MM/RATE/EUR/2D/4M,,double,0.99999038
yieldCurve,EUR12M,mdQuote,2016-06-09,MM/RATE/EUR/2D/4M,,double,0.00004700
yieldCurve,EUR12M,calibrationError,2016-06-09,MM/RATE/EUR/2D/4M,,double,0.00000000
yieldCurve,EUR12M,forwardRate,2016-06-09,MM/RATE/EUR/2D/4M,,double,-0.00125164
yieldCurve,EUR12M,time,2016-07-11,MM/RATE/EUR/2D/5M,,double,0.43013699
yieldCurve,EUR12M,zeroRate,2016-07-11,MM/RATE/EUR/2D/5M,,double,0.00022375
yieldCurve,EUR12M,discountFactor,2016-07-11,MM/RATE/EUR/2D/5M,,double,0.99990376
yieldCurve,EUR12M,mdQuote,2016-07-11,MM/RATE/EUR/2D/5M,,double,0.00024100
yieldCurve,EUR12M,calibrationError,2016-07-11,MM/RATE/EUR/2D/5M,,double,0.00000000
yieldCurve,EUR12M,forwardRate,2016-07-11,MM/RATE/EUR/2D/5M,,double,-0.00170487
yieldCurve,EUR12M,time,2016-08-09,MM/RATE/EUR/2D/6M,,double,0.50958904
yieldCurve,EUR12M,zeroRate,2016-08-09,MM/RATE/EUR/2D/6M,,double,0.00023191
yieldCurve,EUR12M,discountFactor,2016-08-09,MM/RATE/EUR/2D/6M,,double,0.99988183
yieldCurve,EUR12M,mdQuote,2016-08-09,MM/RATE/EUR/2D/6M,,double,0.00024600
yieldCurve,EUR12M,calibrationError,2016-08-09,MM/RATE/EUR/2D/6M,,double,-0.00000000
yieldCurve,EUR12M,forwardRate,2016-08-09,MM/RATE/EUR/2D/6M,,double,-0.00209119
yieldCurve,EUR12M,time,2016-09-09,MM/RATE/EUR/2D/7M,,double,0.59452055
yieldCurve,EUR12M,zeroRate,2016-09-09,MM/RATE/EUR/2D/7M,,double,0.00024735
yieldCurve,EUR12M,discountFactor,2016-09-09,MM/RATE/EUR/2D/7M,,double,0.99985296
yieldCurve,EUR12M,mdQuote,2016-09-09,MM/RATE/EUR/2D/7M,,double,0.00025900
yieldCurve,EUR12M,calibrationError,2016-09-09,MM/RATE/EUR/2D/7M,,double,-0.00000000
yieldCurve,EUR12M,forwardRate,2016-09-09,MM/RATE/EUR/2D/7M,,double,-0.00253609
yieldCurve,EUR12M,time,2016-10-10,MM/RATE/EUR/2D/8M,,double,0.67945205
yieldCurve,EUR12M,zeroRate,2016-10-10,MM/RATE/EUR/2D/8M,,double,0.00026122
yieldCurve,EUR12M,discountFactor,2016-10-10,MM/RATE/EUR/2D/8M,,double,0.99982253
yieldCurve,EUR12M,mdQuote,2016-10-10,MM/RATE/EUR/2D/8M,,double,0.00027100
yieldCurve,EUR12M,calibrationError,2016-10-10,MM/RATE/EUR/2D/8M,,double,0.00000000
yieldCurve,EUR12M,forwardRate,2016-10-10,MM/RATE/EUR/2D/8M,,double,-0.00292886
yieldCurve,EUR12M,time,2016-11-09,MM/RATE/EUR/2D/9M,,double,0.76164384
yieldCurve,EUR12M,zeroRate,2016-11-09,MM/RATE/EUR/2D/9M,,double,0.00028565
yieldCurve,EUR12M,discountFactor,2016-11-09,MM/RATE/EUR/2D/9M,,double,0.99978246
yieldCurve,EUR12M,mdQuote,2016-11-09,MM/RATE/EUR/2D/9M,,double,0.00029400
yieldCurve,EUR12M,calibrationError,2016-11-09,MM/RATE/EUR/2D/9M,,double,-0.00000000
yieldCurve,EUR12M,forwardRate,2016-11-09,MM/RATE/EUR/2D/9M,,double,-0.00335138
yieldCurve,EUR12M,time,2016-12-09,MM/RATE/EUR/2D/10M,,double,0.84383562
yieldCurve,EUR12M,zeroRate,2016-12-09,MM/RATE/EUR/2D/10M,,double,0.00030386
yieldCurve,EUR12M,discountFactor,2016-12-09,MM/RATE/EUR/2D/10M,,double,0.99974362
yieldCurve,EUR12M,mdQuote,2016-12-09,MM/RATE/EUR/2D/10M,,double,0.00031100
yieldCurve,EUR12M,calibrationError,2016-12-09,MM/RATE/EUR/2D/10M,,double,-0.00000000
yieldCurve,EUR12M,forwardRate,2016-12-09,MM/RATE/EUR/2D/10M,,double,-0.00378613
yieldCurve,EUR12M,time,2017-01-09,MM/RATE/EUR/2D/11M,,double,0.92876712
yieldCurve,EUR12M,zeroRate,2017-01-09,MM/RATE/EUR/2D/11M,,double,0.00031392
yieldCurve,EUR12M,discountFactor,2017-01-09,MM/RATE/EUR/2D/11M,,double,0.99970849
yieldCurve,EUR12M,mdQuote,2017-01-09,MM/RATE/EUR/2D/11M,,double,0.00032000
yieldCurve,EUR12M,calibrationError,2017-01-09,MM/RATE/EUR/2D/11M,,double,0.00000000
yieldCurve,EUR12M,forwardRate,2017-01-09,MM/RATE/EUR/2D/11M,,double,-0.00418245
yieldCurve,EUR12M,time,2017-02-09,MM/RATE/EUR/2D/1Y,,double,1.01369863
yieldCurve,EUR12M,zeroRate,2017-02-09,MM/RATE/EUR/2D/1Y,,double,0.00032883
yieldCurve,EUR12M,discountFactor,2017-02-09,MM/RATE/EUR/2D/1Y,,double,0.99966672
yieldCurve,EUR12M,mdQuote,2017-02-09,MM/RATE/EUR/2D/1Y,,double,0.00033400
yieldCurve,EUR12M,calibrationError,2017-02-09,MM/RATE/EUR/2D/1Y,,double,0.00000000
yieldCurve,EUR12M,forwardRate,2017-02-09,MM/RATE/EUR/2D/1Y,,double,-0.00454781
yieldCurve,EUR12M,time,2018-02-09,BASIS_SWAP/BASIS_SPREAD/6M/12M/EUR/2Y,,double,2.01369863
yieldCurve,EUR12M,zeroRate,2018-02-09,BASIS_SWAP/BASIS_SPREAD/6M/12M/EUR/2Y,,double,-0.00214802
yieldCurve,EUR12M,discountFactor,2018-02-09,BASIS_SWAP/BASIS_SPREAD/6M/12M/EUR/2Y,,double,1.00433482
yieldCurve,EUR12M,mdQuote,2018-02-09,BASIS_SWAP/BASIS_SPREAD/6M/12M/EUR/2Y,,double,-0.00169300
yieldCurve,EUR12M,calibrationError,2018-02-09,BASIS_SWAP/BASIS_SPREAD/6M/12M/EUR/2Y,,double,-0.00000000
yieldCurve,EUR12M,forwardRate,2018-02-09,BASIS_SWAP/BASIS_SPREAD/6M/12M/EUR/2Y,,double,-0.00123654
yieldCurve,EUR12M,time,2019-02-11,BASIS_SWAP/BASIS_SPREAD/6M/12M/EUR/3Y,,double,3.01917808
yieldCurve,EUR12M,zeroRate,2019-02-11,BASIS_SWAP/BASIS_SPREAD/6M/12M/EUR/3Y,,double,-0.00185520
yieldCurve,EUR12M,discountFactor,2019-02-11,BASIS_SWAP/BASIS_SPREAD/6M/12M/EUR/3Y,,double,1.00561691
yieldCurve,EUR12M,mdQuote,2019-02-11,BASIS_SWAP/BASIS_SPREAD/6M/12M/EUR/3Y,,double,-0.00170400
yieldCurve,EUR12M,calibrationError,2019-02-11,BASIS_SWAP/BASIS_SPREAD/6M/12M/EUR/3Y,,double,-0.00000000
yieldCurve,EUR12M,forwardRate,2019-02-11,BASIS_SWAP/BASIS_SPREAD/6M/12M/EUR/3Y,,double,0.00133773
yieldCurve,EUR12M,time,2020-02-10,BASIS_SWAP/BASIS_SPREAD/6M/12M/EUR/4Y,,double,4.01643836
yieldCurve,EUR12M,zeroRate,2020-02-10,BASIS_SWAP/BASIS_SPREAD/6M/12M/EUR/4Y,,double,-0.00106242
yieldCurve,EUR12M,discountFactor,2020-02-10,BASIS_SWAP/BASIS_SPREAD/6M/12M/EUR/4Y,,double,1.00427627
yieldCurve,EUR12M,mdQuote,2020-02-10,BASIS_SWAP/BASIS_SPREAD/6M/12M/EUR/4Y,,double,-0.00169100
yieldCurve,EUR12M,calibrationError,2020-02-10,BASIS_SWAP/BASIS_SPREAD/6M/12M/EUR/4Y,,double,0.00000000
yieldCurve,EUR12M,forwardRate,2020-02-10,BASIS_SWAP/BASIS_SPREAD/6M/12M/EUR/4Y,,double,0.00347783
yieldCurve,EUR12M,time,2021-02-09,BASIS_SWAP/BASIS_SPREAD/6M/12M/EUR/5Y,,double,5.01643836
yieldCurve,EUR12M,zeroRate,2021-02-09,BASIS_SWAP/BASIS_SPREAD/6M/12M/EUR/5Y,,double,-0.00015480
yieldCurve,EUR12M,discountFactor,2021-02-09,BASIS_SWAP/BASIS_SPREAD/6M/12M/EUR/5Y,,double,1.00077683
yieldCurve,EUR12M,mdQuote,2021-02-09,BASIS_SWAP/BASIS_SPREAD/6M/12M/EUR/5Y,,double,-0.00167100
yieldCurve,EUR12M,calibrationError,2021-02-09,BASIS_SWAP/BASIS_SPREAD/6M/12M/EUR/5Y,,double,0.00000000
yieldCurve,EUR12M,forwardRate,2021-02-09,BASIS_SWAP/BASIS_SPREAD/6M/12M/EUR/5Y,,double,0.00701421
yieldCurve,EUR12M,time,2022-02-09,BASIS_SWAP/BASIS_SPREAD/6M/12M/EUR/6Y,,double,6.01643836
yieldCurve,EUR12M,zeroRate,2022-02-09,BASIS_SWAP/BASIS_SPREAD/6M/12M/EUR/6Y,,double,0.00104487
yieldCurve,EUR12M,discountFactor,2022-02-09,BASIS_SWAP/BASIS_SPREAD/6M/12M/EUR/6Y,,double,0.99373331
yieldCurve,EUR12M,mdQuote,2022-02-09,BASIS_SWAP/BASIS_SPREAD/6M/12M/EUR/6Y,,double,-0.00173500
yieldCurve,EUR12M,calibrationError,2022-02-09,BASIS_SWAP/BASIS_SPREAD/6M/12M/EUR/6Y,,double,0.00000000
yieldCurve,EUR12M,forwardRate,2022-02-09,BASIS_SWAP/BASIS_SPREAD/6M/12M/EUR/6Y,,double,0.01126565
yieldCurve,EUR12M,time,2024-02-09,BASIS_SWAP/BASIS_SPREAD/6M/12M/EUR/8Y,,double,8.01643836
yieldCurve,EUR12M,zeroRate,2024-02-09,BASIS_SWAP/BASIS_SPREAD/6M/12M/EUR/8Y,,double,0.00361762
yieldCurve,EUR12M,discountFactor,2024-02-09,BASIS_SWAP/BASIS_SPREAD/6M/12M/EUR/8Y,,double,0.97141602
yieldCurve,EUR12M,mdQuote,2024-02-09,BASIS_SWAP/BASIS_SPREAD/6M/12M/EUR/8Y,,double,-0.00143700
yieldCurve,EUR12M,calibrationError,2024-02-09,BASIS_SWAP/BASIS_SPREAD/6M/12M/EUR/8Y,,double,-0.00000000
yieldCurve,EUR12M,forwardRate,2024-02-09,BASIS_SWAP/BASIS_SPREAD/6M/12M/EUR/8Y,,double,0.01261626
yieldCurve,EUR12M,time,2025-02-10,BASIS_SWAP/BASIS_SPREAD/6M/12M/EUR/9Y,,double,9.02191781
yieldCurve,EUR12M,zeroRate,2025-02-10,BASIS_SWAP/BASIS_SPREAD/6M/12M/EUR/9Y,,double,0.00462913
yieldCurve,EUR12M,discountFactor,2025-02-10,BASIS_SWAP/BASIS_SPREAD/6M/12M/EUR/9Y,,double,0.95909649
yieldCurve,EUR12M,mdQuote,2025-02-10,BASIS_SWAP/BASIS_SPREAD/6M/12M/EUR/9Y,,double,-0.00150000
yieldCurve,EUR12M,calibrationError,2025-02-10,BASIS_SWAP/BASIS_SPREAD/6M/12M/EUR/9Y,,double,-0.00000000
yieldCurve,EUR12M,forwardRate,2025-02-10,BASIS_SWAP/BASIS_SPREAD/6M/12M/EUR/9Y,,double,0.01461651
yieldCurve,EUR12M,time,2026-02-09,BASIS_SWAP/BASIS_SPREAD/6M/12M/EUR/10Y,,double,10.01917808
yieldCurve,EUR12M,zeroRate,2026-02-09,BASIS_SWAP/BASIS_SPREAD/6M/12M/EUR/10Y,,double,0.00563292
yieldCurve,EUR12M,discountFactor,2026-02-09,BASIS_SWAP/BASIS_SPREAD/6M/12M/EUR/10Y,,double,0.94512581
yieldCurve,EUR12M,mdQuote,2026-02-09,BASIS_SWAP/BASIS_SPREAD/6M/12M/EUR/10Y,,double,-0.00135300
yieldCurve,EUR12M,calibrationError,2026-02-09,BASIS_SWAP/BASIS_SPREAD/6M/12M/EUR/10Y,,double,0.00000000
yieldCurve,EUR12M,forwardRate,2026-02-09,BASIS_SWAP/BASIS_SPREAD/6M/12M/EUR/10Y,,double,0.01424202
yieldCurve,EUR12M,time,2027-02-09,BASIS_SWAP/BASIS_SPREAD/6M/12M/EUR/11Y,,double,11.01917808
yieldCurve,EUR12M,zeroRate,2027-02-09,BASIS_SWAP/BASIS_SPREAD/6M/12M/EUR/11Y,,double,0.00642211
yieldCurve,EUR12M,discountFactor,2027-02-09,BASIS_SWAP/BASIS_SPREAD/6M/12M/EUR/11Y,,double,0.93167954
yieldCurve,EUR12M,mdQuote,2027-02-09,BASIS_SWAP/BASIS_SPREAD/6M/12M/EUR/11Y,,double,-0.00133800
yieldCurve,EUR12M,calibrationError,2027-02-09,BASIS_SWAP/BASIS_SPREAD/6M/12M/EUR/11Y,,double,0.00000000
yieldCurve,EUR12M,forwardRate,2027-02-09,BASIS_SWAP/BASIS_SPREAD/6M/12M/EUR/11Y,,double,0.01559504
yieldCurve,EUR12M,time,2028-02-09,BASIS_SWAP/BASIS_SPREAD/6M/12M/EUR/12Y,,double,12.01917808
yieldCurve,EUR12M,zeroRate,2028-02-09,BASIS_SWAP/BASIS_SPREAD/6M/12M/EUR/12Y,,double,0.00719285
yieldCurve,EUR12M,discountFactor,2028-02-09,BASIS_SWAP/BASIS_SPREAD/6M/12M/EUR/12Y,,double,0.91717949
yieldCurve,EUR12M,mdQuote,2028-02-09,BASIS_SWAP/BASIS_SPREAD/6M/12M/EUR/12Y,,double,-0.00121700
yieldCurve,EUR12M,calibrationError,2028-02-09,BASIS_SWAP/BASIS_SPREAD/6M/12M/EUR/12Y,,double,-0.00000000
yieldCurve,EUR12M,forwardRate,2028-02-09,BASIS_SWAP/BASIS_SPREAD/6M/12M/EUR/12Y,,double,0.01599833
yieldCurve,EUR12M,time,2031-02-10,BASIS_SWAP/BASIS_SPREAD/6M/12M/EUR/15Y,,double,15.02465753
yieldCurve,EUR12M,zeroRate,2031-02-10,BASIS_SWAP/BASIS_SPREAD/6M/12M/EUR/15Y,,double,0.00897254
yieldCurve,EUR12M,discountFactor,2031-02-10,BASIS_SWAP/BASIS_SPREAD/6M/12M/EUR/15Y,,double,0.87388255
yieldCurve,EUR12M,mdQuote,2031-02-10,BASIS_SWAP/BASIS_SPREAD/6M/12M/EUR/15Y,,double,-0.00114800
yieldCurve,EUR12M,calibrationError,2031-02-10,BASIS_SWAP/BASIS_SPREAD/6M/12M/EUR/15Y,,double,-0.00000000
yieldCurve,EUR12M,forwardRate,2031-02-10,BASIS_SWAP/BASIS_SPREAD/6M/12M/EUR/15Y,,double,0.01494171
yieldCurve,EUR12M,time,2036-02-11,BASIS_SWAP/BASIS_SPREAD/6M/12M/EUR/20Y,,double,20.03013699
yieldCurve,EUR12M,zeroRate,2036-02-11,BASIS_SWAP/BASIS_SPREAD/6M/12M/EUR/20Y,,double,0.01048769
yieldCurve,EUR12M,discountFactor,2036-02-11,BASIS_SWAP/BASIS_SPREAD/6M/12M/EUR/20Y,,double,0.81052765
yieldCurve,EUR12M,mdQuote,2036-02-11,BASIS_SWAP/BASIS_SPREAD/6M/12M/EUR/20Y,,double,-0.00099300
yieldCurve,EUR12M,calibrationError,2036-02-11,BASIS_SWAP/BASIS_SPREAD/6M/12M/EUR/20Y,,double,-0.00000000
yieldCurve,EUR12M,forwardRate,2036-02-11,BASIS_SWAP/BASIS_SPREAD/6M/12M/EUR/20Y,,double,0.01233038
yieldCurve,EUR12M,time,2041-02-11,BASIS_SWAP/BASIS_SPREAD/6M/12M/EUR/25Y,,double,25.03561644
yieldCurve,EUR12M,zeroRate,2041-02-11,BASIS_SWAP/BASIS_SPREAD/6M/12M/EUR/25Y,,double,0.01087481
yieldCurve,EUR12M,discountFactor,2041-02-11,BASIS_SWAP/BASIS_SPREAD/6M/12M/EUR/25Y,,double,0.76165809
yieldCurve,EUR12M,mdQuote,2041-02-11,BASIS_SWAP/BASIS_SPREAD/6M/12M/EUR/25Y,,double,-0.00095300
yieldCurve,EUR12M,calibrationError,2041-02-11,BASIS_SWAP/BASIS_SPREAD/6M/12M/EUR/25Y,,double,0.00000000
yieldCurve,EUR12M,forwardRate,2041-02-11,BASIS_SWAP/BASIS_SPREAD/6M/12M/EUR/25Y,,double,0.01120538
yieldCurve,EUR12M,time,2046-02-09,BASIS_SWAP/BASIS_SPREAD/6M/12M/EUR/30Y,,double,30.03287671
yieldCurve,EUR12M,zeroRate,2046-02-09,BASIS_SWAP/BASIS_SPREAD/6M/12M/EUR/30Y,,double,0.01094505
yieldCurve,EUR12M,discountFactor,2046-02-09,BASIS_SWAP/BASIS_SPREAD/6M/12M/EUR/30Y,,double,0.71985076
yieldCurve,EUR12M,mdQuote,2046-02-09,BASIS_SWAP/BASIS_SPREAD/6M/12M/EUR/30Y,,double,-0.00079800
yieldCurve,EUR12M,calibrationError,2046-02-09,BASIS_SWAP/BASIS_SPREAD/6M/12M/EUR/30Y,,double,0.00000000
yieldCurve,EUR12M,forwardRate,2046-02-09,BASIS_SWAP/BASIS_SPREAD/6M/12M/EUR/30Y,,double,0.01120538
yieldCurve,EUR1M,dayCounter,,,,string,Actual/365 (Fixed)
yieldCurve,EUR1M,currency,,,,string,EUR
yieldCurve,EUR1M,time,2016-02-16,MM/RATE/EUR/2D/1W,,double,0.03013699
yieldCurve,EUR1M,zeroRate,2016-02-16,MM/RATE/EUR/2D/1W,,double,-0.00056373
yieldCurve,EUR1M,discountFactor,2016-02-16,MM/RATE/EUR/2D/1W,,double,1.00001699
yieldCurve,EUR1M,mdQuote,2016-02-16,MM/RATE/EUR/2D/1W,,double,-0.00055600
yieldCurve,EUR1M,calibrationError,2016-02-16,MM/RATE/EUR/2D/1W,,double,-0.00000000
yieldCurve,EUR1M,forwardRate,2016-02-16,MM/RATE/EUR/2D/1W,,double,-0.00121196
yieldCurve,EUR1M,time,2016-03-09,MM/RATE/EUR/2D/1M,,double,0.09041096
yieldCurve,EUR1M,zeroRate,2016-03-09,MM/RATE/EUR/2D/1M,,double,-0.00038642
yieldCurve,EUR1M,discountFactor,2016-03-09,MM/RATE/EUR/2D/1M,,double,1.00003494
yieldCurve,EUR1M,mdQuote,2016-03-09,MM/RATE/EUR/2D/1M,,double,-0.00035700
yieldCurve,EUR1M,calibrationError,2016-03-09,MM/RATE/EUR/2D/1M,,double,0.00000000
yieldCurve,EUR1M,forwardRate,2016-03-09,MM/RATE/EUR/2D/1M,,double,-0.00325231
yieldCurve,EUR1M,time,2016-04-11,IR_SWAP/RATE/EUR/2D/1M/2M,,double,0.18082192
yieldCurve,EUR1M,zeroRate,2016-04-11,IR_SWAP/RATE/EUR/2D/1M/2M,,double,-0.00184218
yieldCurve,EUR1M,discountFactor,2016-04-11,IR_SWAP/RATE/EUR/2D/1M/2M,,double,1.00033316
yieldCurve,EUR1M,mdQuote,2016-04-11,IR_SWAP/RATE/EUR/2D/1M/2M,,double,-0.00189800
yieldCurve,EUR1M,calibrationError,2016-04-11,IR_SWAP/RATE/EUR/2D/1M/2M,,double,-0.00000000
yieldCurve,EUR1M,forwardRate,2016-04-11,IR_SWAP/RATE/EUR/2D/1M/2M,,double,-0.00228111
yieldCurve,EUR1M,time,2016-05-09,IR_SWAP/RATE/EUR/2D/1M/3M,,double,0.25753425
yieldCurve,EUR1M,zeroRate,2016-05-09,IR_SWAP/RATE/EUR/2D/1M/3M,,double,-0.00194369
yieldCurve,EUR1M,discountFactor,2016-05-09,IR_SWAP/RATE/EUR/2D/1M/3M,,double,1.00050069
yieldCurve,EUR1M,mdQuote,2016-05-09,IR_SWAP/RATE/EUR/2D/1M/3M,,double,-0.00197700
yieldCurve,EUR1M,calibrationError,2016-05-09,IR_SWAP/RATE/EUR/2D/1M/3M,,double,0.00000000
yieldCurve,EUR1M,forwardRate,2016-05-09,IR_SWAP/RATE/EUR/2D/1M/3M,,double,-0.00306929
yieldCurve,EUR1M,time,2016-06-09,IR_SWAP/RATE/EUR/2D/1M/4M,,double,0.34246575
yieldCurve,EUR1M,zeroRate,2016-06-09,IR_SWAP/RATE/EUR/2D/1M/4M,,double,-0.00224491
yieldCurve,EUR1M,discountFactor,2016-06-09,IR_SWAP/RATE/EUR/2D/1M/4M,,double,1.00076910
yieldCurve,EUR1M,mdQuote,2016-06-09,IR_SWAP/RATE/EUR/2D/1M/4M,,double,-0.00228700
yieldCurve,EUR1M,calibrationError,2016-06-09,IR_SWAP/RATE/EUR/2D/1M/4M,,double,0.00000000
yieldCurve,EUR1M,forwardRate,2016-06-09,IR_SWAP/RATE/EUR/2D/1M/4M,,double,-0.00278125
yieldCurve,EUR1M,time,2016-07-11,IR_SWAP/RATE/EUR/2D/1M/5M,,double,0.43013699
yieldCurve,EUR1M,zeroRate,2016-07-11,IR_SWAP/RATE/EUR/2D/1M/5M,,double,-0.00235385
yieldCurve,EUR1M,discountFactor,2016-07-11,IR_SWAP/RATE/EUR/2D/1M/5M,,double,1.00101299
yieldCurve,EUR1M,mdQuote,2016-07-11,IR_SWAP/RATE/EUR/2D/1M/5M,,double,-0.00238200
yieldCurve,EUR1M,calibrationError,2016-07-11,IR_SWAP/RATE/EUR/2D/1M/5M,,double,0.00000000
yieldCurve,EUR1M,forwardRate,2016-07-11,IR_SWAP/RATE/EUR/2D/1M/5M,,double,-0.00326737
yieldCurve,EUR1M,time,2016-08-09,IR_SWAP/RATE/EUR/2D/1M/6M,,double,0.50958904
yieldCurve,EUR1M,zeroRate,2016-08-09,IR_SWAP/RATE/EUR/2D/1M/6M,,double,-0.00251564
yieldCurve,EUR1M,discountFactor,2016-08-09,IR_SWAP/RATE/EUR/2D/1M/6M,,double,1.00128276
yieldCurve,EUR1M,mdQuote,2016-08-09,IR_SWAP/RATE/EUR/2D/1M/6M,,double,-0.00255000
yieldCurve,EUR1M,calibrationError,2016-08-09,IR_SWAP/RATE/EUR/2D/1M/6M,,double,-0.00000000
yieldCurve,EUR1M,forwardRate,2016-08-09,IR_SWAP/RATE/EUR/2D/1M/6M,,double,-0.00295685
yieldCurve,EUR1M,time,2016-09-09,IR_SWAP/RATE/EUR/2D/1M/7M,,double,0.59452055
yieldCurve,EUR1M,zeroRate,2016-09-09,IR_SWAP/RATE/EUR/2D/1M/7M,,double,-0.00257926
yieldCurve,EUR1M,discountFactor,2016-09-09,IR_SWAP/RATE/EUR/2D/1M/7M,,double,1.00153460
yieldCurve,EUR1M,mdQuote,2016-09-09,IR_SWAP/RATE/EUR/2D/1M/7M,,double,-0.00261600
yieldCurve,EUR1M,calibrationError,2016-09-09,IR_SWAP/RATE/EUR/2D/1M/7M,,double,-0.00000000
yieldCurve,EUR1M,forwardRate,2016-09-09,IR_SWAP/RATE/EUR/2D/1M/7M,,double,-0.00326984
yieldCurve,EUR1M,time,2016-10-10,IR_SWAP/RATE/EUR/2D/1M/8M,,double,0.67945205
yieldCurve,EUR1M,zeroRate,2016-10-10,IR_SWAP/RATE/EUR/2D/1M/8M,,double,-0.00267674
yieldCurve,EUR1M,discountFactor,2016-10-10,IR_SWAP/RATE/EUR/2D/1M/8M,,double,1.00182037
yieldCurve,EUR1M,mdQuote,2016-10-10,IR_SWAP/RATE/EUR/2D/1M/8M,,double,-0.00270500
yieldCurve,EUR1M,calibrationError,2016-10-10,IR_SWAP/RATE/EUR/2D/1M/8M,,double,0.00000000
yieldCurve,EUR1M,forwardRate,2016-10-10,IR_SWAP/RATE/EUR/2D/1M/8M,,double,-0.00309326
yieldCurve,EUR1M,time,2016-11-09,IR_SWAP/RATE/EUR/2D/1M/9M,,double,0.76164384
yieldCurve,EUR1M,zeroRate,2016-11-09,IR_SWAP/RATE/EUR/2D/1M/9M,,double,-0.00270354
yieldCurve,EUR1M,discountFactor,2016-11-09,IR_SWAP/RATE/EUR/2D/1M/9M,,double,1.00206126
yieldCurve,EUR1M,mdQuote,2016-11-09,IR_SWAP/RATE/EUR/2D/1M/9M,,double,-0.00273400
yieldCurve,EUR1M,calibrationError,2016-11-09,IR_SWAP/RATE/EUR/2D/1M/9M,,double,-0.00000000
yieldCurve,EUR1M,forwardRate,2016-11-09,IR_SWAP/RATE/EUR/2D/1M/9M,,double,-0.00421999
yieldCurve,EUR1M,time,2016-12-09,IR_SWAP/RATE/EUR/2D/1M/10M,,double,0.84383562
yieldCurve,EUR1M,zeroRate,2016-12-09,IR_SWAP/RATE/EUR/2D/1M/10M,,double,-0.00286112
yieldCurve,EUR1M,discountFactor,2016-12-09,IR_SWAP/RATE/EUR/2D/1M/10M,,double,1.00241723
yieldCurve,EUR1M,mdQuote,2016-12-09,IR_SWAP/RATE/EUR/2D/1M/10M,,double,-0.00288600
yieldCurve,EUR1M,calibrationError,2016-12-09,IR_SWAP/RATE/EUR/2D/1M/10M,,double,0.00000000
yieldCurve,EUR1M,forwardRate,2016-12-09,IR_SWAP/RATE/EUR/2D/1M/10M,,double,-0.00386248
yieldCurve,EUR1M,time,2017-01-09,IR_SWAP/RATE/EUR/2D/1M/11M,,double,0.92876712
yieldCurve,EUR1M,zeroRate,2017-01-09,IR_SWAP/RATE/EUR/2D/1M/11M,,double,-0.00295499
yieldCurve,EUR1M,discountFactor,2017-01-09,IR_SWAP/RATE/EUR/2D/1M/11M,,double,1.00274827
yieldCurve,EUR1M,mdQuote,2017-01-09,IR_SWAP/RATE/EUR/2D/1M/11M,,double,-0.00298300
yieldCurve,EUR1M,calibrationError,2017-01-09,IR_SWAP/RATE/EUR/2D/1M/11M,,double,0.00000000
yieldCurve,EUR1M,forwardRate,2017-01-09,IR_SWAP/RATE/EUR/2D/1M/11M,,double,-0.00400087
yieldCurve,EUR1M,time,2017-02-09,IR_SWAP/RATE/EUR/2D/1M/1Y,,double,1.01369863
yieldCurve,EUR1M,zeroRate,2017-02-09,IR_SWAP/RATE/EUR/2D/1M/1Y,,double,-0.00305205
yieldCurve,EUR1M,discountFactor,2017-02-09,IR_SWAP/RATE/EUR/2D/1M/1Y,,double,1.00309865
yieldCurve,EUR1M,mdQuote,2017-02-09,IR_SWAP/RATE/EUR/2D/1M/1Y,,double,-0.00308300
yieldCurve,EUR1M,calibrationError,2017-02-09,IR_SWAP/RATE/EUR/2D/1M/1Y,,double,-0.00000000
yieldCurve,EUR1M,forwardRate,2017-02-09,IR_SWAP/RATE/EUR/2D/1M/1Y,,double,-0.00359851
yieldCurve,EUR1M,time,2018-02-09,IR_SWAP/RATE/EUR/2D/1M/2Y,,double,2.01369863
yieldCurve,EUR1M,zeroRate,2018-02-09,IR_SWAP/RATE/EUR/2D/1M/2Y,,double,-0.00334850
yieldCurve,EUR1M,discountFactor,2018-02-09,IR_SWAP/RATE/EUR/2D/1M/2Y,,double,1.00676565
yieldCurve,EUR1M,mdQuote,2018-02-09,IR_SWAP/RATE/EUR/2D/1M/2Y,,double,-0.00336300
yieldCurve,EUR1M,calibrationError,2018-02-09,IR_SWAP/RATE/EUR/2D/1M/2Y,,double,-0.00000000
yieldCurve,EUR1M,forwardRate,2018-02-09,IR_SWAP/RATE/EUR/2D/1M/2Y,,double,-0.00268223
yieldCurve,EUR1M,time,2019-02-11,IR_SWAP/RATE/EUR/2D/1M/3Y,,double,3.01917808
yieldCurve,EUR1M,zeroRate,2019-02-11,IR_SWAP/RATE/EUR/2D/1M/3Y,,double,-0.00313911
yieldCurve,EUR1M,discountFactor,2019-02-11,IR_SWAP/RATE/EUR/2D/1M/3Y,,double,1.00952258
yieldCurve,EUR1M,mdQuote,2019-02-11,IR_SWAP/RATE/EUR/2D/1M/3Y,,double,-0.00314600
yieldCurve,EUR1M,calibrationError,2019-02-11,IR_SWAP/RATE/EUR/2D/1M/3Y,,double,0.00000000
yieldCurve,EUR1M,forwardRate,2019-02-11,IR_SWAP/RATE/EUR/2D/1M/3Y,,double,-0.00018108
yieldCurve,EUR1M,time,2020-02-10,IR_SWAP/RATE/EUR/2D/1M/4Y,,double,4.01643836
yieldCurve,EUR1M,zeroRate,2020-02-10,IR_SWAP/RATE/EUR/2D/1M/4Y,,double,-0.00240527
yieldCurve,EUR1M,discountFactor,2020-02-10,IR_SWAP/RATE/EUR/2D/1M/4Y,,double,1.00970744
yieldCurve,EUR1M,mdQuote,2020-02-10,IR_SWAP/RATE/EUR/2D/1M/4Y,,double,-0.00240600
yieldCurve,EUR1M,calibrationError,2020-02-10,IR_SWAP/RATE/EUR/2D/1M/4Y,,double,0.00000000
yieldCurve,EUR1M,forwardRate,2020-02-10,IR_SWAP/RATE/EUR/2D/1M/4Y,,double,0.00180966
yieldCurve,EUR1M,time,2021-02-09,IR_SWAP/RATE/EUR/2D/1M/5Y,,double,5.01643836
yieldCurve,EUR1M,zeroRate,2021-02-09,IR_SWAP/RATE/EUR/2D/1M/5Y,,double,-0.00156006
yieldCurve,EUR1M,discountFactor,2021-02-09,IR_SWAP/RATE/EUR/2D/1M/5Y,,double,1.00785667
yieldCurve,EUR1M,mdQuote,2021-02-09,IR_SWAP/RATE/EUR/2D/1M/5Y,,double,-0.00155800
yieldCurve,EUR1M,calibrationError,2021-02-09,IR_SWAP/RATE/EUR/2D/1M/5Y,,double,0.00000000
yieldCurve,EUR1M,forwardRate,2021-02-09,IR_SWAP/RATE/EUR/2D/1M/5Y,,double,0.00418224
yieldCurve,EUR1M,time,2022-02-09,IR_SWAP/RATE/EUR/2D/1M/6Y,,double,6.01643836
yieldCurve,EUR1M,zeroRate,2022-02-09,IR_SWAP/RATE/EUR/2D/1M/6Y,,double,-0.00059609
yieldCurve,EUR1M,discountFactor,2022-02-09,IR_SWAP/RATE/EUR/2D/1M/6Y,,double,1.00359277
yieldCurve,EUR1M,mdQuote,2022-02-09,IR_SWAP/RATE/EUR/2D/1M/6Y,,double,-0.00059300
yieldCurve,EUR1M,calibrationError,2022-02-09,IR_SWAP/RATE/EUR/2D/1M/6Y,,double,0.00000000
yieldCurve,EUR1M,forwardRate,2022-02-09,IR_SWAP/RATE/EUR/2D/1M/6Y,,double,0.00815887
yieldCurve,EUR1M,time,2023-02-09,IR_SWAP/RATE/EUR/2D/1M/7Y,,double,7.01643836
yieldCurve,EUR1M,zeroRate,2023-02-09,IR_SWAP/RATE/EUR/2D/1M/7Y,,double,0.00066747
yieldCurve,EUR1M,discountFactor,2023-02-09,IR_SWAP/RATE/EUR/2D/1M/7Y,,double,0.99532771
yieldCurve,EUR1M,mdQuote,2023-02-09,IR_SWAP/RATE/EUR/2D/1M/7Y,,double,0.00066600
yieldCurve,EUR1M,calibrationError,2023-02-09,IR_SWAP/RATE/EUR/2D/1M/7Y,,double,0.00000000
yieldCurve,EUR1M,forwardRate,2023-02-09,IR_SWAP/RATE/EUR/2D/1M/7Y,,double,0.01136509
yieldCurve,EUR1M,time,2024-02-09,IR_SWAP/RATE/EUR/2D/1M/8Y,,double,8.01643836
yieldCurve,EUR1M,zeroRate,2024-02-09,IR_SWAP/RATE/EUR/2D/1M/8Y,,double,0.00202098
yieldCurve,EUR1M,discountFactor,2024-02-09,IR_SWAP/RATE/EUR/2D/1M/8Y,,double,0.98392945
yieldCurve,EUR1M,mdQuote,2024-02-09,IR_SWAP/RATE/EUR/2D/1M/8Y,,double,0.00200700
yieldCurve,EUR1M,calibrationError,2024-02-09,IR_SWAP/RATE/EUR/2D/1M/8Y,,double,0.00000000
yieldCurve,EUR1M,forwardRate,2024-02-09,IR_SWAP/RATE/EUR/2D/1M/8Y,,double,0.01084863
yieldCurve,EUR1M,time,2025-02-10,IR_SWAP/RATE/EUR/2D/1M/9Y,,double,9.02191781
yieldCurve,EUR1M,zeroRate,2025-02-10,IR_SWAP/RATE/EUR/2D/1M/9Y,,double,0.00302107
yieldCurve,EUR1M,discountFactor,2025-02-10,IR_SWAP/RATE/EUR/2D/1M/9Y,,double,0.97311226
yieldCurve,EUR1M,mdQuote,2025-02-10,IR_SWAP/RATE/EUR/2D/1M/9Y,,double,0.00299300
yieldCurve,EUR1M,calibrationError,2025-02-10,IR_SWAP/RATE/EUR/2D/1M/9Y,,double,0.00000000
yieldCurve,EUR1M,forwardRate,2025-02-10,IR_SWAP/RATE/EUR/2D/1M/9Y,,double,0.01413824
yieldCurve,EUR1M,time,2026-02-09,IR_SWAP/RATE/EUR/2D/1M/10Y,,double,10.01917808
yieldCurve,EUR1M,zeroRate,2026-02-09,IR_SWAP/RATE/EUR/2D/1M/10Y,,double,0.00414638
yieldCurve,EUR1M,discountFactor,2026-02-09,IR_SWAP/RATE/EUR/2D/1M/10Y,,double,0.95930780
yieldCurve,EUR1M,mdQuote,2026-02-09,IR_SWAP/RATE/EUR/2D/1M/10Y,,double,0.00409300
yieldCurve,EUR1M,calibrationError,2026-02-09,IR_SWAP/RATE/EUR/2D/1M/10Y,,double,0.00000000
yieldCurve,EUR1M,forwardRate,2026-02-09,IR_SWAP/RATE/EUR/2D/1M/10Y,,double,0.01456005
yieldCurve,EUR1M,time,2028-02-09,IR_SWAP/RATE/EUR/2D/1M/12Y,,double,12.01917808
yieldCurve,EUR1M,zeroRate,2028-02-09,IR_SWAP/RATE/EUR/2D/1M/12Y,,double,0.00591148
yieldCurve,EUR1M,discountFactor,2028-02-09,IR_SWAP/RATE/EUR/2D/1M/12Y,,double,0.93141426
yieldCurve,EUR1M,mdQuote,2028-02-09,IR_SWAP/RATE/EUR/2D/1M/12Y,,double,0.00580300
yieldCurve,EUR1M,calibrationError,2028-02-09,IR_SWAP/RATE/EUR/2D/1M/12Y,,double,0.00000000
yieldCurve,EUR1M,forwardRate,2028-02-09,IR_SWAP/RATE/EUR/2D/1M/12Y,,double,0.01517510
yieldCurve,EUR1M,time,2031-02-10,IR_SWAP/RATE/EUR/2D/1M/15Y,,double,15.02465753
yieldCurve,EUR1M,zeroRate,2031-02-10,IR_SWAP/RATE/EUR/2D/1M/15Y,,double,0.00780469
yieldCurve,EUR1M,discountFactor,2031-02-10,IR_SWAP/RATE/EUR/2D/1M/15Y,,double,0.88935138
yieldCurve,EUR1M,mdQuote,2031-02-10,IR_SWAP/RATE/EUR/2D/1M/15Y,,double,0.00761500
yieldCurve,EUR1M,calibrationError,2031-02-10,IR_SWAP/RATE/EUR/2D/1M/15Y,,double,-0.00000000
yieldCurve,EUR1M,forwardRate,2031-02-10,IR_SWAP/RATE/EUR/2D/1M/15Y,,double,0.01454871
yieldCurve,EUR1M,time,2036-02-11,IR_SWAP/RATE/EUR/2D/1M/20Y,,double,20.03013699
yieldCurve,EUR1M,zeroRate,2036-02-11,IR_SWAP/RATE/EUR/2D/1M/20Y,,double,0.00953842
yieldCurve,EUR1M,discountFactor,2036-02-11,IR_SWAP/RATE/EUR/2D/1M/20Y,,double,0.82608646
yieldCurve,EUR1M,mdQuote,2036-02-11,IR_SWAP/RATE/EUR/2D/1M/20Y,,double,0.00925800
yieldCurve,EUR1M,calibrationError,2036-02-11,IR_SWAP/RATE/EUR/2D/1M/20Y,,double,-0.00000000
yieldCurve,EUR1M,forwardRate,2036-02-11,IR_SWAP/RATE/EUR/2D/1M/20Y,,double,0.01241831
yieldCurve,EUR1M,time,2041-02-11,IR_SWAP/RATE/EUR/2D/1M/25Y,,double,25.03561644
yieldCurve,EUR1M,zeroRate,2041-02-11,IR_SWAP/RATE/EUR/2D/1M/25Y,,double,0.01014743
yieldCurve,EUR1M,discountFactor,2041-02-11,IR_SWAP/RATE/EUR/2D/1M/25Y,,double,0.77565514
yieldCurve,EUR1M,mdQuote,2041-02-11,IR_SWAP/RATE/EUR/2D/1M/25Y,,double,0.00985700
yieldCurve,EUR1M,calibrationError,2041-02-11,IR_SWAP/RATE/EUR/2D/1M/25Y,,double,-0.00000000
yieldCurve,EUR1M,forwardRate,2041-02-11,IR_SWAP/RATE/EUR/2D/1M/25Y,,double,0.01084781
yieldCurve,EUR1M,time,2046-02-09,IR_SWAP/RATE/EUR/2D/1M/30Y,,double,30.03287671
yieldCurve,EUR1M,zeroRate,2046-02-09,IR_SWAP/RATE/EUR/2D/1M/30Y,,double,0.01028827
yieldCurve,EUR1M,discountFactor,2046-02-09,IR_SWAP/RATE/EUR/2D/1M/30Y,,double,0.73419079
yieldCurve,EUR1M,mdQuote,2046-02-09,IR_SWAP/RATE/EUR/2D/1M/30Y,,double,0.01002800
yieldCurve,EUR1M,calibrationError,2046-02-09,IR_SWAP/RATE/EUR/2D/1M/30Y,,double,0.00000000
yieldCurve,EUR1M,forwardRate,2046-02-09,IR_SWAP/RATE/EUR/2D/1M/30Y,,double,0.01084781
yieldCurve,EUR3M,dayCounter,,,,string,Actual/365 (Fixed)
yieldCurve,EUR3M,currency,,,,string,EUR
yieldCurve,EUR3M,time,2016-02-16,MM/RATE/EUR/2D/1W,,double,0.03013699
yieldCurve,EUR3M,zeroRate,2016-02-16,MM/RATE/EUR/2D/1W,,double,-0.00056373
yieldCurve,EUR3M,discountFactor,2016-02-16,MM/RATE/EUR/2D/1W,,double,1.00001699
yieldCurve,EUR3M,mdQuote,2016-02-16,MM/RATE/EUR/2D/1W,,double,-0.00055600
yieldCurve,EUR3M,calibrationError,2016-02-16,MM/RATE/EUR/2D/1W,,double,-0.00000000
yieldCurve,EUR3M,forwardRate,2016-02-16,MM/RATE/EUR/2D/1W,,double,-0.00043984
yieldCurve,EUR3M,time,2016-03-09,MM/RATE/EUR/2D/1M,,double,0.09041096
yieldCurve,EUR3M,zeroRate,2016-03-09,MM/RATE/EUR/2D/1M,,double,-0.00038642
yieldCurve,EUR3M,discountFactor,2016-03-09,MM/RATE/EUR/2D/1M,,double,1.00003494
yieldCurve,EUR3M,mdQuote,2016-03-09,MM/RATE/EUR/2D/1M,,double,-0.00035700
yieldCurve,EUR3M,calibrationError,2016-03-09,MM/RATE/EUR/2D/1M,,double,0.00000000
yieldCurve,EUR3M,forwardRate,2016-03-09,MM/RATE/EUR/2D/1M,,double,-0.00125827
yieldCurve,EUR3M,time,2016-04-11,MM/RATE/EUR/2D/2M,,double,0.18082192
yieldCurve,EUR3M,zeroRate,2016-04-11,MM/RATE/EUR/2D/2M,,double,-0.00024847
yieldCurve,EUR3M,discountFactor,2016-04-11,MM/RATE/EUR/2D/2M,,double,1.00004493
yieldCurve,EUR3M,mdQuote,2016-04-11,MM/RATE/EUR/2D/2M,,double,-0.00022500
yieldCurve,EUR3M,calibrationError,2016-04-11,MM/RATE/EUR/2D/2M,,double,0.00000000
yieldCurve,EUR3M,forwardRate,2016-04-11,MM/RATE/EUR/2D/2M,,double,-0.00159385
yieldCurve,EUR3M,time,2016-05-09,MM/RATE/EUR/2D/3M,,double,0.25753425
yieldCurve,EUR3M,zeroRate,2016-05-09,MM/RATE/EUR/2D/3M,,double,-0.00014339
yieldCurve,EUR3M,discountFactor,2016-05-09,MM/RATE/EUR/2D/3M,,double,1.00003693
yieldCurve,EUR3M,mdQuote,2016-05-09,MM/RATE/EUR/2D/3M,,double,-0.00012300
yieldCurve,EUR3M,calibrationError,2016-05-09,MM/RATE/EUR/2D/3M,,double,-0.00000000
yieldCurve,EUR3M,forwardRate,2016-05-09,MM/RATE/EUR/2D/3M,,double,-0.00175887
yieldCurve,EUR3M,time,2016-06-09,FRA/RATE/EUR/1M/3M,,double,0.34246575
yieldCurve,EUR3M,zeroRate,2016-06-09,FRA/RATE/EUR/1M/3M,,double,-0.00102972
yieldCurve,EUR3M,discountFactor,2016-06-09,FRA/RATE/EUR/1M/3M,,double,1.00035270
yieldCurve,EUR3M,mdQuote,2016-06-09,FRA/RATE/EUR/1M/3M,,double,-0.00124300
yieldCurve,EUR3M,calibrationError,2016-06-09,FRA/RATE/EUR/1M/3M,,double,-0.00000000
yieldCurve,EUR3M,forwardRate,2016-06-09,FRA/RATE/EUR/1M/3M,,double,-0.00194175
yieldCurve,EUR3M,time,2016-07-11,FRA/RATE/EUR/2M/3M,,double,0.43013699
yieldCurve,EUR3M,zeroRate,2016-07-11,FRA/RATE/EUR/2M/3M,,double,-0.00103374
yieldCurve,EUR3M,discountFactor,2016-07-11,FRA/RATE/EUR/2M/3M,,double,1.00044475
yieldCurve,EUR3M,mdQuote,2016-07-11,FRA/RATE/EUR/2M/3M,,double,-0.00158100
yieldCurve,EUR3M,calibrationError,2016-07-11,FRA/RATE/EUR/2M/3M,,double,-0.00000000
yieldCurve,EUR3M,forwardRate,2016-07-11,FRA/RATE/EUR/2M/3M,,double,-0.00201114
yieldCurve,EUR3M,time,2016-08-09,FRA/RATE/EUR/3M/3M,,double,0.50958904
yieldCurve,EUR3M,zeroRate,2016-08-09,FRA/RATE/EUR/3M/3M,,double,-0.00094877
yieldCurve,EUR3M,discountFactor,2016-08-09,FRA/RATE/EUR/3M/3M,,double,1.00048360
yieldCurve,EUR3M,mdQuote,2016-08-09,FRA/RATE/EUR/3M/3M,,double,-0.00174700
yieldCurve,EUR3M,calibrationError,2016-08-09,FRA/RATE/EUR/3M/3M,,double,0.00000000
yieldCurve,EUR3M,forwardRate,2016-08-09,FRA/RATE/EUR/3M/3M,,double,-0.00188909
yieldCurve,EUR3M,time,2016-09-09,FRA/RATE/EUR/4M/3M,,double,0.59452055
yieldCurve,EUR3M,zeroRate,2016-09-09,FRA/RATE/EUR/4M/3M,,double,-0.00142340
yieldCurve,EUR3M,discountFactor,2016-09-09,FRA/RATE/EUR/4M/3M,,double,1.00084660
yieldCurve,EUR3M,mdQuote,2016-09-09,FRA/RATE/EUR/4M/3M,,double,-0.00193100
yieldCurve,EUR3M,calibrationError,2016-09-09,FRA/RATE/EUR/4M/3M,,double,-0.00000000
yieldCurve,EUR3M,forwardRate,2016-09-09,FRA/RATE/EUR/4M/3M,,double,-0.00129808
yieldCurve,EUR3M,time,2016-10-11,FRA/RATE/EUR/5M/3M,,double,0.68219178
yieldCurve,EUR3M,zeroRate,2016-10-11,FRA/RATE/EUR/5M/3M,,double,-0.00140758
yieldCurve,EUR3M,discountFactor,2016-10-11,FRA/RATE/EUR/5M/3M,,double,1.00096070
yieldCurve,EUR3M,mdQuote,2016-10-11,FRA/RATE/EUR/5M/3M,,double,-0.00201700
yieldCurve,EUR3M,calibrationError,2016-10-11,FRA/RATE/EUR/5M/3M,,double,0.00000000
yieldCurve,EUR3M,forwardRate,2016-10-11,FRA/RATE/EUR/5M/3M,,double,-0.00164290
yieldCurve,EUR3M,time,2016-11-09,FRA/RATE/EUR/6M/3M,,double,0.76164384
yieldCurve,EUR3M,zeroRate,2016-11-09,FRA/RATE/EUR/6M/3M,,double,-0.00128320
yieldCurve,EUR3M,discountFactor,2016-11-09,FRA/RATE/EUR/6M/3M,,double,1.00097782
yieldCurve,EUR3M,mdQuote,2016-11-09,FRA/RATE/EUR/6M/3M,,double,-0.00193200
yieldCurve,EUR3M,calibrationError,2016-11-09,FRA/RATE/EUR/6M/3M,,double,0.00000000
yieldCurve,EUR3M,forwardRate,2016-11-09,FRA/RATE/EUR/6M/3M,,double,-0.00223124
yieldCurve,EUR3M,time,2017-02-09,FRA/RATE/EUR/9M/3M,,double,1.01369863
yieldCurve,EUR3M,zeroRate,2017-02-09,FRA/RATE/EUR/9M/3M,,double,-0.00152825
yieldCurve,EUR3M,discountFactor,2017-02-09,FRA/RATE/EUR/9M/3M,,double,1.00155038
yieldCurve,EUR3M,mdQuote,2017-02-09,FRA/RATE/EUR/9M/3M,,double,-0.00223700
yieldCurve,EUR3M,calibrationError,2017-02-09,FRA/RATE/EUR/9M/3M,,double,-0.00000000
yieldCurve,EUR3M,forwardRate,2017-02-09,FRA/RATE/EUR/9M/3M,,double,-0.00209731
yieldCurve,EUR3M,time,2017-05-09,FRA/RATE/EUR/1Y/3M,,double,1.25753425
yieldCurve,EUR3M,zeroRate,2017-05-09,FRA/RATE/EUR/1Y/3M,,double,-0.00164526
yieldCurve,EUR3M,discountFactor,2017-05-09,FRA/RATE/EUR/1Y/3M,,double,1.00207112
yieldCurve,EUR3M,mdQuote,2017-05-09,FRA/RATE/EUR/1Y/3M,,double,-0.00210200
yieldCurve,EUR3M,calibrationError,2017-05-09,FRA/RATE/EUR/1Y/3M,,double,-0.00000000
yieldCurve,EUR3M,forwardRate,2017-05-09,FRA/RATE/EUR/1Y/3M,,double,-0.00203102
yieldCurve,EUR3M,time,2018-02-09,IR_SWAP/RATE/EUR/2D/3M/2Y,,double,2.01369863
yieldCurve,EUR3M,zeroRate,2018-02-09,IR_SWAP/RATE/EUR/2D/3M/2Y,,double,-0.00180091
yieldCurve,EUR3M,discountFactor,2018-02-09,IR_SWAP/RATE/EUR/2D/3M/2Y,,double,1.00363308
yieldCurve,EUR3M,mdQuote,2018-02-09,IR_SWAP/RATE/EUR/2D/3M/2Y,,double,-0.00180800
yieldCurve,EUR3M,calibrationError,2018-02-09,IR_SWAP/RATE/EUR/2D/3M/2Y,,double,-0.00000000
yieldCurve,EUR3M,forwardRate,2018-02-09,IR_SWAP/RATE/EUR/2D/3M/2Y,,double,-0.00078750
yieldCurve,EUR3M,time,2019-02-11,IR_SWAP/RATE/EUR/2D/3M/3Y,,double,3.01917808
yieldCurve,EUR3M,zeroRate,2019-02-11,IR_SWAP/RATE/EUR/2D/3M/3Y,,double,-0.00146708
yieldCurve,EUR3M,discountFactor,2019-02-11,IR_SWAP/RATE/EUR/2D/3M/3Y,,double,1.00443921
yieldCurve,EUR3M,mdQuote,2019-02-11,IR_SWAP/RATE/EUR/2D/3M/3Y,,double,-0.00146900
yieldCurve,EUR3M,calibrationError,2019-02-11,IR_SWAP/RATE/EUR/2D/3M/3Y,,double,0.00000000
yieldCurve,EUR3M,forwardRate,2019-02-11,IR_SWAP/RATE/EUR/2D/3M/3Y,,double,0.00126397
yieldCurve,EUR3M,time,2020-02-10,IR_SWAP/RATE/EUR/2D/3M/4Y,,double,4.01643836
yieldCurve,EUR3M,zeroRate,2020-02-10,IR_SWAP/RATE/EUR/2D/3M/4Y,,double,-0.00078467
yieldCurve,EUR3M,discountFactor,2020-02-10,IR_SWAP/RATE/EUR/2D/3M/4Y,,double,1.00315654
yieldCurve,EUR3M,mdQuote,2020-02-10,IR_SWAP/RATE/EUR/2D/3M/4Y,,double,-0.00078200
yieldCurve,EUR3M,calibrationError,2020-02-10,IR_SWAP/RATE/EUR/2D/3M/4Y,,double,0.00000000
yieldCurve,EUR3M,forwardRate,2020-02-10,IR_SWAP/RATE/EUR/2D/3M/4Y,,double,0.00358857
yieldCurve,EUR3M,time,2021-02-09,IR_SWAP/RATE/EUR/2D/3M/5Y,,double,5.01643836
yieldCurve,EUR3M,zeroRate,2021-02-09,IR_SWAP/RATE/EUR/2D/3M/5Y,,double,0.00009672
yieldCurve,EUR3M,discountFactor,2021-02-09,IR_SWAP/RATE/EUR/2D/3M/5Y,,double,0.99951491
yieldCurve,EUR3M,mdQuote,2021-02-09,IR_SWAP/RATE/EUR/2D/3M/5Y,,double,0.00010300
yieldCurve,EUR3M,calibrationError,2021-02-09,IR_SWAP/RATE/EUR/2D/3M/5Y,,double,0.00000000
yieldCurve,EUR3M,forwardRate,2021-02-09,IR_SWAP/RATE/EUR/2D/3M/5Y,,double,0.00620428
yieldCurve,EUR3M,time,2022-02-09,IR_SWAP/RATE/EUR/2D/3M/6Y,,double,6.01643836
yieldCurve,EUR3M,zeroRate,2022-02-09,IR_SWAP/RATE/EUR/2D/3M/6Y,,double,0.00112539
yieldCurve,EUR3M,discountFactor,2022-02-09,IR_SWAP/RATE/EUR/2D/3M/6Y,,double,0.99325203
yieldCurve,EUR3M,mdQuote,2022-02-09,IR_SWAP/RATE/EUR/2D/3M/6Y,,double,0.00113300
yieldCurve,EUR3M,calibrationError,2022-02-09,IR_SWAP/RATE/EUR/2D/3M/6Y,,double,0.00000000
yieldCurve,EUR3M,forwardRate,2022-02-09,IR_SWAP/RATE/EUR/2D/3M/6Y,,double,0.00875681
yieldCurve,EUR3M,time,2023-02-09,IR_SWAP/RATE/EUR/2D/3M/7Y,,double,7.01643836
yieldCurve,EUR3M,zeroRate,2023-02-09,IR_SWAP/RATE/EUR/2D/3M/7Y,,double,0.00222900
yieldCurve,EUR3M,discountFactor,2023-02-09,IR_SWAP/RATE/EUR/2D/3M/7Y,,double,0.98448199
yieldCurve,EUR3M,mdQuote,2023-02-09,IR_SWAP/RATE/EUR/2D/3M/7Y,,double,0.00223300
yieldCurve,EUR3M,calibrationError,2023-02-09,IR_SWAP/RATE/EUR/2D/3M/7Y,,double,0.00000000
yieldCurve,EUR3M,forwardRate,2023-02-09,IR_SWAP/RATE/EUR/2D/3M/7Y,,double,0.01308259
yieldCurve,EUR3M,time,2024-02-09,IR_SWAP/RATE/EUR/2D/3M/8Y,,double,8.01643836
yieldCurve,EUR3M,zeroRate,2024-02-09,IR_SWAP/RATE/EUR/2D/3M/8Y,,double,0.00360286
yieldCurve,EUR3M,discountFactor,2024-02-09,IR_SWAP/RATE/EUR/2D/3M/8Y,,double,0.97153101
yieldCurve,EUR3M,mdQuote,2024-02-09,IR_SWAP/RATE/EUR/2D/3M/8Y,,double,0.00359500
yieldCurve,EUR3M,calibrationError,2024-02-09,IR_SWAP/RATE/EUR/2D/3M/8Y,,double,-0.00000000
yieldCurve,EUR3M,forwardRate,2024-02-09,IR_SWAP/RATE/EUR/2D/3M/8Y,,double,0.01218893
yieldCurve,EUR3M,time,2025-02-10,IR_SWAP/RATE/EUR/2D/3M/9Y,,double,9.02191781
yieldCurve,EUR3M,zeroRate,2025-02-10,IR_SWAP/RATE/EUR/2D/3M/9Y,,double,0.00457654
yieldCurve,EUR3M,discountFactor,2025-02-10,IR_SWAP/RATE/EUR/2D/3M/9Y,,double,0.95955166
yieldCurve,EUR3M,mdQuote,2025-02-10,IR_SWAP/RATE/EUR/2D/3M/9Y,,double,0.00455600
yieldCurve,EUR3M,calibrationError,2025-02-10,IR_SWAP/RATE/EUR/2D/3M/9Y,,double,0.00000000
yieldCurve,EUR3M,forwardRate,2025-02-10,IR_SWAP/RATE/EUR/2D/3M/9Y,,double,0.01607585
yieldCurve,EUR3M,time,2026-02-09,IR_SWAP/RATE/EUR/2D/3M/10Y,,double,10.01917808
yieldCurve,EUR3M,zeroRate,2026-02-09,IR_SWAP/RATE/EUR/2D/3M/10Y,,double,0.00574013
yieldCurve,EUR3M,discountFactor,2026-02-09,IR_SWAP/RATE/EUR/2D/3M/10Y,,double,0.94411115
yieldCurve,EUR3M,mdQuote,2026-02-09,IR_SWAP/RATE/EUR/2D/3M/10Y,,double,0.00569400
yieldCurve,EUR3M,calibrationError,2026-02-09,IR_SWAP/RATE/EUR/2D/3M/10Y,,double,-0.00000000
yieldCurve,EUR3M,forwardRate,2026-02-09,IR_SWAP/RATE/EUR/2D/3M/10Y,,double,0.01607385
yieldCurve,EUR3M,time,2028-02-09,IR_SWAP/RATE/EUR/2D/3M/12Y,,double,12.01917808
yieldCurve,EUR3M,zeroRate,2028-02-09,IR_SWAP/RATE/EUR/2D/3M/12Y,,double,0.00749144
yieldCurve,EUR3M,discountFactor,2028-02-09,IR_SWAP/RATE/EUR/2D/3M/12Y,,double,0.91389373
yieldCurve,EUR3M,mdQuote,2028-02-09,IR_SWAP/RATE/EUR/2D/3M/12Y,,double,0.00739200
yieldCurve,EUR3M,calibrationError,2028-02-09,IR_SWAP/RATE/EUR/2D/3M/12Y,,double,0.00000000
yieldCurve,EUR3M,forwardRate,2028-02-09,IR_SWAP/RATE/EUR/2D/3M/12Y,,double,0.01680841
yieldCurve,EUR3M,time,2031-02-10,IR_SWAP/RATE/EUR/2D/3M/15Y,,double,15.02465753
yieldCurve,EUR3M,zeroRate,2031-02-10,IR_SWAP/RATE/EUR/2D/3M/15Y,,double,0.00939473
yieldCurve,EUR3M,discountFactor,2031-02-10,IR_SWAP/RATE/EUR/2D/3M/15Y,,double,0.86835675
yieldCurve,EUR3M,mdQuote,2031-02-10,IR_SWAP/RATE/EUR/2D/3M/15Y,,double,0.00921500
yieldCurve,EUR3M,calibrationError,2031-02-10,IR_SWAP/RATE/EUR/2D/3M/15Y,,double,-0.00000000
yieldCurve,EUR3M,forwardRate,2031-02-10,IR_SWAP/RATE/EUR/2D/3M/15Y,,double,0.01416860
yieldCurve,EUR3M,time,2036-02-11,IR_SWAP/RATE/EUR/2D/3M/20Y,,double,20.03013699
yieldCurve,EUR3M,zeroRate,2036-02-11,IR_SWAP/RATE/EUR/2D/3M/20Y,,double,0.01063061
yieldCurve,EUR3M,discountFactor,2036-02-11,IR_SWAP/RATE/EUR/2D/3M/20Y,,double,0.80821059
yieldCurve,EUR3M,mdQuote,2036-02-11,IR_SWAP/RATE/EUR/2D/3M/20Y,,double,0.01040300
yieldCurve,EUR3M,calibrationError,2036-02-11,IR_SWAP/RATE/EUR/2D/3M/20Y,,double,0.00000000
yieldCurve,EUR3M,forwardRate,2036-02-11,IR_SWAP/RATE/EUR/2D/3M/20Y,,double,0.01332435
yieldCurve,EUR3M,time,2041-02-11,IR_SWAP/RATE/EUR/2D/3M/25Y,,double,25.03561644
yieldCurve,EUR3M,zeroRate,2041-02-11,IR_SWAP/RATE/EUR/2D/3M/25Y,,double,0.01120170
yieldCurve,EUR3M,discountFactor,2041-02-11,IR_SWAP/RATE/EUR/2D/3M/25Y,,double,0.75545026
yieldCurve,EUR3M,mdQuote,2041-02-11,IR_SWAP/RATE/EUR/2D/3M/25Y,,double,0.01096100
yieldCurve,EUR3M,calibrationError,2041-02-11,IR_SWAP/RATE/EUR/2D/3M/25Y,,double,-0.00000000
yieldCurve,EUR3M,forwardRate,2041-02-11,IR_SWAP/RATE/EUR/2D/3M/25Y,,double,0.01034931
yieldCurve,EUR3M,time,2056-02-09,IR_SWAP/RATE/EUR/2D/3M/40Y,,double,40.03835616
yieldCurve,EUR3M,zeroRate,2056-02-09,IR_SWAP/RATE/EUR/2D/3M/40Y,,double,0.01093114
yieldCurve,EUR3M,discountFactor,2056-02-09,IR_SWAP/RATE/EUR/2D/3M/40Y,,double,0.64554217
yieldCurve,EUR3M,mdQuote,2056-02-09,IR_SWAP/RATE/EUR/2D/3M/40Y,,double,0.01082800
yieldCurve,EUR3M,calibrationError,2056-02-09,IR_SWAP/RATE/EUR/2D/3M/40Y,,double,-0.00000000
yieldCurve,EUR3M,forwardRate,2056-02-09,IR_SWAP/RATE/EUR/2D/3M/40Y,,double,0.00717744
yieldCurve,EUR3M,time,2066-02-09,IR_SWAP/RATE/EUR/2D/3M/50Y,,double,50.04657534
yieldCurve,EUR3M,zeroRate,2066-02-09,IR_SWAP/RATE/EUR/2D/3M/50Y,,double,0.01019911
yieldCurve,EUR3M,discountFactor,2066-02-09,IR_SWAP/RATE/EUR/2D/3M/50Y,,double,0.60023707
yieldCurve,EUR3M,mdQuote,2066-02-09,IR_SWAP/RATE/EUR/2D/3M/50Y,,double,0.01028100
yieldCurve,EUR3M,calibrationError,2066-02-09,IR_SWAP/RATE/EUR/2D/3M/50Y,,double,0.00000000
yieldCurve,EUR3M,forwardRate,2066-02-09,IR_SWAP/RATE/EUR/2D/3M/50Y,,double,0.00717737
yieldCurve,EUR6M,dayCounter,,,,string,Actual/365 (Fixed)
yieldCurve,EUR6M,currency,,,,string,EUR
yieldCurve,EUR6M,time,2016-08-09,MM/RATE/EUR/2D/6M,,double,0.50958904
yieldCurve,EUR6M,zeroRate,2016-08-09,MM/RATE/EUR/2D/6M,,double,0.00024940
yieldCurve,EUR6M,discountFactor,2016-08-09,MM/RATE/EUR/2D/6M,,double,0.99987292
yieldCurve,EUR6M,mdQuote,2016-08-09,MM/RATE/EUR/2D/6M,,double,0.00024600
yieldCurve,EUR6M,calibrationError,2016-08-09,MM/RATE/EUR/2D/6M,,double,0.00000000
yieldCurve,EUR6M,forwardRate,2016-08-09,MM/RATE/EUR/2D/6M,,double,-0.00069240
yieldCurve,EUR6M,time,2018-02-09,IR_SWAP/RATE/EUR/2D/6M/2Y,,double,2.01369863
yieldCurve,EUR6M,zeroRate,2018-02-09,IR_SWAP/RATE/EUR/2D/6M/2Y,,double,-0.00046134
yieldCurve,EUR6M,discountFactor,2018-02-09,IR_SWAP/RATE/EUR/2D/6M/2Y,,double,1.00092944
yieldCurve,EUR6M,mdQuote,2018-02-09,IR_SWAP/RATE/EUR/2D/6M/2Y,,double,-0.00046600
yieldCurve,EUR6M,calibrationError,2018-02-09,IR_SWAP/RATE/EUR/2D/6M/2Y,,double,0.00000000
yieldCurve,EUR6M,forwardRate,2018-02-09,IR_SWAP/RATE/EUR/2D/6M/2Y,,double,0.00045194
yieldCurve,EUR6M,time,2019-02-11,IR_SWAP/RATE/EUR/2D/6M/3Y,,double,3.01917808
yieldCurve,EUR6M,zeroRate,2019-02-11,IR_SWAP/RATE/EUR/2D/6M/3Y,,double,-0.00015512
yieldCurve,EUR6M,discountFactor,2019-02-11,IR_SWAP/RATE/EUR/2D/6M/3Y,,double,1.00046844
yieldCurve,EUR6M,mdQuote,2019-02-11,IR_SWAP/RATE/EUR/2D/6M/3Y,,double,-0.00015600
yieldCurve,EUR6M,calibrationError,2019-02-11,IR_SWAP/RATE/EUR/2D/6M/3Y,,double,-0.00000000
yieldCurve,EUR6M,forwardRate,2019-02-11,IR_SWAP/RATE/EUR/2D/6M/3Y,,double,0.00294998
yieldCurve,EUR6M,time,2020-02-10,IR_SWAP/RATE/EUR/2D/6M/4Y,,double,4.01643836
yieldCurve,EUR6M,zeroRate,2020-02-10,IR_SWAP/RATE/EUR/2D/6M/4Y,,double,0.00062548
yieldCurve,EUR6M,discountFactor,2020-02-10,IR_SWAP/RATE/EUR/2D/6M/4Y,,double,0.99749094
yieldCurve,EUR6M,mdQuote,2020-02-10,IR_SWAP/RATE/EUR/2D/6M/4Y,,double,0.00063000
yieldCurve,EUR6M,calibrationError,2020-02-10,IR_SWAP/RATE/EUR/2D/6M/4Y,,double,0.00000000
yieldCurve,EUR6M,forwardRate,2020-02-10,IR_SWAP/RATE/EUR/2D/6M/4Y,,double,0.00501196
yieldCurve,EUR6M,time,2021-02-09,IR_SWAP/RATE/EUR/2D/6M/5Y,,double,5.01643836
yieldCurve,EUR6M,zeroRate,2021-02-09,IR_SWAP/RATE/EUR/2D/6M/5Y,,double,0.00151250
yieldCurve,EUR6M,discountFactor,2021-02-09,IR_SWAP/RATE/EUR/2D/6M/5Y,,double,0.99244135
yieldCurve,EUR6M,mdQuote,2021-02-09,IR_SWAP/RATE/EUR/2D/6M/5Y,,double,0.00152200
yieldCurve,EUR6M,calibrationError,2021-02-09,IR_SWAP/RATE/EUR/2D/6M/5Y,,double,0.00000000
yieldCurve,EUR6M,forwardRate,2021-02-09,IR_SWAP/RATE/EUR/2D/6M/5Y,,double,0.00900777
yieldCurve,EUR6M,time,2023-02-09,IR_SWAP/RATE/EUR/2D/6M/7Y,,double,7.01643836
yieldCurve,EUR6M,zeroRate,2023-02-09,IR_SWAP/RATE/EUR/2D/6M/7Y,,double,0.00367877
yieldCurve,EUR6M,discountFactor,2023-02-09,IR_SWAP/RATE/EUR/2D/6M/7Y,,double,0.97451839
yieldCurve,EUR6M,mdQuote,2023-02-09,IR_SWAP/RATE/EUR/2D/6M/7Y,,double,0.00368900
yieldCurve,EUR6M,calibrationError,2023-02-09,IR_SWAP/RATE/EUR/2D/6M/7Y,,double,-0.00000000
yieldCurve,EUR6M,forwardRate,2023-02-09,IR_SWAP/RATE/EUR/2D/6M/7Y,,double,0.01453952
yieldCurve,EUR6M,time,2026-02-09,IR_SWAP/RATE/EUR/2D/6M/10Y,,double,10.01917808
yieldCurve,EUR6M,zeroRate,2026-02-09,IR_SWAP/RATE/EUR/2D/6M/10Y,,double,0.00697809
yieldCurve,EUR6M,discountFactor,2026-02-09,IR_SWAP/RATE/EUR/2D/6M/10Y,,double,0.93247332
yieldCurve,EUR6M,mdQuote,2026-02-09,IR_SWAP/RATE/EUR/2D/6M/10Y,,double,0.00694800
yieldCurve,EUR6M,calibrationError,2026-02-09,IR_SWAP/RATE/EUR/2D/6M/10Y,,double,-0.00000000
yieldCurve,EUR6M,forwardRate,2026-02-09,IR_SWAP/RATE/EUR/2D/6M/10Y,,double,0.01534284
yieldCurve,EUR6M,time,2028-02-09,IR_SWAP/RATE/EUR/2D/6M/12Y,,double,12.01917808
yieldCurve,EUR6M,zeroRate,2028-02-09,IR_SWAP/RATE/EUR/2D/6M/12Y,,double,0.00839552
yieldCurve,EUR6M,discountFactor,2028-02-09,IR_SWAP/RATE/EUR/2D/6M/12Y,,double,0.90401690
yieldCurve,EUR6M,mdQuote,2028-02-09,IR_SWAP/RATE/EUR/2D/6M/12Y,,double,0.00832400
yieldCurve,EUR6M,calibrationError,2028-02-09,IR_SWAP/RATE/EUR/2D/6M/12Y,,double,0.00000000
yieldCurve,EUR6M,forwardRate,2028-02-09,IR_SWAP/RATE/EUR/2D/6M/12Y,,double,0.01676750
yieldCurve,EUR6M,time,2031-02-10,IR_SWAP/RATE/EUR/2D/6M/15Y,,double,15.02465753
yieldCurve,EUR6M,zeroRate,2031-02-10,IR_SWAP/RATE/EUR/2D/6M/15Y,,double,0.01010247
yieldCurve,EUR6M,discountFactor,2031-02-10,IR_SWAP/RATE/EUR/2D/6M/15Y,,double,0.85917197
yieldCurve,EUR6M,mdQuote,2031-02-10,IR_SWAP/RATE/EUR/2D/6M/15Y,,double,0.00995900
yieldCurve,EUR6M,calibrationError,2031-02-10,IR_SWAP/RATE/EUR/2D/6M/15Y,,double,0.00000000
yieldCurve,EUR6M,forwardRate,2031-02-10,IR_SWAP/RATE/EUR/2D/6M/15Y,,double,0.01534469
yieldCurve,EUR6M,time,2036-02-11,IR_SWAP/RATE/EUR/2D/6M/20Y,,double,20.03013699
yieldCurve,EUR6M,zeroRate,2036-02-11,IR_SWAP/RATE/EUR/2D/6M/20Y,,double,0.01145083
yieldCurve,EUR6M,discountFactor,2036-02-11,IR_SWAP/RATE/EUR/2D/6M/20Y,,double,0.79504100
yieldCurve,EUR6M,mdQuote,2036-02-11,IR_SWAP/RATE/EUR/2D/6M/20Y,,double,0.01124400
yieldCurve,EUR6M,calibrationError,2036-02-11,IR_SWAP/RATE/EUR/2D/6M/20Y,,double,-0.00000000
yieldCurve,EUR6M,forwardRate,2036-02-11,IR_SWAP/RATE/EUR/2D/6M/20Y,,double,0.01304452
yieldCurve,EUR6M,time,2041-02-11,IR_SWAP/RATE/EUR/2D/6M/25Y,,double,25.03561644
yieldCurve,EUR6M,zeroRate,2041-02-11,IR_SWAP/RATE/EUR/2D/6M/25Y,,double,0.01179700
yieldCurve,EUR6M,discountFactor,2041-02-11,IR_SWAP/RATE/EUR/2D/6M/25Y,,double,0.74427461
yieldCurve,EUR6M,mdQuote,2041-02-11,IR_SWAP/RATE/EUR/2D/6M/25Y,,double,0.01160100
yieldCurve,EUR6M,calibrationError,2041-02-11,IR_SWAP/RATE/EUR/2D/6M/25Y,,double,0.00000000
yieldCurve,EUR6M,forwardRate,2041-02-11,IR_SWAP/RATE/EUR/2D/6M/25Y,,double,0.01103539
yieldCurve,EUR6M,time,2046-02-09,IR_SWAP/RATE/EUR/2D/6M/30Y,,double,30.03287671
yieldCurve,EUR6M,zeroRate,2046-02-09,IR_SWAP/RATE/EUR/2D/6M/30Y,,double,0.01169063
yieldCurve,EUR6M,discountFactor,2046-02-09,IR_SWAP/RATE/EUR/2D/6M/30Y,,double,0.70391101
yieldCurve,EUR6M,mdQuote,2046-02-09,IR_SWAP/RATE/EUR/2D/6M/30Y,,double,0.01154800
yieldCurve,EUR6M,calibrationError,2046-02-09,IR_SWAP/RATE/EUR/2D/6M/30Y,,double,-0.00000000
yieldCurve,EUR6M,forwardRate,2046-02-09,IR_SWAP/RATE/EUR/2D/6M/30Y,,double,0.01071370
yieldCurve,EUR6M,time,2056-02-09,IR_SWAP/RATE/EUR/2D/6M/40Y,,double,40.03835616
yieldCurve,EUR6M,zeroRate,2056-02-09,IR_SWAP/RATE/EUR/2D/6M/40Y,,double,0.01147640
yieldCurve,EUR6M,discountFactor,2056-02-09,IR_SWAP/RATE/EUR/2D/6M/40Y,,double,0.63160177
yieldCurve,EUR6M,mdQuote,2056-02-09,IR_SWAP/RATE/EUR/2D/6M/40Y,,double,0.01141400
yieldCurve,EUR6M,calibrationError,2056-02-09,IR_SWAP/RATE/EUR/2D/6M/40Y,,double,0.00000000
yieldCurve,EUR6M,forwardRate,2056-02-09,IR_SWAP/RATE/EUR/2D/6M/40Y,,double,0.00759951
yieldCurve,EUR6M,time,2066-02-09,IR_SWAP/RATE/EUR/2D/6M/50Y,,double,50.04657534
yieldCurve,EUR6M,zeroRate,2066-02-09,IR_SWAP/RATE/EUR/2D/6M/50Y,,double,0.01071926
yieldCurve,EUR6M,discountFactor,2066-02-09,IR_SWAP/RATE/EUR/2D/6M/50Y,,double,0.58481345
yieldCurve,EUR6M,mdQuote,2066-02-09,IR_SWAP/RATE/EUR/2D/6M/50Y,,double,0.01084100
yieldCurve,EUR6M,calibrationError,2066-02-09,IR_SWAP/RATE/EUR/2D/6M/50Y,,double,0.00000000
yieldCurve,EUR6M,forwardRate,2066-02-09,IR_SWAP/RATE/EUR/2D/6M/50Y,,double,0.00759943
yieldCurve,GBP3M,dayCounter,,,,string,Actual/365 (Fixed)
yieldCurve,GBP3M,currency,,,,string,GBP
yieldCurve,GBP3M,time,2016-02-12,MM/RATE/GBP/0D/1W,,double,0.01917808
yieldCurve,GBP3M,zeroRate,2016-02-12,MM/RATE/GBP/0D/1W,,double,0.00598366
yieldCurve,GBP3M,discountFactor,2016-02-12,MM/RATE/GBP/0D/1W,,double,0.99988525
yieldCurve,GBP3M,mdQuote,2016-02-12,MM/RATE/GBP/0D/1W,,double,0.00598400
yieldCurve,GBP3M,calibrationError,2016-02-12,MM/RATE/GBP/0D/1W,,double,-0.00000000
yieldCurve,GBP3M,forwardRate,2016-02-12,MM/RATE/GBP/0D/1W,,double,0.00685388
yieldCurve,GBP3M,time,2016-03-07,MM/RATE/GBP/0D/1M,,double,0.08493151
yieldCurve,GBP3M,zeroRate,2016-03-07,MM/RATE/GBP/0D/1M,,double,0.00592951
yieldCurve,GBP3M,discountFactor,2016-03-07,MM/RATE/GBP/0D/1M,,double,0.99949652
yieldCurve,GBP3M,mdQuote,2016-03-07,MM/RATE/GBP/0D/1M,,double,0.00593100
yieldCurve,GBP3M,calibrationError,2016-03-07,MM/RATE/GBP/0D/1M,,double,0.00000000
yieldCurve,GBP3M,forwardRate,2016-03-07,MM/RATE/GBP/0D/1M,,double,0.00734360
yieldCurve,GBP3M,time,2016-04-05,MM/RATE/GBP/0D/2M,,double,0.16438356
yieldCurve,GBP3M,zeroRate,2016-04-05,MM/RATE/GBP/0D/2M,,double,0.00674026
yieldCurve,GBP3M,discountFactor,2016-04-05,MM/RATE/GBP/0D/2M,,double,0.99889262
yieldCurve,GBP3M,mdQuote,2016-04-05,MM/RATE/GBP/0D/2M,,double,0.00674400
yieldCurve,GBP3M,calibrationError,2016-04-05,MM/RATE/GBP/0D/2M,,double,0.00000000
yieldCurve,GBP3M,forwardRate,2016-04-05,MM/RATE/GBP/0D/2M,,double,0.00737384
yieldCurve,GBP3M,time,2016-05-05,MM/RATE/GBP/0D/3M,,double,0.24657534
yieldCurve,GBP3M,zeroRate,2016-05-05,MM/RATE/GBP/0D/3M,,double,0.00671344
yieldCurve,GBP3M,discountFactor,2016-05-05,MM/RATE/GBP/0D/3M,,double,0.99834600
yieldCurve,GBP3M,mdQuote,2016-05-05,MM/RATE/GBP/0D/3M,,double,0.00671900
yieldCurve,GBP3M,calibrationError,2016-05-05,MM/RATE/GBP/0D/3M,,double,-0.00000000
yieldCurve,GBP3M,forwardRate,2016-05-05,MM/RATE/GBP/0D/3M,,double,0.00772242
yieldCurve,GBP3M,time,2017-02-06,BASIS_SWAP/BASIS_SPREAD/6M/3M/GBP/1Y,,double,1.00547945
yieldCurve,GBP3M,zeroRate,2017-02-06,BASIS_SWAP/BASIS_SPREAD/6M/3M/GBP/1Y,,double,0.00746932
yieldCurve,GBP3M,discountFactor,2017-02-06,BASIS_SWAP/BASIS_SPREAD/6M/3M/GBP/1Y,,double,0.99251788
yieldCurve,GBP3M,mdQuote,2017-02-06,BASIS_SWAP/BASIS_SPREAD/6M/3M/GBP/1Y,,double,0.00108800
yieldCurve,GBP3M,calibrationError,2017-02-06,BASIS_SWAP/BASIS_SPREAD/6M/3M/GBP/1Y,,double,-0.00000000
yieldCurve,GBP3M,forwardRate,2017-02-06,BASIS_SWAP/BASIS_SPREAD/6M/3M/GBP/1Y,,double,0.00682468
yieldCurve,GBP3M,time,2018-02-05,BASIS_SWAP/BASIS_SPREAD/6M/3M/GBP/2Y,,double,2.00273973
yieldCurve,GBP3M,zeroRate,2018-02-05,BASIS_SWAP/BASIS_SPREAD/6M/3M/GBP/2Y,,double,0.00714543
yieldCurve,GBP3M,discountFactor,2018-02-05,BASIS_SWAP/BASIS_SPREAD/6M/3M/GBP/2Y,,double,0.98579146
yieldCurve,GBP3M,mdQuote,2018-02-05,BASIS_SWAP/BASIS_SPREAD/6M/3M/GBP/2Y,,double,0.00110900
yieldCurve,GBP3M,calibrationError,2018-02-05,BASIS_SWAP/BASIS_SPREAD/6M/3M/GBP/2Y,,double,0.00000000
yieldCurve,GBP3M,forwardRate,2018-02-05,BASIS_SWAP/BASIS_SPREAD/6M/3M/GBP/2Y,,double,0.00854160
yieldCurve,GBP3M,time,2019-02-05,BASIS_SWAP/BASIS_SPREAD/6M/3M/GBP/3Y,,double,3.00273973
yieldCurve,GBP3M,zeroRate,2019-02-05,BASIS_SWAP/BASIS_SPREAD/6M/3M/GBP/3Y,,double,0.00760734
yieldCurve,GBP3M,discountFactor,2019-02-05,BASIS_SWAP/BASIS_SPREAD/6M/3M/GBP/3Y,,double,0.97741606
yieldCurve,GBP3M,mdQuote,2019-02-05,BASIS_SWAP/BASIS_SPREAD/6M/3M/GBP/3Y,,double,0.00106800
yieldCurve,GBP3M,calibrationError,2019-02-05,BASIS_SWAP/BASIS_SPREAD/6M/3M/GBP/3Y,,double,-0.00000000
yieldCurve,GBP3M,forwardRate,2019-02-05,BASIS_SWAP/BASIS_SPREAD/6M/3M/GBP/3Y,,double,0.00993809
yieldCurve,GBP3M,time,2020-02-05,BASIS_SWAP/BASIS_SPREAD/6M/3M/GBP/4Y,,double,4.00273973
yieldCurve,GBP3M,zeroRate,2020-02-05,BASIS_SWAP/BASIS_SPREAD/6M/3M/GBP/4Y,,double,0.00818656
yieldCurve,GBP3M,discountFactor,2020-02-05,BASIS_SWAP/BASIS_SPREAD/6M/3M/GBP/4Y,,double,0.96776241
yieldCurve,GBP3M,mdQuote,2020-02-05,BASIS_SWAP/BASIS_SPREAD/6M/3M/GBP/4Y,,double,0.00112900
yieldCurve,GBP3M,calibrationError,2020-02-05,BASIS_SWAP/BASIS_SPREAD/6M/3M/GBP/4Y,,double,-0.00000000
yieldCurve,GBP3M,forwardRate,2020-02-05,BASIS_SWAP/BASIS_SPREAD/6M/3M/GBP/4Y,,double,0.01284567
yieldCurve,GBP3M,time,2021-02-05,BASIS_SWAP/BASIS_SPREAD/6M/3M/GBP/5Y,,double,5.00547945
yieldCurve,GBP3M,zeroRate,2021-02-05,BASIS_SWAP/BASIS_SPREAD/6M/3M/GBP/5Y,,double,0.00911584
yieldCurve,GBP3M,discountFactor,2021-02-05,BASIS_SWAP/BASIS_SPREAD/6M/3M/GBP/5Y,,double,0.95539619
yieldCurve,GBP3M,mdQuote,2021-02-05,BASIS_SWAP/BASIS_SPREAD/6M/3M/GBP/5Y,,double,0.00090600
yieldCurve,GBP3M,calibrationError,2021-02-05,BASIS_SWAP/BASIS_SPREAD/6M/3M/GBP/5Y,,double,-0.00000000
yieldCurve,GBP3M,forwardRate,2021-02-05,BASIS_SWAP/BASIS_SPREAD/6M/3M/GBP/5Y,,double,0.01549222
yieldCurve,GBP3M,time,2023-02-06,BASIS_SWAP/BASIS_SPREAD/6M/3M/GBP/7Y,,double,7.00821918
yieldCurve,GBP3M,zeroRate,2023-02-06,BASIS_SWAP/BASIS_SPREAD/6M/3M/GBP/7Y,,double,0.01092968
yieldCurve,GBP3M,discountFactor,2023-02-06,BASIS_SWAP/BASIS_SPREAD/6M/3M/GBP/7Y,,double,0.92626251
yieldCurve,GBP3M,mdQuote,2023-02-06,BASIS_SWAP/BASIS_SPREAD/6M/3M/GBP/7Y,,double,0.00106100
yieldCurve,GBP3M,calibrationError,2023-02-06,BASIS_SWAP/BASIS_SPREAD/6M/3M/GBP/7Y,,double,-0.00000000
yieldCurve,GBP3M,forwardRate,2023-02-06,BASIS_SWAP/BASIS_SPREAD/6M/3M/GBP/7Y,,double,0.02022671
yieldCurve,GBP3M,time,2026-02-05,BASIS_SWAP/BASIS_SPREAD/6M/3M/GBP/10Y,,double,10.00821918
yieldCurve,GBP3M,zeroRate,2026-02-05,BASIS_SWAP/BASIS_SPREAD/6M/3M/GBP/10Y,,double,0.01370110
yieldCurve,GBP3M,discountFactor,2026-02-05,BASIS_SWAP/BASIS_SPREAD/6M/3M/GBP/10Y,,double,0.87186248
yieldCurve,GBP3M,mdQuote,2026-02-05,BASIS_SWAP/BASIS_SPREAD/6M/3M/GBP/10Y,,double,0.00089300
yieldCurve,GBP3M,calibrationError,2026-02-05,BASIS_SWAP/BASIS_SPREAD/6M/3M/GBP/10Y,,double,-0.00000000
yieldCurve,GBP3M,forwardRate,2026-02-05,BASIS_SWAP/BASIS_SPREAD/6M/3M/GBP/10Y,,double,0.01954923
yieldCurve,GBP3M,time,2028-02-07,BASIS_SWAP/BASIS_SPREAD/6M/3M/GBP/12Y,,double,12.01369863
yieldCurve,GBP3M,zeroRate,2028-02-07,BASIS_SWAP/BASIS_SPREAD/6M/3M/GBP/12Y,,double,0.01466959
yieldCurve,GBP3M,discountFactor,2028-02-07,BASIS_SWAP/BASIS_SPREAD/6M/3M/GBP/12Y,,double,0.83842008
yieldCurve,GBP3M,mdQuote,2028-02-07,BASIS_SWAP/BASIS_SPREAD/6M/3M/GBP/12Y,,double,0.00093900
yieldCurve,GBP3M,calibrationError,2028-02-07,BASIS_SWAP/BASIS_SPREAD/6M/3M/GBP/12Y,,double,-0.00000000
yieldCurve,GBP3M,forwardRate,2028-02-07,BASIS_SWAP/BASIS_SPREAD/6M/3M/GBP/12Y,,double,0.02070088
yieldCurve,GBP3M,time,2031-02-05,BASIS_SWAP/BASIS_SPREAD/6M/3M/GBP/15Y,,double,15.01095890
yieldCurve,GBP3M,zeroRate,2031-02-05,BASIS_SWAP/BASIS_SPREAD/6M/3M/GBP/15Y,,double,0.01586324
yieldCurve,GBP3M,discountFactor,2031-02-05,BASIS_SWAP/BASIS_SPREAD/6M/3M/GBP/15Y,,double,0.78810623
yieldCurve,GBP3M,mdQuote,2031-02-05,BASIS_SWAP/BASIS_SPREAD/6M/3M/GBP/15Y,,double,0.00070800
yieldCurve,GBP3M,calibrationError,2031-02-05,BASIS_SWAP/BASIS_SPREAD/6M/3M/GBP/15Y,,double,0.00000000
yieldCurve,GBP3M,forwardRate,2031-02-05,BASIS_SWAP/BASIS_SPREAD/6M/3M/GBP/15Y,,double,0.01982705
yieldCurve,GBP3M,time,2036-02-05,BASIS_SWAP/BASIS_SPREAD/6M/3M/GBP/20Y,,double,20.01369863
yieldCurve,GBP3M,zeroRate,2036-02-05,BASIS_SWAP/BASIS_SPREAD/6M/3M/GBP/20Y,,double,0.01684198
yieldCurve,GBP3M,discountFactor,2036-02-05,BASIS_SWAP/BASIS_SPREAD/6M/3M/GBP/20Y,,double,0.71385867
yieldCurve,GBP3M,mdQuote,2036-02-05,BASIS_SWAP/BASIS_SPREAD/6M/3M/GBP/20Y,,double,0.00041000
yieldCurve,GBP3M,calibrationError,2036-02-05,BASIS_SWAP/BASIS_SPREAD/6M/3M/GBP/20Y,,double,0.00000000
yieldCurve,GBP3M,forwardRate,2036-02-05,BASIS_SWAP/BASIS_SPREAD/6M/3M/GBP/20Y,,double,0.01674544
yieldCurve,GBP3M,time,2046-02-05,BASIS_SWAP/BASIS_SPREAD/6M/3M/GBP/30Y,,double,30.02191781
yieldCurve,GBP3M,zeroRate,2046-02-05,BASIS_SWAP/BASIS_SPREAD/6M/3M/GBP/30Y,,double,0.01679817
yieldCurve,GBP3M,discountFactor,2046-02-05,BASIS_SWAP/BASIS_SPREAD/6M/3M/GBP/30Y,,double,0.60392007
yieldCurve,GBP3M,mdQuote,2046-02-05,BASIS_SWAP/BASIS_SPREAD/6M/3M/GBP/30Y,,double,0.00025200
yieldCurve,GBP3M,calibrationError,2046-02-05,BASIS_SWAP/BASIS_SPREAD/6M/3M/GBP/30Y,,double,0.00000000
yieldCurve,GBP3M,forwardRate,2046-02-05,BASIS_SWAP/BASIS_SPREAD/6M/3M/GBP/30Y,,double,0.01753908
yieldCurve,GBP3M,time,2056-02-07,BASIS_SWAP/BASIS_SPREAD/6M/3M/GBP/40Y,,double,40.03287671
yieldCurve,GBP3M,zeroRate,2056-02-07,BASIS_SWAP/BASIS_SPREAD/6M/3M/GBP/40Y,,double,0.01697379
yieldCurve,GBP3M,discountFactor,2056-02-07,BASIS_SWAP/BASIS_SPREAD/6M/3M/GBP/40Y,,double,0.50686555
yieldCurve,GBP3M,mdQuote,2056-02-07,BASIS_SWAP/BASIS_SPREAD/6M/3M/GBP/40Y,,double,0.00016600
yieldCurve,GBP3M,calibrationError,2056-02-07,BASIS_SWAP/BASIS_SPREAD/6M/3M/GBP/40Y,,double,0.00000000
yieldCurve,GBP3M,forwardRate,2056-02-07,BASIS_SWAP/BASIS_SPREAD/6M/3M/GBP/40Y,,double,0.01736348
yieldCurve,GBP3M,time,2066-02-05,BASIS_SWAP/BASIS_SPREAD/6M/3M/GBP/50Y,,double,50.03561644
yieldCurve,GBP3M,zeroRate,2066-02-05,BASIS_SWAP/BASIS_SPREAD/6M/3M/GBP/50Y,,double,0.01704420
yieldCurve,GBP3M,discountFactor,2066-02-05,BASIS_SWAP/BASIS_SPREAD/6M/3M/GBP/50Y,,double,0.42621260
yieldCurve,GBP3M,mdQuote,2066-02-05,BASIS_SWAP/BASIS_SPREAD/6M/3M/GBP/50Y,,double,0.00014000
yieldCurve,GBP3M,calibrationError,2066-02-05,BASIS_SWAP/BASIS_SPREAD/6M/3M/GBP/50Y,,double,-0.00000000
yieldCurve,GBP3M,forwardRate,2066-02-05,BASIS_SWAP/BASIS_SPREAD/6M/3M/GBP/50Y,,double,0.01765379
yieldCurve,GBP3M,time,2076-02-05,BASIS_SWAP/BASIS_SPREAD/6M/3M/GBP/60Y,,double,60.04109589
yieldCurve,GBP3M,zeroRate,2076-02-05,BASIS_SWAP/BASIS_SPREAD/6M/3M/GBP/60Y,,double,0.01713947
yieldCurve,GBP3M,discountFactor,2076-02-05,BASIS_SWAP/BASIS_SPREAD/6M/3M/GBP/60Y,,double,0.35733822
yieldCurve,GBP3M,mdQuote,2076-02-05,BASIS_SWAP/BASIS_SPREAD/6M/3M/GBP/60Y,,double,0.00008800
yieldCurve,GBP3M,calibrationError,2076-02-05,BASIS_SWAP/BASIS_SPREAD/6M/3M/GBP/60Y,,double,-0.00000000
yieldCurve,GBP3M,forwardRate,2076-02-05,BASIS_SWAP/BASIS_SPREAD/6M/3M/GBP/60Y,,double,0.01687246
yieldCurve,GBP3M,time,2086-02-05,BASIS_SWAP/BASIS_SPREAD/6M/3M/GBP/70Y,,double,70.04931507
yieldCurve,GBP3M,zeroRate,2086-02-05,BASIS_SWAP/BASIS_SPREAD/6M/3M/GBP/70Y,,double,0.01709632
yieldCurve,GBP3M,discountFactor,2086-02-05,BASIS_SWAP/BASIS_SPREAD/6M/3M/GBP/70Y,,double,0.30192232
yieldCurve,GBP3M,mdQuote,2086-02-05,BASIS_SWAP/BASIS_SPREAD/6M/3M/GBP/70Y,,double,0.00012600
yieldCurve,GBP3M,calibrationError,2086-02-05,BASIS_SWAP/BASIS_SPREAD/6M/3M/GBP/70Y,,double,-0.00000000
yieldCurve,GBP3M,forwardRate,2086-02-05,BASIS_SWAP/BASIS_SPREAD/6M/3M/GBP/70Y,,double,0.01687285
yieldCurve,GBP6M,dayCounter,,,,string,Actual/365 (Fixed)
yieldCurve,GBP6M,currency,,,,string,GBP
yieldCurve,GBP6M,time,2016-02-12,MM/RATE/GBP/0D/1W,,double,0.01917808
yieldCurve,GBP6M,zeroRate,2016-02-12,MM/RATE/GBP/0D/1W,,double,0.00598366
yieldCurve,GBP6M,discountFactor,2016-02-12,MM/RATE/GBP/0D/1W,,double,0.99988525
yieldCurve,GBP6M,mdQuote,2016-02-12,MM/RATE/GBP/0D/1W,,double,0.00598400
yieldCurve,GBP6M,calibrationError,2016-02-12,MM/RATE/GBP/0D/1W,,double,-0.00000000
yieldCurve,GBP6M,forwardRate,2016-02-12,MM/RATE/GBP/0D/1W,,double,0.00882391
yieldCurve,GBP6M,time,2016-03-07,MM/RATE/GBP/0D/1M,,double,0.08493151
yieldCurve,GBP6M,zeroRate,2016-03-07,MM/RATE/GBP/0D/1M,,double,0.00592951
yieldCurve,GBP6M,discountFactor,2016-03-07,MM/RATE/GBP/0D/1M,,double,0.99949652
yieldCurve,GBP6M,mdQuote,2016-03-07,MM/RATE/GBP/0D/1M,,double,0.00593100
yieldCurve,GBP6M,calibrationError,2016-03-07,MM/RATE/GBP/0D/1M,,double,0.00000000
yieldCurve,GBP6M,forwardRate,2016-03-07,MM/RATE/GBP/0D/1M,,double,0.00835400
yieldCurve,GBP6M,time,2016-04-05,MM/RATE/GBP/0D/2M,,double,0.16438356
yieldCurve,GBP6M,zeroRate,2016-04-05,MM/RATE/GBP/0D/2M,,double,0.00674026
yieldCurve,GBP6M,discountFactor,2016-04-05,MM/RATE/GBP/0D/2M,,double,0.99889262
yieldCurve,GBP6M,mdQuote,2016-04-05,MM/RATE/GBP/0D/2M,,double,0.00674400
yieldCurve,GBP6M,calibrationError,2016-04-05,MM/RATE/GBP/0D/2M,,double,0.00000000
yieldCurve,GBP6M,forwardRate,2016-04-05,MM/RATE/GBP/0D/2M,,double,0.00837500
yieldCurve,GBP6M,time,2016-05-05,MM/RATE/GBP/0D/3M,,double,0.24657534
yieldCurve,GBP6M,zeroRate,2016-05-05,MM/RATE/GBP/0D/3M,,double,0.00671344
yieldCurve,GBP6M,discountFactor,2016-05-05,MM/RATE/GBP/0D/3M,,double,0.99834600
yieldCurve,GBP6M,mdQuote,2016-05-05,MM/RATE/GBP/0D/3M,,double,0.00671900
yieldCurve,GBP6M,calibrationError,2016-05-05,MM/RATE/GBP/0D/3M,,double,-0.00000000
yieldCurve,GBP6M,forwardRate,2016-05-05,MM/RATE/GBP/0D/3M,,double,0.00832700
yieldCurve,GBP6M,time,2016-08-05,MM/RATE/GBP/0D/6M,,double,0.49863014
yieldCurve,GBP6M,zeroRate,2016-08-05,MM/RATE/GBP/0D/6M,,double,0.00892611
yieldCurve,GBP6M,discountFactor,2016-08-05,MM/RATE/GBP/0D/6M,,double,0.99555906
yieldCurve,GBP6M,mdQuote,2016-08-05,MM/RATE/GBP/0D/6M,,double,0.00894600
yieldCurve,GBP6M,calibrationError,2016-08-05,MM/RATE/GBP/0D/6M,,double,-0.00000000
yieldCurve,GBP6M,forwardRate,2016-08-05,MM/RATE/GBP/0D/6M,,double,0.00819700
yieldCurve,GBP6M,time,2016-09-07,FRA/RATE/GBP/1M/6M,,double,0.58904110
yieldCurve,GBP6M,zeroRate,2016-09-07,FRA/RATE/GBP/1M/6M,,double,0.00798941
yieldCurve,GBP6M,discountFactor,2016-09-07,FRA/RATE/GBP/1M/6M,,double,0.99530497
yieldCurve,GBP6M,mdQuote,2016-09-07,FRA/RATE/GBP/1M/6M,,double,0.00835400
yieldCurve,GBP6M,calibrationError,2016-09-07,FRA/RATE/GBP/1M/6M,,double,-0.00000000
yieldCurve,GBP6M,forwardRate,2016-09-07,FRA/RATE/GBP/1M/6M,,double,0.00916404
yieldCurve,GBP6M,time,2016-10-05,FRA/RATE/GBP/2M/6M,,double,0.66575342
yieldCurve,GBP6M,zeroRate,2016-10-05,FRA/RATE/GBP/2M/6M,,double,0.00795816
yieldCurve,GBP6M,discountFactor,2016-10-05,FRA/RATE/GBP/2M/6M,,double,0.99471584
yieldCurve,GBP6M,mdQuote,2016-10-05,FRA/RATE/GBP/2M/6M,,double,0.00837500
yieldCurve,GBP6M,calibrationError,2016-10-05,FRA/RATE/GBP/2M/6M,,double,0.00000000
yieldCurve,GBP6M,forwardRate,2016-10-05,FRA/RATE/GBP/2M/6M,,double,0.00921687
yieldCurve,GBP6M,time,2016-11-07,FRA/RATE/GBP/3M/6M,,double,0.75616438
yieldCurve,GBP6M,zeroRate,2016-11-07,FRA/RATE/GBP/3M/6M,,double,0.00778897
yieldCurve,GBP6M,discountFactor,2016-11-07,FRA/RATE/GBP/3M/6M,,double,0.99412757
yieldCurve,GBP6M,mdQuote,2016-11-07,FRA/RATE/GBP/3M/6M,,double,0.00832700
yieldCurve,GBP6M,calibrationError,2016-11-07,FRA/RATE/GBP/3M/6M,,double,-0.00000000
yieldCurve,GBP6M,forwardRate,2016-11-07,FRA/RATE/GBP/3M/6M,,double,0.00949987
yieldCurve,GBP6M,time,2016-12-06,FRA/RATE/GBP/4M/6M,,double,0.83561644
yieldCurve,GBP6M,zeroRate,2016-12-06,FRA/RATE/GBP/4M/6M,,double,0.00804976
yieldCurve,GBP6M,discountFactor,2016-12-06,FRA/RATE/GBP/4M/6M,,double,0.99329606
yieldCurve,GBP6M,mdQuote,2016-12-06,FRA/RATE/GBP/4M/6M,,double,0.00819200
yieldCurve,GBP6M,calibrationError,2016-12-06,FRA/RATE/GBP/4M/6M,,double,0.00000000
yieldCurve,GBP6M,forwardRate,2016-12-06,FRA/RATE/GBP/4M/6M,,double,0.00911005
yieldCurve,GBP6M,time,2017-01-05,FRA/RATE/GBP/5M/6M,,double,0.91780822
yieldCurve,GBP6M,zeroRate,2017-01-05,FRA/RATE/GBP/5M/6M,,double,0.00828434
yieldCurve,GBP6M,discountFactor,2017-01-05,FRA/RATE/GBP/5M/6M,,double,0.99242540
yieldCurve,GBP6M,mdQuote,2017-01-05,FRA/RATE/GBP/5M/6M,,double,0.00813900
yieldCurve,GBP6M,calibrationError,2017-01-05,FRA/RATE/GBP/5M/6M,,double,0.00000000
yieldCurve,GBP6M,forwardRate,2017-01-05,FRA/RATE/GBP/5M/6M,,double,0.00868717
yieldCurve,GBP6M,time,2017-02-06,FRA/RATE/GBP/6M/6M,,double,1.00547945
yieldCurve,GBP6M,zeroRate,2017-02-06,FRA/RATE/GBP/6M/6M,,double,0.00855001
yieldCurve,GBP6M,discountFactor,2017-02-06,FRA/RATE/GBP/6M/6M,,double,0.99143998
yieldCurve,GBP6M,mdQuote,2017-02-06,FRA/RATE/GBP/6M/6M,,double,0.00819700
yieldCurve,GBP6M,calibrationError,2017-02-06,FRA/RATE/GBP/6M/6M,,double,0.00000000
yieldCurve,GBP6M,forwardRate,2017-02-06,FRA/RATE/GBP/6M/6M,,double,0.00811300
yieldCurve,GBP6M,time,2017-08-07,FRA/RATE/GBP/1Y/6M,,double,1.50410959
yieldCurve,GBP6M,zeroRate,2017-08-07,FRA/RATE/GBP/1Y/6M,,double,0.00839971
yieldCurve,GBP6M,discountFactor,2017-08-07,FRA/RATE/GBP/1Y/6M,,double,0.98744539
yieldCurve,GBP6M,mdQuote,2017-08-07,FRA/RATE/GBP/1Y/6M,,double,0.00811300
yieldCurve,GBP6M,calibrationError,2017-08-07,FRA/RATE/GBP/1Y/6M,,double,-0.00000000
yieldCurve,GBP6M,forwardRate,2017-08-07,FRA/RATE/GBP/1Y/6M,,double,0.00782422
yieldCurve,GBP6M,time,2018-02-05,IR_SWAP/RATE/GBP/0D/6M/2Y,,double,2.00273973
yieldCurve,GBP6M,zeroRate,2018-02-05,IR_SWAP/RATE/GBP/0D/6M/2Y,,double,0.00824794
yieldCurve,GBP6M,discountFactor,2018-02-05,IR_SWAP/RATE/GBP/0D/6M/2Y,,double,0.98361720
yieldCurve,GBP6M,mdQuote,2018-02-05,IR_SWAP/RATE/GBP/0D/6M/2Y,,double,0.00826600
yieldCurve,GBP6M,calibrationError,2018-02-05,IR_SWAP/RATE/GBP/0D/6M/2Y,,double,-0.00000000
yieldCurve,GBP6M,forwardRate,2018-02-05,IR_SWAP/RATE/GBP/0D/6M/2Y,,double,0.00953342
yieldCurve,GBP6M,time,2019-02-05,IR_SWAP/RATE/GBP/0D/6M/3Y,,double,3.00273973
yieldCurve,GBP6M,zeroRate,2019-02-05,IR_SWAP/RATE/GBP/0D/6M/3Y,,double,0.00866852
yieldCurve,GBP6M,discountFactor,2019-02-05,IR_SWAP/RATE/GBP/0D/6M/3Y,,double,0.97430653
yieldCurve,GBP6M,mdQuote,2019-02-05,IR_SWAP/RATE/GBP/0D/6M/3Y,,double,0.00868600
yieldCurve,GBP6M,calibrationError,2019-02-05,IR_SWAP/RATE/GBP/0D/6M/3Y,,double,0.00000000
yieldCurve,GBP6M,forwardRate,2019-02-05,IR_SWAP/RATE/GBP/0D/6M/3Y,,double,0.01126151
yieldCurve,GBP6M,time,2020-02-05,IR_SWAP/RATE/GBP/0D/6M/4Y,,double,4.00273973
yieldCurve,GBP6M,zeroRate,2020-02-05,IR_SWAP/RATE/GBP/0D/6M/4Y,,double,0.00930850
yieldCurve,GBP6M,discountFactor,2020-02-05,IR_SWAP/RATE/GBP/0D/6M/4Y,,double,0.96342610
yieldCurve,GBP6M,mdQuote,2020-02-05,IR_SWAP/RATE/GBP/0D/6M/4Y,,double,0.00932400
yieldCurve,GBP6M,calibrationError,2020-02-05,IR_SWAP/RATE/GBP/0D/6M/4Y,,double,0.00000000
yieldCurve,GBP6M,forwardRate,2020-02-05,IR_SWAP/RATE/GBP/0D/6M/4Y,,double,0.01286152
yieldCurve,GBP6M,time,2021-02-05,IR_SWAP/RATE/GBP/0D/6M/5Y,,double,5.00547945
yieldCurve,GBP6M,zeroRate,2021-02-05,IR_SWAP/RATE/GBP/0D/6M/5Y,,double,0.01001204
yieldCurve,GBP6M,discountFactor,2021-02-05,IR_SWAP/RATE/GBP/0D/6M/5Y,,double,0.95111997
yieldCurve,GBP6M,mdQuote,2021-02-05,IR_SWAP/RATE/GBP/0D/6M/5Y,,double,0.01002300
yieldCurve,GBP6M,calibrationError,2021-02-05,IR_SWAP/RATE/GBP/0D/6M/5Y,,double,0.00000000
yieldCurve,GBP6M,forwardRate,2021-02-05,IR_SWAP/RATE/GBP/0D/6M/5Y,,double,0.01577712
yieldCurve,GBP6M,time,2022-02-07,IR_SWAP/RATE/GBP/0D/6M/6Y,,double,6.01095890
yieldCurve,GBP6M,zeroRate,2022-02-07,IR_SWAP/RATE/GBP/0D/6M/6Y,,double,0.01096612
yieldCurve,GBP6M,discountFactor,2022-02-07,IR_SWAP/RATE/GBP/0D/6M/6Y,,double,0.93620865
yieldCurve,GBP6M,mdQuote,2022-02-07,IR_SWAP/RATE/GBP/0D/6M/6Y,,double,0.01096600
yieldCurve,GBP6M,calibrationError,2022-02-07,IR_SWAP/RATE/GBP/0D/6M/6Y,,double,0.00000000
yieldCurve,GBP6M,forwardRate,2022-02-07,IR_SWAP/RATE/GBP/0D/6M/6Y,,double,0.01820893
yieldCurve,GBP6M,time,2023-02-06,IR_SWAP/RATE/GBP/0D/6M/7Y,,double,7.00821918
yieldCurve,GBP6M,zeroRate,2023-02-06,IR_SWAP/RATE/GBP/0D/6M/7Y,,double,0.01198507
yieldCurve,GBP6M,discountFactor,2023-02-06,IR_SWAP/RATE/GBP/0D/6M/7Y,,double,0.91943676
yieldCurve,GBP6M,mdQuote,2023-02-06,IR_SWAP/RATE/GBP/0D/6M/7Y,,double,0.01196700
yieldCurve,GBP6M,calibrationError,2023-02-06,IR_SWAP/RATE/GBP/0D/6M/7Y,,double,0.00000000
yieldCurve,GBP6M,forwardRate,2023-02-06,IR_SWAP/RATE/GBP/0D/6M/7Y,,double,0.01996729
yieldCurve,GBP6M,time,2024-02-05,IR_SWAP/RATE/GBP/0D/6M/8Y,,double,8.00547945
yieldCurve,GBP6M,zeroRate,2024-02-05,IR_SWAP/RATE/GBP/0D/6M/8Y,,double,0.01296713
yieldCurve,GBP6M,discountFactor,2024-02-05,IR_SWAP/RATE/GBP/0D/6M/8Y,,double,0.90139824
yieldCurve,GBP6M,mdQuote,2024-02-05,IR_SWAP/RATE/GBP/0D/6M/8Y,,double,0.01292500
yieldCurve,GBP6M,calibrationError,2024-02-05,IR_SWAP/RATE/GBP/0D/6M/8Y,,double,0.00000000
yieldCurve,GBP6M,forwardRate,2024-02-05,IR_SWAP/RATE/GBP/0D/6M/8Y,,double,0.02103910
yieldCurve,GBP6M,time,2025-02-05,IR_SWAP/RATE/GBP/0D/6M/9Y,,double,9.00821918
yieldCurve,GBP6M,zeroRate,2025-02-05,IR_SWAP/RATE/GBP/0D/6M/9Y,,double,0.01385346
yieldCurve,GBP6M,discountFactor,2025-02-05,IR_SWAP/RATE/GBP/0D/6M/9Y,,double,0.88267786
yieldCurve,GBP6M,mdQuote,2025-02-05,IR_SWAP/RATE/GBP/0D/6M/9Y,,double,0.01378400
yieldCurve,GBP6M,calibrationError,2025-02-05,IR_SWAP/RATE/GBP/0D/6M/9Y,,double,-0.00000000
yieldCurve,GBP6M,forwardRate,2025-02-05,IR_SWAP/RATE/GBP/0D/6M/9Y,,double,0.02124792
yieldCurve,GBP6M,time,2026-02-05,IR_SWAP/RATE/GBP/0D/6M/10Y,,double,10.00821918
yieldCurve,GBP6M,zeroRate,2026-02-05,IR_SWAP/RATE/GBP/0D/6M/10Y,,double,0.01458119
yieldCurve,GBP6M,discountFactor,2026-02-05,IR_SWAP/RATE/GBP/0D/6M/10Y,,double,0.86421670
yieldCurve,GBP6M,mdQuote,2026-02-05,IR_SWAP/RATE/GBP/0D/6M/10Y,,double,0.01448600
yieldCurve,GBP6M,calibrationError,2026-02-05,IR_SWAP/RATE/GBP/0D/6M/10Y,,double,0.00000000
yieldCurve,GBP6M,forwardRate,2026-02-05,IR_SWAP/RATE/GBP/0D/6M/10Y,,double,0.02078788
yieldCurve,GBP6M,time,2028-02-07,IR_SWAP/RATE/GBP/0D/6M/12Y,,double,12.01369863
yieldCurve,GBP6M,zeroRate,2028-02-07,IR_SWAP/RATE/GBP/0D/6M/12Y,,double,0.01559953
yieldCurve,GBP6M,discountFactor,2028-02-07,IR_SWAP/RATE/GBP/0D/6M/12Y,,double,0.82910540
yieldCurve,GBP6M,mdQuote,2028-02-07,IR_SWAP/RATE/GBP/0D/6M/12Y,,double,0.01546300
yieldCurve,GBP6M,calibrationError,2028-02-07,IR_SWAP/RATE/GBP/0D/6M/12Y,,double,-0.00000000
yieldCurve,GBP6M,forwardRate,2028-02-07,IR_SWAP/RATE/GBP/0D/6M/12Y,,double,0.02041256
yieldCurve,GBP6M,time,2031-02-05,IR_SWAP/RATE/GBP/0D/6M/15Y,,double,15.01095890
yieldCurve,GBP6M,zeroRate,2031-02-05,IR_SWAP/RATE/GBP/0D/6M/15Y,,double,0.01653995
yieldCurve,GBP6M,discountFactor,2031-02-05,IR_SWAP/RATE/GBP/0D/6M/15Y,,double,0.78014110
yieldCurve,GBP6M,mdQuote,2031-02-05,IR_SWAP/RATE/GBP/0D/6M/15Y,,double,0.01635900
yieldCurve,GBP6M,calibrationError,2031-02-05,IR_SWAP/RATE/GBP/0D/6M/15Y,,double,0.00000000
yieldCurve,GBP6M,forwardRate,2031-02-05,IR_SWAP/RATE/GBP/0D/6M/15Y,,double,0.01922040
yieldCurve,GBP6M,time,2036-02-05,IR_SWAP/RATE/GBP/0D/6M/20Y,,double,20.01369863
yieldCurve,GBP6M,zeroRate,2036-02-05,IR_SWAP/RATE/GBP/0D/6M/20Y,,double,0.01718722
yieldCurve,GBP6M,discountFactor,2036-02-05,IR_SWAP/RATE/GBP/0D/6M/20Y,,double,0.70894324
yieldCurve,GBP6M,mdQuote,2036-02-05,IR_SWAP/RATE/GBP/0D/6M/20Y,,double,0.01698800
yieldCurve,GBP6M,calibrationError,2036-02-05,IR_SWAP/RATE/GBP/0D/6M/20Y,,double,0.00000000
yieldCurve,GBP6M,forwardRate,2036-02-05,IR_SWAP/RATE/GBP/0D/6M/20Y,,double,0.01592479
yieldCurve,GBP6M,time,2041-02-05,IR_SWAP/RATE/GBP/0D/6M/25Y,,double,25.01917808
yieldCurve,GBP6M,zeroRate,2041-02-05,IR_SWAP/RATE/GBP/0D/6M/25Y,,double,0.01692207
yieldCurve,GBP6M,discountFactor,2041-02-05,IR_SWAP/RATE/GBP/0D/6M/25Y,,double,0.65483222
yieldCurve,GBP6M,mdQuote,2041-02-05,IR_SWAP/RATE/GBP/0D/6M/25Y,,double,0.01680900
yieldCurve,GBP6M,calibrationError,2041-02-05,IR_SWAP/RATE/GBP/0D/6M/25Y,,double,0.00000000
yieldCurve,GBP6M,forwardRate,2041-02-05,IR_SWAP/RATE/GBP/0D/6M/25Y,,double,0.01737920
yieldCurve,GBP6M,time,2046-02-05,IR_SWAP/RATE/GBP/0D/6M/30Y,,double,30.02191781
yieldCurve,GBP6M,zeroRate,2046-02-05,IR_SWAP/RATE/GBP/0D/6M/30Y,,double,0.01698584
yieldCurve,GBP6M,discountFactor,2046-02-05,IR_SWAP/RATE/GBP/0D/6M/30Y,,double,0.60052719
yieldCurve,GBP6M,mdQuote,2046-02-05,IR_SWAP/RATE/GBP/0D/6M/30Y,,double,0.01688600
yieldCurve,GBP6M,calibrationError,2046-02-05,IR_SWAP/RATE/GBP/0D/6M/30Y,,double,0.00000000
yieldCurve,GBP6M,forwardRate,2046-02-05,IR_SWAP/RATE/GBP/0D/6M/30Y,,double,0.01737962
yieldCurve,GBP1D,dayCounter,,,,string,Actual/365 (Fixed)
yieldCurve,GBP1D,currency,,,,string,GBP
yieldCurve,GBP1D,time,2016-02-12,IR_SWAP/RATE/GBP/0D/1D/1W,,double,0.01917808
yieldCurve,GBP1D,zeroRate,2016-02-12,IR_SWAP/RATE/GBP/0D/1D/1W,,double,0.00582068
yieldCurve,GBP1D,discountFactor,2016-02-12,IR_SWAP/RATE/GBP/0D/1D/1W,,double,0.99988838
yieldCurve,GBP1D,mdQuote,2016-02-12,IR_SWAP/RATE/GBP/0D/1D/1W,,double,0.00582100
yieldCurve,GBP1D,calibrationError,2016-02-12,IR_SWAP/RATE/GBP/0D/1D/1W,,double,-0.00000000
yieldCurve,GBP1D,forwardRate,2016-02-12,IR_SWAP/RATE/GBP/0D/1D/1W,,double,0.00553022
yieldCurve,GBP1D,time,2016-02-19,IR_SWAP/RATE/GBP/0D/1D/2W,,double,0.03835616
yieldCurve,GBP1D,zeroRate,2016-02-19,IR_SWAP/RATE/GBP/0D/1D/2W,,double,0.00567538
yieldCurve,GBP1D,discountFactor,2016-02-19,IR_SWAP/RATE/GBP/0D/1D/2W,,double,0.99978234
yieldCurve,GBP1D,mdQuote,2016-02-19,IR_SWAP/RATE/GBP/0D/1D/2W,,double,0.00567600
yieldCurve,GBP1D,calibrationError,2016-02-19,IR_SWAP/RATE/GBP/0D/1D/2W,,double,0.00000000
yieldCurve,GBP1D,forwardRate,2016-02-19,IR_SWAP/RATE/GBP/0D/1D/2W,,double,0.00577075
yieldCurve,GBP1D,time,2016-03-07,IR_SWAP/RATE/GBP/0D/1D/1M,,double,0.08493151
yieldCurve,GBP1D,zeroRate,2016-03-07,IR_SWAP/RATE/GBP/0D/1D/1M,,double,0.00572761
yieldCurve,GBP1D,discountFactor,2016-03-07,IR_SWAP/RATE/GBP/0D/1D/1M,,double,0.99951366
yieldCurve,GBP1D,mdQuote,2016-03-07,IR_SWAP/RATE/GBP/0D/1D/1M,,double,0.00572900
yieldCurve,GBP1D,calibrationError,2016-03-07,IR_SWAP/RATE/GBP/0D/1D/1M,,double,-0.00000000
yieldCurve,GBP1D,forwardRate,2016-03-07,IR_SWAP/RATE/GBP/0D/1D/1M,,double,0.00551412
yieldCurve,GBP1D,time,2016-04-05,IR_SWAP/RATE/GBP/0D/1D/2M,,double,0.16438356
yieldCurve,GBP1D,zeroRate,2016-04-05,IR_SWAP/RATE/GBP/0D/1D/2M,,double,0.00562440
yieldCurve,GBP1D,discountFactor,2016-04-05,IR_SWAP/RATE/GBP/0D/1D/2M,,double,0.99907587
yieldCurve,GBP1D,mdQuote,2016-04-05,IR_SWAP/RATE/GBP/0D/1D/2M,,double,0.00562700
yieldCurve,GBP1D,calibrationError,2016-04-05,IR_SWAP/RATE/GBP/0D/1D/2M,,double,0.00000000
yieldCurve,GBP1D,forwardRate,2016-04-05,IR_SWAP/RATE/GBP/0D/1D/2M,,double,0.00572840
yieldCurve,GBP1D,time,2016-05-05,IR_SWAP/RATE/GBP/0D/1D/3M,,double,0.24657534
yieldCurve,GBP1D,zeroRate,2016-05-05,IR_SWAP/RATE/GBP/0D/1D/3M,,double,0.00565905
yieldCurve,GBP1D,discountFactor,2016-05-05,IR_SWAP/RATE/GBP/0D/1D/3M,,double,0.99860559
yieldCurve,GBP1D,mdQuote,2016-05-05,IR_SWAP/RATE/GBP/0D/1D/3M,,double,0.00566300
yieldCurve,GBP1D,calibrationError,2016-05-05,IR_SWAP/RATE/GBP/0D/1D/3M,,double,0.00000000
yieldCurve,GBP1D,forwardRate,2016-05-05,IR_SWAP/RATE/GBP/0D/1D/3M,,double,0.00512479
yieldCurve,GBP1D,time,2016-06-06,IR_SWAP/RATE/GBP/0D/1D/4M,,double,0.33424658
yieldCurve,GBP1D,zeroRate,2016-06-06,IR_SWAP/RATE/GBP/0D/1D/4M,,double,0.00551891
yieldCurve,GBP1D,discountFactor,2016-06-06,IR_SWAP/RATE/GBP/0D/1D/4M,,double,0.99815702
yieldCurve,GBP1D,mdQuote,2016-06-06,IR_SWAP/RATE/GBP/0D/1D/4M,,double,0.00552400
yieldCurve,GBP1D,calibrationError,2016-06-06,IR_SWAP/RATE/GBP/0D/1D/4M,,double,0.00000000
yieldCurve,GBP1D,forwardRate,2016-06-06,IR_SWAP/RATE/GBP/0D/1D/4M,,double,0.00551785
yieldCurve,GBP1D,time,2016-07-05,IR_SWAP/RATE/GBP/0D/1D/5M,,double,0.41369863
yieldCurve,GBP1D,zeroRate,2016-07-05,IR_SWAP/RATE/GBP/0D/1D/5M,,double,0.00551870
yieldCurve,GBP1D,discountFactor,2016-07-05,IR_SWAP/RATE/GBP/0D/1D/5M,,double,0.99771953
yieldCurve,GBP1D,mdQuote,2016-07-05,IR_SWAP/RATE/GBP/0D/1D/5M,,double,0.00552500
yieldCurve,GBP1D,calibrationError,2016-07-05,IR_SWAP/RATE/GBP/0D/1D/5M,,double,0.00000000
yieldCurve,GBP1D,forwardRate,2016-07-05,IR_SWAP/RATE/GBP/0D/1D/5M,,double,0.00507788
yieldCurve,GBP1D,time,2016-08-05,IR_SWAP/RATE/GBP/0D/1D/6M,,double,0.49863014
yieldCurve,GBP1D,zeroRate,2016-08-05,IR_SWAP/RATE/GBP/0D/1D/6M,,double,0.00544361
yieldCurve,GBP1D,discountFactor,2016-08-05,IR_SWAP/RATE/GBP/0D/1D/6M,,double,0.99728933
yieldCurve,GBP1D,mdQuote,2016-08-05,IR_SWAP/RATE/GBP/0D/1D/6M,,double,0.00545100
yieldCurve,GBP1D,calibrationError,2016-08-05,IR_SWAP/RATE/GBP/0D/1D/6M,,double,0.00000000
yieldCurve,GBP1D,forwardRate,2016-08-05,IR_SWAP/RATE/GBP/0D/1D/6M,,double,0.00532550
yieldCurve,GBP1D,time,2016-09-05,IR_SWAP/RATE/GBP/0D/1D/7M,,double,0.58356164
yieldCurve,GBP1D,zeroRate,2016-09-05,IR_SWAP/RATE/GBP/0D/1D/7M,,double,0.00542640
yieldCurve,GBP1D,discountFactor,2016-09-05,IR_SWAP/RATE/GBP/0D/1D/7M,,double,0.99683837
yieldCurve,GBP1D,mdQuote,2016-09-05,IR_SWAP/RATE/GBP/0D/1D/7M,,double,0.00543500
yieldCurve,GBP1D,calibrationError,2016-09-05,IR_SWAP/RATE/GBP/0D/1D/7M,,double,0.00000000
yieldCurve,GBP1D,forwardRate,2016-09-05,IR_SWAP/RATE/GBP/0D/1D/7M,,double,0.00489203
yieldCurve,GBP1D,time,2016-10-05,IR_SWAP/RATE/GBP/0D/1D/8M,,double,0.66575342
yieldCurve,GBP1D,zeroRate,2016-10-05,IR_SWAP/RATE/GBP/0D/1D/8M,,double,0.00536042
yieldCurve,GBP1D,discountFactor,2016-10-05,IR_SWAP/RATE/GBP/0D/1D/8M,,double,0.99643764
yieldCurve,GBP1D,mdQuote,2016-10-05,IR_SWAP/RATE/GBP/0D/1D/8M,,double,0.00537000
yieldCurve,GBP1D,calibrationError,2016-10-05,IR_SWAP/RATE/GBP/0D/1D/8M,,double,0.00000000
yieldCurve,GBP1D,forwardRate,2016-10-05,IR_SWAP/RATE/GBP/0D/1D/8M,,double,0.00424168
yieldCurve,GBP1D,time,2016-11-07,IR_SWAP/RATE/GBP/0D/1D/9M,,double,0.75616438
yieldCurve,GBP1D,zeroRate,2016-11-07,IR_SWAP/RATE/GBP/0D/1D/9M,,double,0.00522666
yieldCurve,GBP1D,discountFactor,2016-11-07,IR_SWAP/RATE/GBP/0D/1D/9M,,double,0.99605559
yieldCurve,GBP1D,mdQuote,2016-11-07,IR_SWAP/RATE/GBP/0D/1D/9M,,double,0.00523700
yieldCurve,GBP1D,calibrationError,2016-11-07,IR_SWAP/RATE/GBP/0D/1D/9M,,double,0.00000000
yieldCurve,GBP1D,forwardRate,2016-11-07,IR_SWAP/RATE/GBP/0D/1D/9M,,double,0.00298826
yieldCurve,GBP1D,time,2016-12-05,IR_SWAP/RATE/GBP/0D/1D/10M,,double,0.83287671
yieldCurve,GBP1D,zeroRate,2016-12-05,IR_SWAP/RATE/GBP/0D/1D/10M,,double,0.00502049
yieldCurve,GBP1D,discountFactor,2016-12-05,IR_SWAP/RATE/GBP/0D/1D/10M,,double,0.99582728
yieldCurve,GBP1D,mdQuote,2016-12-05,IR_SWAP/RATE/GBP/0D/1D/10M,,double,0.00503100
yieldCurve,GBP1D,calibrationError,2016-12-05,IR_SWAP/RATE/GBP/0D/1D/10M,,double,0.00000000
yieldCurve,GBP1D,forwardRate,2016-12-05,IR_SWAP/RATE/GBP/0D/1D/10M,,double,0.00690205
yieldCurve,GBP1D,time,2017-01-05,IR_SWAP/RATE/GBP/0D/1D/11M,,double,0.91780822
yieldCurve,GBP1D,zeroRate,2017-01-05,IR_SWAP/RATE/GBP/0D/1D/11M,,double,0.00519460
yieldCurve,GBP1D,discountFactor,2017-01-05,IR_SWAP/RATE/GBP/0D/1D/11M,,double,0.99524370
yieldCurve,GBP1D,mdQuote,2017-01-05,IR_SWAP/RATE/GBP/0D/1D/11M,,double,0.00520700
yieldCurve,GBP1D,calibrationError,2017-01-05,IR_SWAP/RATE/GBP/0D/1D/11M,,double,0.00000000
yieldCurve,GBP1D,forwardRate,2017-01-05,IR_SWAP/RATE/GBP/0D/1D/11M,,double,0.00197468
yieldCurve,GBP1D,time,2017-02-06,IR_SWAP/RATE/GBP/0D/1D/12M,,double,1.00547945
yieldCurve,GBP1D,zeroRate,2017-02-06,IR_SWAP/RATE/GBP/0D/1D/12M,,double,0.00491384
yieldCurve,GBP1D,discountFactor,2017-02-06,IR_SWAP/RATE/GBP/0D/1D/12M,,double,0.99507142
yieldCurve,GBP1D,mdQuote,2017-02-06,IR_SWAP/RATE/GBP/0D/1D/12M,,double,0.00492600
yieldCurve,GBP1D,calibrationError,2017-02-06,IR_SWAP/RATE/GBP/0D/1D/12M,,double,0.00000000
yieldCurve,GBP1D,forwardRate,2017-02-06,IR_SWAP/RATE/GBP/0D/1D/12M,,double,0.00439510
yieldCurve,GBP1D,time,2018-02-05,IR_SWAP/RATE/GBP/0D/1D/2Y,,double,2.00273973
yieldCurve,GBP1D,zeroRate,2018-02-05,IR_SWAP/RATE/GBP/0D/1D/2Y,,double,0.00465552
yieldCurve,GBP1D,discountFactor,2018-02-05,IR_SWAP/RATE/GBP/0D/1D/2Y,,double,0.99071953
yieldCurve,GBP1D,mdQuote,2018-02-05,IR_SWAP/RATE/GBP/0D/1D/2Y,,double,0.00466700
yieldCurve,GBP1D,calibrationError,2018-02-05,IR_SWAP/RATE/GBP/0D/1D/2Y,,double,-0.00000000
yieldCurve,GBP1D,forwardRate,2018-02-05,IR_SWAP/RATE/GBP/0D/1D/2Y,,double,0.00560213
yieldCurve,GBP1D,time,2019-02-05,IR_SWAP/RATE/GBP/0D/1D/3Y,,double,3.00273973
yieldCurve,GBP1D,zeroRate,2019-02-05,IR_SWAP/RATE/GBP/0D/1D/3Y,,double,0.00497075
yieldCurve,GBP1D,discountFactor,2019-02-05,IR_SWAP/RATE/GBP/0D/1D/3Y,,double,0.98518496
yieldCurve,GBP1D,mdQuote,2019-02-05,IR_SWAP/RATE/GBP/0D/1D/3Y,,double,0.00498200
yieldCurve,GBP1D,calibrationError,2019-02-05,IR_SWAP/RATE/GBP/0D/1D/3Y,,double,0.00000000
yieldCurve,GBP1D,forwardRate,2019-02-05,IR_SWAP/RATE/GBP/0D/1D/3Y,,double,0.00669222
yieldCurve,GBP1D,time,2020-02-05,IR_SWAP/RATE/GBP/0D/1D/4Y,,double,4.00273973
yieldCurve,GBP1D,zeroRate,2020-02-05,IR_SWAP/RATE/GBP/0D/1D/4Y,,double,0.00540081
yieldCurve,GBP1D,discountFactor,2020-02-05,IR_SWAP/RATE/GBP/0D/1D/4Y,,double,0.97861395
yieldCurve,GBP1D,mdQuote,2020-02-05,IR_SWAP/RATE/GBP/0D/1D/4Y,,double,0.00541100
yieldCurve,GBP1D,calibrationError,2020-02-05,IR_SWAP/RATE/GBP/0D/1D/4Y,,double,0.00000000
yieldCurve,GBP1D,forwardRate,2020-02-05,IR_SWAP/RATE/GBP/0D/1D/4Y,,double,0.00926314
yieldCurve,GBP1D,time,2021-02-05,IR_SWAP/RATE/GBP/0D/1D/5Y,,double,5.00547945
yieldCurve,GBP1D,zeroRate,2021-02-05,IR_SWAP/RATE/GBP/0D/1D/5Y,,double,0.00617452
yieldCurve,GBP1D,discountFactor,2021-02-05,IR_SWAP/RATE/GBP/0D/1D/5Y,,double,0.96956628
yieldCurve,GBP1D,mdQuote,2021-02-05,IR_SWAP/RATE/GBP/0D/1D/5Y,,double,0.00618000
yieldCurve,GBP1D,calibrationError,2021-02-05,IR_SWAP/RATE/GBP/0D/1D/5Y,,double,-0.00000000
yieldCurve,GBP1D,forwardRate,2021-02-05,IR_SWAP/RATE/GBP/0D/1D/5Y,,double,0.01141803
yieldCurve,GBP1D,time,2022-02-07,IR_SWAP/RATE/GBP/0D/1D/6Y,,double,6.01095890
yieldCurve,GBP1D,zeroRate,2022-02-07,IR_SWAP/RATE/GBP/0D/1D/6Y,,double,0.00705154
yieldCurve,GBP1D,discountFactor,2022-02-07,IR_SWAP/RATE/GBP/0D/1D/6Y,,double,0.95849925
yieldCurve,GBP1D,mdQuote,2022-02-07,IR_SWAP/RATE/GBP/0D/1D/6Y,,double,0.00704800
yieldCurve,GBP1D,calibrationError,2022-02-07,IR_SWAP/RATE/GBP/0D/1D/6Y,,double,-0.00000000
yieldCurve,GBP1D,forwardRate,2022-02-07,IR_SWAP/RATE/GBP/0D/1D/6Y,,double,0.01398677
yieldCurve,GBP1D,time,2023-02-06,IR_SWAP/RATE/GBP/0D/1D/7Y,,double,7.00821918
yieldCurve,GBP1D,zeroRate,2023-02-06,IR_SWAP/RATE/GBP/0D/1D/7Y,,double,0.00803837
yieldCurve,GBP1D,discountFactor,2023-02-06,IR_SWAP/RATE/GBP/0D/1D/7Y,,double,0.94522273
yieldCurve,GBP1D,mdQuote,2023-02-06,IR_SWAP/RATE/GBP/0D/1D/7Y,,double,0.00801900
yieldCurve,GBP1D,calibrationError,2023-02-06,IR_SWAP/RATE/GBP/0D/1D/7Y,,double,0.00000000
yieldCurve,GBP1D,forwardRate,2023-02-06,IR_SWAP/RATE/GBP/0D/1D/7Y,,double,0.01648417
yieldCurve,GBP1D,time,2024-02-05,IR_SWAP/RATE/GBP/0D/1D/8Y,,double,8.00547945
yieldCurve,GBP1D,zeroRate,2024-02-05,IR_SWAP/RATE/GBP/0D/1D/8Y,,double,0.00909044
yieldCurve,GBP1D,discountFactor,2024-02-05,IR_SWAP/RATE/GBP/0D/1D/8Y,,double,0.92981157
yieldCurve,GBP1D,mdQuote,2024-02-05,IR_SWAP/RATE/GBP/0D/1D/8Y,,double,0.00904700
yieldCurve,GBP1D,calibrationError,2024-02-05,IR_SWAP/RATE/GBP/0D/1D/8Y,,double,-0.00000000
yieldCurve,GBP1D,forwardRate,2024-02-05,IR_SWAP/RATE/GBP/0D/1D/8Y,,double,0.01696544
yieldCurve,GBP1D,time,2025-02-05,IR_SWAP/RATE/GBP/0D/1D/9Y,,double,9.00821918
yieldCurve,GBP1D,zeroRate,2025-02-05,IR_SWAP/RATE/GBP/0D/1D/9Y,,double,0.00996699
yieldCurve,GBP1D,discountFactor,2025-02-05,IR_SWAP/RATE/GBP/0D/1D/9Y,,double,0.91412784
yieldCurve,GBP1D,mdQuote,2025-02-05,IR_SWAP/RATE/GBP/0D/1D/9Y,,double,0.00989900
yieldCurve,GBP1D,calibrationError,2025-02-05,IR_SWAP/RATE/GBP/0D/1D/9Y,,double,-0.00000000
yieldCurve,GBP1D,forwardRate,2025-02-05,IR_SWAP/RATE/GBP/0D/1D/9Y,,double,0.01681857
yieldCurve,GBP1D,time,2026-02-05,IR_SWAP/RATE/GBP/0D/1D/10Y,,double,10.00821918
yieldCurve,GBP1D,zeroRate,2026-02-05,IR_SWAP/RATE/GBP/0D/1D/10Y,,double,0.01065155
yieldCurve,GBP1D,discountFactor,2026-02-05,IR_SWAP/RATE/GBP/0D/1D/10Y,,double,0.89888243
yieldCurve,GBP1D,mdQuote,2026-02-05,IR_SWAP/RATE/GBP/0D/1D/10Y,,double,0.01056200
yieldCurve,GBP1D,calibrationError,2026-02-05,IR_SWAP/RATE/GBP/0D/1D/10Y,,double,0.00000000
yieldCurve,GBP1D,forwardRate,2026-02-05,IR_SWAP/RATE/GBP/0D/1D/10Y,,double,0.01881311
yieldCurve,GBP1D,time,2031-02-05,IR_SWAP/RATE/GBP/0D/1D/15Y,,double,15.01095890
yieldCurve,GBP1D,zeroRate,2031-02-05,IR_SWAP/RATE/GBP/0D/1D/15Y,,double,0.01337141
yieldCurve,GBP1D,discountFactor,2031-02-05,IR_SWAP/RATE/GBP/0D/1D/15Y,,double,0.81814336
yieldCurve,GBP1D,mdQuote,2031-02-05,IR_SWAP/RATE/GBP/0D/1D/15Y,,double,0.01315400
yieldCurve,GBP1D,calibrationError,2031-02-05,IR_SWAP/RATE/GBP/0D/1D/15Y,,double,0.00000000
yieldCurve,GBP1D,forwardRate,2031-02-05,IR_SWAP/RATE/GBP/0D/1D/15Y,,double,0.01703863
yieldCurve,GBP1D,time,2036-02-05,IR_SWAP/RATE/GBP/0D/1D/20Y,,double,20.01369863
yieldCurve,GBP1D,zeroRate,2036-02-05,IR_SWAP/RATE/GBP/0D/1D/20Y,,double,0.01428799
yieldCurve,GBP1D,discountFactor,2036-02-05,IR_SWAP/RATE/GBP/0D/1D/20Y,,double,0.75129601
yieldCurve,GBP1D,mdQuote,2036-02-05,IR_SWAP/RATE/GBP/0D/1D/20Y,,double,0.01403900
yieldCurve,GBP1D,calibrationError,2036-02-05,IR_SWAP/RATE/GBP/0D/1D/20Y,,double,0.00000000
yieldCurve,GBP1D,forwardRate,2036-02-05,IR_SWAP/RATE/GBP/0D/1D/20Y,,double,0.01596661
yieldCurve,GBP1D,time,2041-02-05,IR_SWAP/RATE/GBP/0D/1D/25Y,,double,25.01917808
yieldCurve,GBP1D,zeroRate,2041-02-05,IR_SWAP/RATE/GBP/0D/1D/25Y,,double,0.01462375
yieldCurve,GBP1D,discountFactor,2041-02-05,IR_SWAP/RATE/GBP/0D/1D/25Y,,double,0.69358997
yieldCurve,GBP1D,mdQuote,2041-02-05,IR_SWAP/RATE/GBP/0D/1D/25Y,,double,0.01438500
yieldCurve,GBP1D,calibrationError,2041-02-05,IR_SWAP/RATE/GBP/0D/1D/25Y,,double,0.00000000
yieldCurve,GBP1D,forwardRate,2041-02-05,IR_SWAP/RATE/GBP/0D/1D/25Y,,double,0.01471392
yieldCurve,GBP1D,time,2046-02-05,IR_SWAP/RATE/GBP/0D/1D/30Y,,double,30.02191781
yieldCurve,GBP1D,zeroRate,2046-02-05,IR_SWAP/RATE/GBP/0D/1D/30Y,,double,0.01463873
yieldCurve,GBP1D,discountFactor,2046-02-05,IR_SWAP/RATE/GBP/0D/1D/30Y,,double,0.64436964
yieldCurve,GBP1D,mdQuote,2046-02-05,IR_SWAP/RATE/GBP/0D/1D/30Y,,double,0.01444400
yieldCurve,GBP1D,calibrationError,2046-02-05,IR_SWAP/RATE/GBP/0D/1D/30Y,,double,0.00000000
yieldCurve,GBP1D,forwardRate,2046-02-05,IR_SWAP/RATE/GBP/0D/1D/30Y,,double,0.01141232
yieldCurve,GBP1D,time,2056-02-07,IR_SWAP/RATE/GBP/0D/1D/40Y,,double,40.03287671
yieldCurve,GBP1D,zeroRate,2056-02-07,IR_SWAP/RATE/GBP/0D/1D/40Y,,double,0.01383186
yieldCurve,GBP1D,discountFactor,2056-02-07,IR_SWAP/RATE/GBP/0D/1D/40Y,,double,0.57480224
yieldCurve,GBP1D,mdQuote,2056-02-07,IR_SWAP/RATE/GBP/0D/1D/40Y,,double,0.01385800
yieldCurve,GBP1D,calibrationError,2056-02-07,IR_SWAP/RATE/GBP/0D/1D/40Y,,double,0.00000000
yieldCurve,GBP1D,forwardRate,2056-02-07,IR_SWAP/RATE/GBP/0D/1D/40Y,,double,0.01088040
yieldCurve,GBP1D,time,2066-02-05,IR_SWAP/RATE/GBP/0D/1D/50Y,,double,50.03561644
yieldCurve,GBP1D,zeroRate,2066-02-05,IR_SWAP/RATE/GBP/0D/1D/50Y,,double,0.01324180
yieldCurve,GBP1D,discountFactor,2066-02-05,IR_SWAP/RATE/GBP/0D/1D/50Y,,double,0.51552914
yieldCurve,GBP1D,mdQuote,2066-02-05,IR_SWAP/RATE/GBP/0D/1D/50Y,,double,0.01342000
yieldCurve,GBP1D,calibrationError,2066-02-05,IR_SWAP/RATE/GBP/0D/1D/50Y,,double,-0.00000000
yieldCurve,GBP1D,forwardRate,2066-02-05,IR_SWAP/RATE/GBP/0D/1D/50Y,,double,0.01088073
yieldCurve,USD1D,dayCounter,,,,string,Actual/365 (Fixed)
yieldCurve,USD1D,currency,,,,string,USD
yieldCurve,USD1D,time,2016-02-08,MM/RATE/USD/0D/1D,,double,0.00821918
yieldCurve,USD1D,zeroRate,2016-02-08,MM/RATE/USD/0D/1D,,double,0.00454214
yieldCurve,USD1D,discountFactor,2016-02-08,MM/RATE/USD/0D/1D,,double,0.99996267
yieldCurve,USD1D,mdQuote,2016-02-08,MM/RATE/USD/0D/1D,,double,0.00448000
yieldCurve,USD1D,calibrationError,2016-02-08,MM/RATE/USD/0D/1D,,double,0.00000000
yieldCurve,USD1D,forwardRate,2016-02-08,MM/RATE/USD/0D/1D,,double,0.00445723
yieldCurve,USD1D,time,2016-03-11,IR_SWAP/RATE/USD/2D/1D/1M,,double,0.09589041
yieldCurve,USD1D,zeroRate,2016-03-11,IR_SWAP/RATE/USD/2D/1D/1M,,double,0.00452108
yieldCurve,USD1D,discountFactor,2016-03-11,IR_SWAP/RATE/USD/2D/1D/1M,,double,0.99956657
yieldCurve,USD1D,mdQuote,2016-03-11,IR_SWAP/RATE/USD/2D/1D/1M,,double,0.00445800
yieldCurve,USD1D,calibrationError,2016-03-11,IR_SWAP/RATE/USD/2D/1D/1M,,double,-0.00000000
yieldCurve,USD1D,forwardRate,2016-03-11,IR_SWAP/RATE/USD/2D/1D/1M,,double,0.00505353
yieldCurve,USD1D,time,2016-05-11,IR_SWAP/RATE/USD/2D/1D/3M,,double,0.26301370
yieldCurve,USD1D,zeroRate,2016-05-11,IR_SWAP/RATE/USD/2D/1D/3M,,double,0.00490394
yieldCurve,USD1D,discountFactor,2016-05-11,IR_SWAP/RATE/USD/2D/1D/3M,,double,0.99871103
yieldCurve,USD1D,mdQuote,2016-05-11,IR_SWAP/RATE/USD/2D/1D/3M,,double,0.00485100
yieldCurve,USD1D,calibrationError,2016-05-11,IR_SWAP/RATE/USD/2D/1D/3M,,double,0.00000000
yieldCurve,USD1D,forwardRate,2016-05-11,IR_SWAP/RATE/USD/2D/1D/3M,,double,0.00561607
yieldCurve,USD1D,time,2016-08-11,IR_SWAP/RATE/USD/2D/1D/6M,,double,0.51506849
yieldCurve,USD1D,zeroRate,2016-08-11,IR_SWAP/RATE/USD/2D/1D/6M,,double,0.00529058
yieldCurve,USD1D,discountFactor,2016-08-11,IR_SWAP/RATE/USD/2D/1D/6M,,double,0.99727870
yieldCurve,USD1D,mdQuote,2016-08-11,IR_SWAP/RATE/USD/2D/1D/6M,,double,0.00523700
yieldCurve,USD1D,calibrationError,2016-08-11,IR_SWAP/RATE/USD/2D/1D/6M,,double,0.00000000
yieldCurve,USD1D,forwardRate,2016-08-11,IR_SWAP/RATE/USD/2D/1D/6M,,double,0.00592044
yieldCurve,USD1D,time,2016-11-14,IR_SWAP/RATE/USD/2D/1D/9M,,double,0.77534247
yieldCurve,USD1D,zeroRate,2016-11-14,IR_SWAP/RATE/USD/2D/1D/9M,,double,0.00552960
yieldCurve,USD1D,discountFactor,2016-11-14,IR_SWAP/RATE/USD/2D/1D/9M,,double,0.99572184
yieldCurve,USD1D,mdQuote,2016-11-14,IR_SWAP/RATE/USD/2D/1D/9M,,double,0.00547100
yieldCurve,USD1D,calibrationError,2016-11-14,IR_SWAP/RATE/USD/2D/1D/9M,,double,0.00000000
yieldCurve,USD1D,forwardRate,2016-11-14,IR_SWAP/RATE/USD/2D/1D/9M,,double,0.00601544
yieldCurve,USD1D,time,2017-02-13,IR_SWAP/RATE/USD/2D/1D/1Y,,double,1.02465753
yieldCurve,USD1D,zeroRate,2017-02-13,IR_SWAP/RATE/USD/2D/1D/1Y,,double,0.00566813
yieldCurve,USD1D,discountFactor,2017-02-13,IR_SWAP/RATE/USD/2D/1D/1Y,,double,0.99420894
yieldCurve,USD1D,mdQuote,2017-02-13,IR_SWAP/RATE/USD/2D/1D/1Y,,double,0.00561400
yieldCurve,USD1D,calibrationError,2017-02-13,IR_SWAP/RATE/USD/2D/1D/1Y,,double,0.00000000
yieldCurve,USD1D,forwardRate,2017-02-13,IR_SWAP/RATE/USD/2D/1D/1Y,,double,0.00688732
yieldCurve,USD1D,time,2017-05-11,IR_SWAP/RATE/USD/2D/1D/1Y3M,,double,1.26301370
yieldCurve,USD1D,zeroRate,2017-05-11,IR_SWAP/RATE/USD/2D/1D/1Y3M,,double,0.00591625
yieldCurve,USD1D,discountFactor,2017-05-11,IR_SWAP/RATE/USD/2D/1D/1Y3M,,double,0.99255554
yieldCurve,USD1D,mdQuote,2017-05-11,IR_SWAP/RATE/USD/2D/1D/1Y3M,,double,0.00585700
yieldCurve,USD1D,calibrationError,2017-05-11,IR_SWAP/RATE/USD/2D/1D/1Y3M,,double,0.00000000
yieldCurve,USD1D,forwardRate,2017-05-11,IR_SWAP/RATE/USD/2D/1D/1Y3M,,double,0.00701586
yieldCurve,USD1D,time,2017-08-11,IR_SWAP/RATE/USD/2D/1D/1Y6M,,double,1.51506849
yieldCurve,USD1D,zeroRate,2017-08-11,IR_SWAP/RATE/USD/2D/1D/1Y6M,,double,0.00611539
yieldCurve,USD1D,discountFactor,2017-08-11,IR_SWAP/RATE/USD/2D/1D/1Y6M,,double,0.99077755
yieldCurve,USD1D,mdQuote,2017-08-11,IR_SWAP/RATE/USD/2D/1D/1Y6M,,double,0.00605400
yieldCurve,USD1D,calibrationError,2017-08-11,IR_SWAP/RATE/USD/2D/1D/1Y6M,,double,0.00000000
yieldCurve,USD1D,forwardRate,2017-08-11,IR_SWAP/RATE/USD/2D/1D/1Y6M,,double,0.00631651
yieldCurve,USD1D,time,2017-11-13,IR_SWAP/RATE/USD/2D/1D/1Y9M,,double,1.77260274
yieldCurve,USD1D,zeroRate,2017-11-13,IR_SWAP/RATE/USD/2D/1D/1Y9M,,double,0.00615733
yieldCurve,USD1D,discountFactor,2017-11-13,IR_SWAP/RATE/USD/2D/1D/1Y9M,,double,0.98914484
yieldCurve,USD1D,mdQuote,2017-11-13,IR_SWAP/RATE/USD/2D/1D/1Y9M,,double,0.00609700
yieldCurve,USD1D,calibrationError,2017-11-13,IR_SWAP/RATE/USD/2D/1D/1Y9M,,double,0.00000000
yieldCurve,USD1D,forwardRate,2017-11-13,IR_SWAP/RATE/USD/2D/1D/1Y9M,,double,0.00883950
yieldCurve,USD1D,time,2018-02-13,IR_SWAP/RATE/USD/2D/1D/2Y,,double,2.02465753
yieldCurve,USD1D,zeroRate,2018-02-13,IR_SWAP/RATE/USD/2D/1D/2Y,,double,0.00650651
yieldCurve,USD1D,discountFactor,2018-02-13,IR_SWAP/RATE/USD/2D/1D/2Y,,double,0.98691293
yieldCurve,USD1D,mdQuote,2018-02-13,IR_SWAP/RATE/USD/2D/1D/2Y,,double,0.00643300
yieldCurve,USD1D,calibrationError,2018-02-13,IR_SWAP/RATE/USD/2D/1D/2Y,,double,0.00000000
yieldCurve,USD1D,forwardRate,2018-02-13,IR_SWAP/RATE/USD/2D/1D/2Y,,double,0.00840711
yieldCurve,USD1D,time,2019-02-13,IR_SWAP/RATE/USD/2D/1D/3Y,,double,3.02465753
yieldCurve,USD1D,zeroRate,2019-02-13,IR_SWAP/RATE/USD/2D/1D/3Y,,double,0.00717345
yieldCurve,USD1D,discountFactor,2019-02-13,IR_SWAP/RATE/USD/2D/1D/3Y,,double,0.97853645
yieldCurve,USD1D,mdQuote,2019-02-13,IR_SWAP/RATE/USD/2D/1D/3Y,,double,0.00710100
yieldCurve,USD1D,calibrationError,2019-02-13,IR_SWAP/RATE/USD/2D/1D/3Y,,double,-0.00000000
yieldCurve,USD1D,forwardRate,2019-02-13,IR_SWAP/RATE/USD/2D/1D/3Y,,double,0.01179174
yieldCurve,USD1D,time,2020-02-12,IR_SWAP/RATE/USD/2D/1D/4Y,,double,4.02191781
yieldCurve,USD1D,zeroRate,2020-02-12,IR_SWAP/RATE/USD/2D/1D/4Y,,double,0.00835915
yieldCurve,USD1D,discountFactor,2020-02-12,IR_SWAP/RATE/USD/2D/1D/4Y,,double,0.96693906
yieldCurve,USD1D,mdQuote,2020-02-12,IR_SWAP/RATE/USD/2D/1D/4Y,,double,0.00826400
yieldCurve,USD1D,calibrationError,2020-02-12,IR_SWAP/RATE/USD/2D/1D/4Y,,double,0.00000000
yieldCurve,USD1D,forwardRate,2020-02-12,IR_SWAP/RATE/USD/2D/1D/4Y,,double,0.01332972
yieldCurve,USD1D,time,2021-02-11,IR_SWAP/RATE/USD/2D/1D/5Y,,double,5.02191781
yieldCurve,USD1D,zeroRate,2021-02-11,IR_SWAP/RATE/USD/2D/1D/5Y,,double,0.00938574
yieldCurve,USD1D,discountFactor,2021-02-11,IR_SWAP/RATE/USD/2D/1D/5Y,,double,0.95395916
yieldCurve,USD1D,mdQuote,2021-02-11,IR_SWAP/RATE/USD/2D/1D/5Y,,double,0.00926900
yieldCurve,USD1D,calibrationError,2021-02-11,IR_SWAP/RATE/USD/2D/1D/5Y,,double,-0.00000000
yieldCurve,USD1D,forwardRate,2021-02-11,IR_SWAP/RATE/USD/2D/1D/5Y,,double,0.01554918
yieldCurve,USD1D,time,2023-02-13,IR_SWAP/RATE/USD/2D/1D/7Y,,double,7.02739726
yieldCurve,USD1D,zeroRate,2023-02-13,IR_SWAP/RATE/USD/2D/1D/7Y,,double,0.01120620
yieldCurve,USD1D,discountFactor,2023-02-13,IR_SWAP/RATE/USD/2D/1D/7Y,,double,0.92427059
yieldCurve,USD1D,mdQuote,2023-02-13,IR_SWAP/RATE/USD/2D/1D/7Y,,double,0.01103500
yieldCurve,USD1D,calibrationError,2023-02-13,IR_SWAP/RATE/USD/2D/1D/7Y,,double,-0.00000000
yieldCurve,USD1D,forwardRate,2023-02-13,IR_SWAP/RATE/USD/2D/1D/7Y,,double,0.01891670
yieldCurve,USD1D,time,2026-02-11,IR_SWAP/RATE/USD/2D/1D/10Y,,double,10.02465753
yieldCurve,USD1D,zeroRate,2026-02-11,IR_SWAP/RATE/USD/2D/1D/10Y,,double,0.01358996
yieldCurve,USD1D,discountFactor,2026-02-11,IR_SWAP/RATE/USD/2D/1D/10Y,,double,0.87263784
yieldCurve,USD1D,mdQuote,2026-02-11,IR_SWAP/RATE/USD/2D/1D/10Y,,double,0.01331800
yieldCurve,USD1D,calibrationError,2026-02-11,IR_SWAP/RATE/USD/2D/1D/10Y,,double,-0.00000000
yieldCurve,USD1D,forwardRate,2026-02-11,IR_SWAP/RATE/USD/2D/1D/10Y,,double,0.02145606
yieldCurve,USD1D,time,2028-02-11,IR_SWAP/RATE/USD/2D/1D/12Y,,double,12.02465753
yieldCurve,USD1D,zeroRate,2028-02-11,IR_SWAP/RATE/USD/2D/1D/12Y,,double,0.01494774
yieldCurve,USD1D,discountFactor,2028-02-11,IR_SWAP/RATE/USD/2D/1D/12Y,,double,0.83548618
yieldCurve,USD1D,mdQuote,2028-02-11,IR_SWAP/RATE/USD/2D/1D/12Y,,double,0.01459000
yieldCurve,USD1D,calibrationError,2028-02-11,IR_SWAP/RATE/USD/2D/1D/12Y,,double,0.00000000
yieldCurve,USD1D,forwardRate,2028-02-11,IR_SWAP/RATE/USD/2D/1D/12Y,,double,0.02243818
yieldCurve,USD1D,time,2031-02-12,IR_SWAP/RATE/USD/2D/1D/15Y,,double,15.03013699
yieldCurve,USD1D,zeroRate,2031-02-12,IR_SWAP/RATE/USD/2D/1D/15Y,,double,0.01650745
yieldCurve,USD1D,discountFactor,2031-02-12,IR_SWAP/RATE/USD/2D/1D/15Y,,double,0.78027473
yieldCurve,USD1D,mdQuote,2031-02-12,IR_SWAP/RATE/USD/2D/1D/15Y,,double,0.01602900
yieldCurve,USD1D,calibrationError,2031-02-12,IR_SWAP/RATE/USD/2D/1D/15Y,,double,-0.00000000
yieldCurve,USD1D,forwardRate,2031-02-12,IR_SWAP/RATE/USD/2D/1D/15Y,,double,0.02193980
yieldCurve,USD1D,time,2036-02-13,IR_SWAP/RATE/USD/2D/1D/20Y,,double,20.03561644
yieldCurve,USD1D,zeroRate,2036-02-13,IR_SWAP/RATE/USD/2D/1D/20Y,,double,0.01794057
yieldCurve,USD1D,discountFactor,2036-02-13,IR_SWAP/RATE/USD/2D/1D/20Y,,double,0.69805995
yieldCurve,USD1D,mdQuote,2036-02-13,IR_SWAP/RATE/USD/2D/1D/20Y,,double,0.01734000
yieldCurve,USD1D,calibrationError,2036-02-13,IR_SWAP/RATE/USD/2D/1D/20Y,,double,0.00000000
yieldCurve,USD1D,forwardRate,2036-02-13,IR_SWAP/RATE/USD/2D/1D/20Y,,double,0.02147373
yieldCurve,USD1D,time,2041-02-13,IR_SWAP/RATE/USD/2D/1D/25Y,,double,25.04109589
yieldCurve,USD1D,zeroRate,2041-02-13,IR_SWAP/RATE/USD/2D/1D/25Y,,double,0.01870630
yieldCurve,USD1D,discountFactor,2041-02-13,IR_SWAP/RATE/USD/2D/1D/25Y,,double,0.62598666
yieldCurve,USD1D,mdQuote,2041-02-13,IR_SWAP/RATE/USD/2D/1D/25Y,,double,0.01804000
yieldCurve,USD1D,calibrationError,2041-02-13,IR_SWAP/RATE/USD/2D/1D/25Y,,double,0.00000000
yieldCurve,USD1D,forwardRate,2041-02-13,IR_SWAP/RATE/USD/2D/1D/25Y,,double,0.02010446
yieldCurve,USD1D,time,2046-02-13,IR_SWAP/RATE/USD/2D/1D/30Y,,double,30.04383562
yieldCurve,USD1D,zeroRate,2046-02-13,IR_SWAP/RATE/USD/2D/1D/30Y,,double,0.01898551
yieldCurve,USD1D,discountFactor,2046-02-13,IR_SWAP/RATE/USD/2D/1D/30Y,,double,0.56530060
yieldCurve,USD1D,mdQuote,2046-02-13,IR_SWAP/RATE/USD/2D/1D/30Y,,double,0.01832600
yieldCurve,USD1D,calibrationError,2046-02-13,IR_SWAP/RATE/USD/2D/1D/30Y,,double,0.00000000
yieldCurve,USD1D,forwardRate,2046-02-13,IR_SWAP/RATE/USD/2D/1D/30Y,,double,0.02010446
yieldCurve,USD3M,dayCounter,,,,string,Actual/365 (Fixed)
yieldCurve,USD3M,currency,,,,string,USD
yieldCurve,USD3M,time,2016-02-16,MM/RATE/USD/2D/1W,,double,0.03013699
yieldCurve,USD3M,zeroRate,2016-02-16,MM/RATE/USD/2D/1W,,double,0.00588935
yieldCurve,USD3M,discountFactor,2016-02-16,MM/RATE/USD/2D/1W,,double,0.99982253
yieldCurve,USD3M,mdQuote,2016-02-16,MM/RATE/USD/2D/1W,,double,0.00580900
yieldCurve,USD3M,calibrationError,2016-02-16,MM/RATE/USD/2D/1W,,double,-0.00000000
yieldCurve,USD3M,forwardRate,2016-02-16,MM/RATE/USD/2D/1W,,double,0.00814599
yieldCurve,USD3M,time,2016-03-09,MM/RATE/USD/2D/1M,,double,0.09041096
yieldCurve,USD3M,zeroRate,2016-03-09,MM/RATE/USD/2D/1M,,double,0.00731504
yieldCurve,USD3M,discountFactor,2016-03-09,MM/RATE/USD/2D/1M,,double,0.99933886
yieldCurve,USD3M,mdQuote,2016-03-09,MM/RATE/USD/2D/1M,,double,0.00741100
yieldCurve,USD3M,calibrationError,2016-03-09,MM/RATE/USD/2D/1M,,double,0.00000000
yieldCurve,USD3M,forwardRate,2016-03-09,MM/RATE/USD/2D/1M,,double,0.00812450
yieldCurve,USD3M,time,2016-04-11,MM/RATE/USD/2D/2M,,double,0.18082192
yieldCurve,USD3M,zeroRate,2016-04-11,MM/RATE/USD/2D/2M,,double,0.00932356
yieldCurve,USD3M,discountFactor,2016-04-11,MM/RATE/USD/2D/2M,,double,0.99831552
yieldCurve,USD3M,mdQuote,2016-04-11,MM/RATE/USD/2D/2M,,double,0.00942200
yieldCurve,USD3M,calibrationError,2016-04-11,MM/RATE/USD/2D/2M,,double,0.00000000
yieldCurve,USD3M,forwardRate,2016-04-11,MM/RATE/USD/2D/2M,,double,0.00715684
yieldCurve,USD3M,time,2016-05-09,MM/RATE/USD/2D/3M,,double,0.25753425
yieldCurve,USD3M,zeroRate,2016-05-09,MM/RATE/USD/2D/3M,,double,0.00797103
yieldCurve,USD3M,discountFactor,2016-05-09,MM/RATE/USD/2D/3M,,double,0.99794929
yieldCurve,USD3M,mdQuote,2016-05-09,MM/RATE/USD/2D/3M,,double,0.00796100
yieldCurve,USD3M,calibrationError,2016-05-09,MM/RATE/USD/2D/3M,,double,0.00000000
yieldCurve,USD3M,forwardRate,2016-05-09,MM/RATE/USD/2D/3M,,double,0.00814174
yieldCurve,USD3M,time,2016-08-09,FRA/RATE/USD/3M/3M,,double,0.50958904
yieldCurve,USD3M,zeroRate,2016-08-09,FRA/RATE/USD/3M/3M,,double,0.00810228
yieldCurve,USD3M,discountFactor,2016-08-09,FRA/RATE/USD/3M/3M,,double,0.99587968
yieldCurve,USD3M,mdQuote,2016-08-09,FRA/RATE/USD/3M/3M,,double,0.00813200
yieldCurve,USD3M,calibrationError,2016-08-09,FRA/RATE/USD/3M/3M,,double,0.00000000
yieldCurve,USD3M,forwardRate,2016-08-09,FRA/RATE/USD/3M/3M,,double,0.00860983
yieldCurve,USD3M,time,2016-11-09,FRA/RATE/USD/6M/3M,,double,0.76164384
yieldCurve,USD3M,zeroRate,2016-11-09,FRA/RATE/USD/6M/3M,,double,0.00829666
yieldCurve,USD3M,discountFactor,2016-11-09,FRA/RATE/USD/6M/3M,,double,0.99370082
yieldCurve,USD3M,mdQuote,2016-11-09,FRA/RATE/USD/6M/3M,,double,0.00858000
yieldCurve,USD3M,calibrationError,2016-11-09,FRA/RATE/USD/6M/3M,,double,0.00000000
yieldCurve,USD3M,forwardRate,2016-11-09,FRA/RATE/USD/6M/3M,,double,0.00916564
yieldCurve,USD3M,time,2017-02-09,FRA/RATE/USD/9M/3M,,double,1.01369863
yieldCurve,USD3M,zeroRate,2017-02-09,FRA/RATE/USD/9M/3M,,double,0.00853549
yieldCurve,USD3M,discountFactor,2017-02-09,FRA/RATE/USD/9M/3M,,double,0.99138491
yieldCurve,USD3M,mdQuote,2017-02-09,FRA/RATE/USD/9M/3M,,double,0.00914100
yieldCurve,USD3M,calibrationError,2017-02-09,FRA/RATE/USD/9M/3M,,double,0.00000000
yieldCurve,USD3M,forwardRate,2017-02-09,FRA/RATE/USD/9M/3M,,double,0.00961153
yieldCurve,USD3M,time,2017-05-09,FRA/RATE/USD/1Y/3M,,double,1.25753425
yieldCurve,USD3M,zeroRate,2017-05-09,FRA/RATE/USD/1Y/3M,,double,0.00876433
yieldCurve,USD3M,discountFactor,2017-05-09,FRA/RATE/USD/1Y/3M,,double,0.98903906
yieldCurve,USD3M,mdQuote,2017-05-09,FRA/RATE/USD/1Y/3M,,double,0.00959400
yieldCurve,USD3M,calibrationError,2017-05-09,FRA/RATE/USD/1Y/3M,,double,0.00000000
yieldCurve,USD3M,forwardRate,2017-05-09,FRA/RATE/USD/1Y/3M,,double,0.00985635
yieldCurve,USD3M,time,2018-02-09,IR_SWAP/RATE/USD/2D/3M/2Y,,double,2.01369863
yieldCurve,USD3M,zeroRate,2018-02-09,IR_SWAP/RATE/USD/2D/3M/2Y,,double,0.00922108
yieldCurve,USD3M,discountFactor,2018-02-09,IR_SWAP/RATE/USD/2D/3M/2Y,,double,0.98160285
yieldCurve,USD3M,mdQuote,2018-02-09,IR_SWAP/RATE/USD/2D/3M/2Y,,double,0.00926800
yieldCurve,USD3M,calibrationError,2018-02-09,IR_SWAP/RATE/USD/2D/3M/2Y,,double,-0.00000000
yieldCurve,USD3M,forwardRate,2018-02-09,IR_SWAP/RATE/USD/2D/3M/2Y,,double,0.01202891
yieldCurve,USD3M,time,2019-02-11,IR_SWAP/RATE/USD/2D/3M/3Y,,double,3.01917808
yieldCurve,USD3M,zeroRate,2019-02-11,IR_SWAP/RATE/USD/2D/3M/3Y,,double,0.01020572
yieldCurve,USD3M,discountFactor,2019-02-11,IR_SWAP/RATE/USD/2D/3M/3Y,,double,0.96965699
yieldCurve,USD3M,mdQuote,2019-02-11,IR_SWAP/RATE/USD/2D/3M/3Y,,double,0.01024400
yieldCurve,USD3M,calibrationError,2019-02-11,IR_SWAP/RATE/USD/2D/3M/3Y,,double,0.00000000
yieldCurve,USD3M,forwardRate,2019-02-11,IR_SWAP/RATE/USD/2D/3M/3Y,,double,0.01435022
yieldCurve,USD3M,time,2020-02-10,IR_SWAP/RATE/USD/2D/3M/4Y,,double,4.01643836
yieldCurve,USD3M,zeroRate,2020-02-10,IR_SWAP/RATE/USD/2D/3M/4Y,,double,0.01127787
yieldCurve,USD3M,discountFactor,2020-02-10,IR_SWAP/RATE/USD/2D/3M/4Y,,double,0.95571371
yieldCurve,USD3M,mdQuote,2020-02-10,IR_SWAP/RATE/USD/2D/3M/4Y,,double,0.01130700
yieldCurve,USD3M,calibrationError,2020-02-10,IR_SWAP/RATE/USD/2D/3M/4Y,,double,0.00000000
yieldCurve,USD3M,forwardRate,2020-02-10,IR_SWAP/RATE/USD/2D/3M/4Y,,double,0.01662283
yieldCurve,USD3M,time,2021-02-09,IR_SWAP/RATE/USD/2D/3M/5Y,,double,5.01643836
yieldCurve,USD3M,zeroRate,2021-02-09,IR_SWAP/RATE/USD/2D/3M/5Y,,double,0.01238242
yieldCurve,USD3M,discountFactor,2021-02-09,IR_SWAP/RATE/USD/2D/3M/5Y,,double,0.93977418
yieldCurve,USD3M,mdQuote,2021-02-09,IR_SWAP/RATE/USD/2D/3M/5Y,,double,0.01240400
yieldCurve,USD3M,calibrationError,2021-02-09,IR_SWAP/RATE/USD/2D/3M/5Y,,double,0.00000000
yieldCurve,USD3M,forwardRate,2021-02-09,IR_SWAP/RATE/USD/2D/3M/5Y,,double,0.01889889
yieldCurve,USD3M,time,2022-02-09,IR_SWAP/RATE/USD/2D/3M/6Y,,double,6.01643836
yieldCurve,USD3M,zeroRate,2022-02-09,IR_SWAP/RATE/USD/2D/3M/6Y,,double,0.01350174
yieldCurve,USD3M,discountFactor,2022-02-09,IR_SWAP/RATE/USD/2D/3M/6Y,,double,0.92197938
yieldCurve,USD3M,mdQuote,2022-02-09,IR_SWAP/RATE/USD/2D/3M/6Y,,double,0.01350200
yieldCurve,USD3M,calibrationError,2022-02-09,IR_SWAP/RATE/USD/2D/3M/6Y,,double,0.00000000
yieldCurve,USD3M,forwardRate,2022-02-09,IR_SWAP/RATE/USD/2D/3M/6Y,,double,0.01942362
yieldCurve,USD3M,time,2023-02-09,IR_SWAP/RATE/USD/2D/3M/7Y,,double,7.01643836
yieldCurve,USD3M,zeroRate,2023-02-09,IR_SWAP/RATE/USD/2D/3M/7Y,,double,0.01437748
yieldCurve,USD3M,discountFactor,2023-02-09,IR_SWAP/RATE/USD/2D/3M/7Y,,double,0.90404271
yieldCurve,USD3M,mdQuote,2023-02-09,IR_SWAP/RATE/USD/2D/3M/7Y,,double,0.01435700
yieldCurve,USD3M,calibrationError,2023-02-09,IR_SWAP/RATE/USD/2D/3M/7Y,,double,0.00000000
yieldCurve,USD3M,forwardRate,2023-02-09,IR_SWAP/RATE/USD/2D/3M/7Y,,double,0.02095527
yieldCurve,USD3M,time,2024-02-09,IR_SWAP/RATE/USD/2D/3M/8Y,,double,8.01643836
yieldCurve,USD3M,zeroRate,2024-02-09,IR_SWAP/RATE/USD/2D/3M/8Y,,double,0.01522733
yieldCurve,USD3M,discountFactor,2024-02-09,IR_SWAP/RATE/USD/2D/3M/8Y,,double,0.88508737
yieldCurve,USD3M,mdQuote,2024-02-09,IR_SWAP/RATE/USD/2D/3M/8Y,,double,0.01518100
yieldCurve,USD3M,calibrationError,2024-02-09,IR_SWAP/RATE/USD/2D/3M/8Y,,double,0.00000000
yieldCurve,USD3M,forwardRate,2024-02-09,IR_SWAP/RATE/USD/2D/3M/8Y,,double,0.02317195
yieldCurve,USD3M,time,2025-02-10,IR_SWAP/RATE/USD/2D/3M/9Y,,double,9.02191781
yieldCurve,USD3M,zeroRate,2025-02-10,IR_SWAP/RATE/USD/2D/3M/9Y,,double,0.01614105
yieldCurve,USD3M,discountFactor,2025-02-10,IR_SWAP/RATE/USD/2D/3M/9Y,,double,0.86448332
yieldCurve,USD3M,mdQuote,2025-02-10,IR_SWAP/RATE/USD/2D/3M/9Y,,double,0.01606300
yieldCurve,USD3M,calibrationError,2025-02-10,IR_SWAP/RATE/USD/2D/3M/9Y,,double,0.00000000
yieldCurve,USD3M,forwardRate,2025-02-10,IR_SWAP/RATE/USD/2D/3M/9Y,,double,0.02368939
yieldCurve,USD3M,time,2026-02-09,IR_SWAP/RATE/USD/2D/3M/10Y,,double,10.01917808
yieldCurve,USD3M,zeroRate,2026-02-09,IR_SWAP/RATE/USD/2D/3M/10Y,,double,0.01691815
yieldCurve,USD3M,discountFactor,2026-02-09,IR_SWAP/RATE/USD/2D/3M/10Y,,double,0.84408169
yieldCurve,USD3M,mdQuote,2026-02-09,IR_SWAP/RATE/USD/2D/3M/10Y,,double,0.01680500
yieldCurve,USD3M,calibrationError,2026-02-09,IR_SWAP/RATE/USD/2D/3M/10Y,,double,0.00000000
yieldCurve,USD3M,forwardRate,2026-02-09,IR_SWAP/RATE/USD/2D/3M/10Y,,double,0.02448511
yieldCurve,USD3M,time,2028-02-09,IR_SWAP/RATE/USD/2D/3M/12Y,,double,12.01917808
yieldCurve,USD3M,zeroRate,2028-02-09,IR_SWAP/RATE/USD/2D/3M/12Y,,double,0.01822144
yieldCurve,USD3M,discountFactor,2028-02-09,IR_SWAP/RATE/USD/2D/3M/12Y,,double,0.80331633
yieldCurve,USD3M,mdQuote,2028-02-09,IR_SWAP/RATE/USD/2D/3M/12Y,,double,0.01803800
yieldCurve,USD3M,calibrationError,2028-02-09,IR_SWAP/RATE/USD/2D/3M/12Y,,double,-0.00000000
yieldCurve,USD3M,forwardRate,2028-02-09,IR_SWAP/RATE/USD/2D/3M/12Y,,double,0.02482157
yieldCurve,USD3M,time,2031-02-10,IR_SWAP/RATE/USD/2D/3M/15Y,,double,15.02465753
yieldCurve,USD3M,zeroRate,2031-02-10,IR_SWAP/RATE/USD/2D/3M/15Y,,double,0.01959511
yieldCurve,USD3M,discountFactor,2031-02-10,IR_SWAP/RATE/USD/2D/3M/15Y,,double,0.74497112
yieldCurve,USD3M,mdQuote,2031-02-10,IR_SWAP/RATE/USD/2D/3M/15Y,,double,0.01932300
yieldCurve,USD3M,calibrationError,2031-02-10,IR_SWAP/RATE/USD/2D/3M/15Y,,double,0.00000000
yieldCurve,USD3M,forwardRate,2031-02-10,IR_SWAP/RATE/USD/2D/3M/15Y,,double,0.02518501
yieldCurve,USD3M,time,2036-02-11,IR_SWAP/RATE/USD/2D/3M/20Y,,double,20.03013699
yieldCurve,USD3M,zeroRate,2036-02-11,IR_SWAP/RATE/USD/2D/3M/20Y,,double,0.02105964
yieldCurve,USD3M,discountFactor,2036-02-11,IR_SWAP/RATE/USD/2D/3M/20Y,,double,0.65584716
yieldCurve,USD3M,mdQuote,2036-02-11,IR_SWAP/RATE/USD/2D/3M/20Y,,double,0.02066600
yieldCurve,USD3M,calibrationError,2036-02-11,IR_SWAP/RATE/USD/2D/3M/20Y,,double,0.00000000
yieldCurve,USD3M,forwardRate,2036-02-11,IR_SWAP/RATE/USD/2D/3M/20Y,,double,0.02416637
yieldCurve,USD3M,time,2041-02-11,IR_SWAP/RATE/USD/2D/3M/25Y,,double,25.03561644
yieldCurve,USD3M,zeroRate,2041-02-11,IR_SWAP/RATE/USD/2D/3M/25Y,,double,0.02173315
yieldCurve,USD3M,discountFactor,2041-02-11,IR_SWAP/RATE/USD/2D/3M/25Y,,double,0.58036224
yieldCurve,USD3M,mdQuote,2041-02-11,IR_SWAP/RATE/USD/2D/3M/25Y,,double,0.02129600
yieldCurve,USD3M,calibrationError,2041-02-11,IR_SWAP/RATE/USD/2D/3M/25Y,,double,-0.00000000
yieldCurve,USD3M,forwardRate,2041-02-11,IR_SWAP/RATE/USD/2D/3M/25Y,,double,0.02444251
yieldCurve,USD3M,time,2046-02-09,IR_SWAP/RATE/USD/2D/3M/30Y,,double,30.03287671
yieldCurve,USD3M,zeroRate,2046-02-09,IR_SWAP/RATE/USD/2D/3M/30Y,,double,0.02222805
yieldCurve,USD3M,discountFactor,2046-02-09,IR_SWAP/RATE/USD/2D/3M/30Y,,double,0.51295241
yieldCurve,USD3M,mdQuote,2046-02-09,IR_SWAP/RATE/USD/2D/3M/30Y,,double,0.02174500
yieldCurve,USD3M,calibrationError,2046-02-09,IR_SWAP/RATE/USD/2D/3M/30Y,,double,-0.00000000
yieldCurve,USD3M,forwardRate,2046-02-09,IR_SWAP/RATE/USD/2D/3M/30Y,,double,0.02444334
yieldCurve,USD6M,dayCounter,,,,string,Actual/365 (Fixed)
yieldCurve,USD6M,currency,,,,string,USD
yieldCurve,USD6M,time,2016-02-16,MM/RATE/USD/2D/1W,,double,0.03013699
yieldCurve,USD6M,zeroRate,2016-02-16,MM/RATE/USD/2D/1W,,double,0.00588935
yieldCurve,USD6M,discountFactor,2016-02-16,MM/RATE/USD/2D/1W,,double,0.99982253
yieldCurve,USD6M,mdQuote,2016-02-16,MM/RATE/USD/2D/1W,,double,0.00580900
yieldCurve,USD6M,calibrationError,2016-02-16,MM/RATE/USD/2D/1W,,double,-0.00000000
yieldCurve,USD6M,forwardRate,2016-02-16,MM/RATE/USD/2D/1W,,double,0.00821230
yieldCurve,USD6M,time,2016-03-09,MM/RATE/USD/2D/1M,,double,0.09041096
yieldCurve,USD6M,zeroRate,2016-03-09,MM/RATE/USD/2D/1M,,double,0.00731504
yieldCurve,USD6M,discountFactor,2016-03-09,MM/RATE/USD/2D/1M,,double,0.99933886
yieldCurve,USD6M,mdQuote,2016-03-09,MM/RATE/USD/2D/1M,,double,0.00741100
yieldCurve,USD6M,calibrationError,2016-03-09,MM/RATE/USD/2D/1M,,double,0.00000000
yieldCurve,USD6M,forwardRate,2016-03-09,MM/RATE/USD/2D/1M,,double,0.00840182
yieldCurve,USD6M,time,2016-04-11,MM/RATE/USD/2D/2M,,double,0.18082192
yieldCurve,USD6M,zeroRate,2016-04-11,MM/RATE/USD/2D/2M,,double,0.00932356
yieldCurve,USD6M,discountFactor,2016-04-11,MM/RATE/USD/2D/2M,,double,0.99831552
yieldCurve,USD6M,mdQuote,2016-04-11,MM/RATE/USD/2D/2M,,double,0.00942200
yieldCurve,USD6M,calibrationError,2016-04-11,MM/RATE/USD/2D/2M,,double,0.00000000
yieldCurve,USD6M,forwardRate,2016-04-11,MM/RATE/USD/2D/2M,,double,0.00817471
yieldCurve,USD6M,time,2016-05-09,MM/RATE/USD/2D/3M,,double,0.25753425
yieldCurve,USD6M,zeroRate,2016-05-09,MM/RATE/USD/2D/3M,,double,0.00797103
yieldCurve,USD6M,discountFactor,2016-05-09,MM/RATE/USD/2D/3M,,double,0.99794929
yieldCurve,USD6M,mdQuote,2016-05-09,MM/RATE/USD/2D/3M,,double,0.00796100
yieldCurve,USD6M,calibrationError,2016-05-09,MM/RATE/USD/2D/3M,,double,0.00000000
yieldCurve,USD6M,forwardRate,2016-05-09,MM/RATE/USD/2D/3M,,double,0.00890508
yieldCurve,USD6M,time,2016-08-09,MM/RATE/USD/2D/6M,,double,0.50958904
yieldCurve,USD6M,zeroRate,2016-08-09,MM/RATE/USD/2D/6M,,double,0.00809376
yieldCurve,USD6M,discountFactor,2016-08-09,MM/RATE/USD/2D/6M,,double,0.99588400
yieldCurve,USD6M,mdQuote,2016-08-09,MM/RATE/USD/2D/6M,,double,0.00804700
yieldCurve,USD6M,calibrationError,2016-08-09,MM/RATE/USD/2D/6M,,double,0.00000000
yieldCurve,USD6M,forwardRate,2016-08-09,MM/RATE/USD/2D/6M,,double,0.00963351
yieldCurve,USD6M,time,2017-02-09,FRA/RATE/USD/6M/6M,,double,1.01369863
yieldCurve,USD6M,zeroRate,2017-02-09,FRA/RATE/USD/6M/6M,,double,0.00891233
yieldCurve,USD6M,discountFactor,2017-02-09,FRA/RATE/USD/6M/6M,,double,0.99100627
yieldCurve,USD6M,mdQuote,2017-02-09,FRA/RATE/USD/6M/6M,,double,0.00963000
yieldCurve,USD6M,calibrationError,2017-02-09,FRA/RATE/USD/6M/6M,,double,0.00000000
yieldCurve,USD6M,forwardRate,2017-02-09,FRA/RATE/USD/6M/6M,,double,0.00959463
yieldCurve,USD6M,time,2017-08-09,FRA/RATE/USD/1Y/6M,,double,1.50958904
yieldCurve,USD6M,zeroRate,2017-08-09,FRA/RATE/USD/1Y/6M,,double,0.00923433
yieldCurve,USD6M,discountFactor,2017-08-09,FRA/RATE/USD/1Y/6M,,double,0.98615668
yieldCurve,USD6M,mdQuote,2017-08-09,FRA/RATE/USD/1Y/6M,,double,0.00978100
yieldCurve,USD6M,calibrationError,2017-08-09,FRA/RATE/USD/1Y/6M,,double,0.00000000
yieldCurve,USD6M,forwardRate,2017-08-09,FRA/RATE/USD/1Y/6M,,double,0.00313387
yieldCurve,USD6M,time,2018-02-09,BASIS_SWAP/BASIS_SPREAD/3M/6M/USD/2Y,,double,2.01369863
yieldCurve,USD6M,zeroRate,2018-02-09,BASIS_SWAP/BASIS_SPREAD/3M/6M/USD/2Y,,double,0.00768441
yieldCurve,USD6M,discountFactor,2018-02-09,BASIS_SWAP/BASIS_SPREAD/3M/6M/USD/2Y,,double,0.98464501
yieldCurve,USD6M,mdQuote,2018-02-09,BASIS_SWAP/BASIS_SPREAD/3M/6M/USD/2Y,,double,-0.00151900
yieldCurve,USD6M,calibrationError,2018-02-09,BASIS_SWAP/BASIS_SPREAD/3M/6M/USD/2Y,,double,0.00000000
yieldCurve,USD6M,forwardRate,2018-02-09,BASIS_SWAP/BASIS_SPREAD/3M/6M/USD/2Y,,double,0.01104469
yieldCurve,USD6M,time,2019-02-11,BASIS_SWAP/BASIS_SPREAD/3M/6M/USD/3Y,,double,3.01917808
yieldCurve,USD6M,zeroRate,2019-02-11,BASIS_SWAP/BASIS_SPREAD/3M/6M/USD/3Y,,double,0.00884426
yieldCurve,USD6M,discountFactor,2019-02-11,BASIS_SWAP/BASIS_SPREAD/3M/6M/USD/3Y,,double,0.97365097
yieldCurve,USD6M,mdQuote,2019-02-11,BASIS_SWAP/BASIS_SPREAD/3M/6M/USD/3Y,,double,-0.00135200
yieldCurve,USD6M,calibrationError,2019-02-11,BASIS_SWAP/BASIS_SPREAD/3M/6M/USD/3Y,,double,0.00000000
yieldCurve,USD6M,forwardRate,2019-02-11,BASIS_SWAP/BASIS_SPREAD/3M/6M/USD/3Y,,double,0.01327388
yieldCurve,USD6M,time,2020-02-10,BASIS_SWAP/BASIS_SPREAD/3M/6M/USD/4Y,,double,4.01643836
yieldCurve,USD6M,zeroRate,2020-02-10,BASIS_SWAP/BASIS_SPREAD/3M/6M/USD/4Y,,double,0.00997878
yieldCurve,USD6M,discountFactor,2020-02-10,BASIS_SWAP/BASIS_SPREAD/3M/6M/USD/4Y,,double,0.96071338
yieldCurve,USD6M,mdQuote,2020-02-10,BASIS_SWAP/BASIS_SPREAD/3M/6M/USD/4Y,,double,-0.00129400
yieldCurve,USD6M,calibrationError,2020-02-10,BASIS_SWAP/BASIS_SPREAD/3M/6M/USD/4Y,,double,0.00000000
yieldCurve,USD6M,forwardRate,2020-02-10,BASIS_SWAP/BASIS_SPREAD/3M/6M/USD/4Y,,double,0.01571740
yieldCurve,USD6M,time,2021-02-09,BASIS_SWAP/BASIS_SPREAD/3M/6M/USD/5Y,,double,5.01643836
yieldCurve,USD6M,zeroRate,2021-02-09,BASIS_SWAP/BASIS_SPREAD/3M/6M/USD/5Y,,double,0.01115371
yieldCurve,USD6M,discountFactor,2021-02-09,BASIS_SWAP/BASIS_SPREAD/3M/6M/USD/5Y,,double,0.94558463
yieldCurve,USD6M,mdQuote,2021-02-09,BASIS_SWAP/BASIS_SPREAD/3M/6M/USD/5Y,,double,-0.00122500
yieldCurve,USD6M,calibrationError,2021-02-09,BASIS_SWAP/BASIS_SPREAD/3M/6M/USD/5Y,,double,0.00000000
yieldCurve,USD6M,forwardRate,2021-02-09,BASIS_SWAP/BASIS_SPREAD/3M/6M/USD/5Y,,double,0.01763303
yieldCurve,USD6M,time,2022-02-09,BASIS_SWAP/BASIS_SPREAD/3M/6M/USD/6Y,,double,6.01643836
yieldCurve,USD6M,zeroRate,2022-02-09,BASIS_SWAP/BASIS_SPREAD/3M/6M/USD/6Y,,double,0.01225825
yieldCurve,USD6M,discountFactor,2022-02-09,BASIS_SWAP/BASIS_SPREAD/3M/6M/USD/6Y,,double,0.92890293
yieldCurve,USD6M,mdQuote,2022-02-09,BASIS_SWAP/BASIS_SPREAD/3M/6M/USD/6Y,,double,-0.00123900
yieldCurve,USD6M,calibrationError,2022-02-09,BASIS_SWAP/BASIS_SPREAD/3M/6M/USD/6Y,,double,0.00000000
yieldCurve,USD6M,forwardRate,2022-02-09,BASIS_SWAP/BASIS_SPREAD/3M/6M/USD/6Y,,double,0.01926851
yieldCurve,USD6M,time,2023-02-09,BASIS_SWAP/BASIS_SPREAD/3M/6M/USD/7Y,,double,7.01643836
yieldCurve,USD6M,zeroRate,2023-02-09,BASIS_SWAP/BASIS_SPREAD/3M/6M/USD/7Y,,double,0.01328211
yieldCurve,USD6M,discountFactor,2023-02-09,BASIS_SWAP/BASIS_SPREAD/3M/6M/USD/7Y,,double,0.91101754
yieldCurve,USD6M,mdQuote,2023-02-09,BASIS_SWAP/BASIS_SPREAD/3M/6M/USD/7Y,,double,-0.00109700
yieldCurve,USD6M,calibrationError,2023-02-09,BASIS_SWAP/BASIS_SPREAD/3M/6M/USD/7Y,,double,0.00000000
yieldCurve,USD6M,forwardRate,2023-02-09,BASIS_SWAP/BASIS_SPREAD/3M/6M/USD/7Y,,double,0.01971996
yieldCurve,USD6M,time,2024-02-09,BASIS_SWAP/BASIS_SPREAD/3M/6M/USD/8Y,,double,8.01643836
yieldCurve,USD6M,zeroRate,2024-02-09,BASIS_SWAP/BASIS_SPREAD/3M/6M/USD/8Y,,double,0.01410701
yieldCurve,USD6M,discountFactor,2024-02-09,BASIS_SWAP/BASIS_SPREAD/3M/6M/USD/8Y,,double,0.89307209
yieldCurve,USD6M,mdQuote,2024-02-09,BASIS_SWAP/BASIS_SPREAD/3M/6M/USD/8Y,,double,-0.00112000
yieldCurve,USD6M,calibrationError,2024-02-09,BASIS_SWAP/BASIS_SPREAD/3M/6M/USD/8Y,,double,0.00000000
yieldCurve,USD6M,forwardRate,2024-02-09,BASIS_SWAP/BASIS_SPREAD/3M/6M/USD/8Y,,double,0.02096955
yieldCurve,USD6M,time,2025-02-10,BASIS_SWAP/BASIS_SPREAD/3M/6M/USD/9Y,,double,9.02191781
yieldCurve,USD6M,zeroRate,2025-02-10,BASIS_SWAP/BASIS_SPREAD/3M/6M/USD/9Y,,double,0.01489182
yieldCurve,USD6M,discountFactor,2025-02-10,BASIS_SWAP/BASIS_SPREAD/3M/6M/USD/9Y,,double,0.87428161
yieldCurve,USD6M,mdQuote,2025-02-10,BASIS_SWAP/BASIS_SPREAD/3M/6M/USD/9Y,,double,-0.00124100
yieldCurve,USD6M,calibrationError,2025-02-10,BASIS_SWAP/BASIS_SPREAD/3M/6M/USD/9Y,,double,0.00000000
yieldCurve,USD6M,forwardRate,2025-02-10,BASIS_SWAP/BASIS_SPREAD/3M/6M/USD/9Y,,double,0.02254494
yieldCurve,USD6M,time,2026-02-09,BASIS_SWAP/BASIS_SPREAD/3M/6M/USD/10Y,,double,10.01917808
yieldCurve,USD6M,zeroRate,2026-02-09,BASIS_SWAP/BASIS_SPREAD/3M/6M/USD/10Y,,double,0.01567194
yieldCurve,USD6M,discountFactor,2026-02-09,BASIS_SWAP/BASIS_SPREAD/3M/6M/USD/10Y,,double,0.85468700
yieldCurve,USD6M,mdQuote,2026-02-09,BASIS_SWAP/BASIS_SPREAD/3M/6M/USD/10Y,,double,-0.00123900
yieldCurve,USD6M,calibrationError,2026-02-09,BASIS_SWAP/BASIS_SPREAD/3M/6M/USD/10Y,,double,0.00000000
yieldCurve,USD6M,forwardRate,2026-02-09,BASIS_SWAP/BASIS_SPREAD/3M/6M/USD/10Y,,double,0.02321168
yieldCurve,USD6M,time,2028-02-09,BASIS_SWAP/BASIS_SPREAD/3M/6M/USD/12Y,,double,12.01917808
yieldCurve,USD6M,zeroRate,2028-02-09,BASIS_SWAP/BASIS_SPREAD/3M/6M/USD/12Y,,double,0.01695753
yieldCurve,USD6M,discountFactor,2028-02-09,BASIS_SWAP/BASIS_SPREAD/3M/6M/USD/12Y,,double,0.81561280
yieldCurve,USD6M,mdQuote,2028-02-09,BASIS_SWAP/BASIS_SPREAD/3M/6M/USD/12Y,,double,-0.00125600
yieldCurve,USD6M,calibrationError,2028-02-09,BASIS_SWAP/BASIS_SPREAD/3M/6M/USD/12Y,,double,0.00000000
yieldCurve,USD6M,forwardRate,2028-02-09,BASIS_SWAP/BASIS_SPREAD/3M/6M/USD/12Y,,double,0.02396640
yieldCurve,USD6M,time,2031-02-10,BASIS_SWAP/BASIS_SPREAD/3M/6M/USD/15Y,,double,15.02465753
yieldCurve,USD6M,zeroRate,2031-02-10,BASIS_SWAP/BASIS_SPREAD/3M/6M/USD/15Y,,double,0.01839693
yieldCurve,USD6M,discountFactor,2031-02-10,BASIS_SWAP/BASIS_SPREAD/3M/6M/USD/15Y,,double,0.75850370
yieldCurve,USD6M,mdQuote,2031-02-10,BASIS_SWAP/BASIS_SPREAD/3M/6M/USD/15Y,,double,-0.00119900
yieldCurve,USD6M,calibrationError,2031-02-10,BASIS_SWAP/BASIS_SPREAD/3M/6M/USD/15Y,,double,-0.00000000
yieldCurve,USD6M,forwardRate,2031-02-10,BASIS_SWAP/BASIS_SPREAD/3M/6M/USD/15Y,,double,0.02385093
yieldCurve,USD6M,time,2036-02-11,BASIS_SWAP/BASIS_SPREAD/3M/6M/USD/20Y,,double,20.03013699
yieldCurve,USD6M,zeroRate,2036-02-11,BASIS_SWAP/BASIS_SPREAD/3M/6M/USD/20Y,,double,0.01980671
yieldCurve,USD6M,discountFactor,2036-02-11,BASIS_SWAP/BASIS_SPREAD/3M/6M/USD/20Y,,double,0.67251485
yieldCurve,USD6M,mdQuote,2036-02-11,BASIS_SWAP/BASIS_SPREAD/3M/6M/USD/20Y,,double,-0.00124500
yieldCurve,USD6M,calibrationError,2036-02-11,BASIS_SWAP/BASIS_SPREAD/3M/6M/USD/20Y,,double,-0.00000000
yieldCurve,USD6M,forwardRate,2036-02-11,BASIS_SWAP/BASIS_SPREAD/3M/6M/USD/20Y,,double,0.02315903
yieldCurve,USD6M,time,2041-02-11,BASIS_SWAP/BASIS_SPREAD/3M/6M/USD/25Y,,double,25.03561644
yieldCurve,USD6M,zeroRate,2041-02-11,BASIS_SWAP/BASIS_SPREAD/3M/6M/USD/25Y,,double,0.02051399
yieldCurve,USD6M,discountFactor,2041-02-11,BASIS_SWAP/BASIS_SPREAD/3M/6M/USD/25Y,,double,0.59834938
yieldCurve,USD6M,mdQuote,2041-02-11,BASIS_SWAP/BASIS_SPREAD/3M/6M/USD/25Y,,double,-0.00121900
yieldCurve,USD6M,calibrationError,2041-02-11,BASIS_SWAP/BASIS_SPREAD/3M/6M/USD/25Y,,double,0.00000000
yieldCurve,USD6M,forwardRate,2041-02-11,BASIS_SWAP/BASIS_SPREAD/3M/6M/USD/25Y,,double,0.02350708
yieldCurve,USD6M,time,2046-02-09,BASIS_SWAP/BASIS_SPREAD/3M/6M/USD/30Y,,double,30.03287671
yieldCurve,USD6M,zeroRate,2046-02-09,BASIS_SWAP/BASIS_SPREAD/3M/6M/USD/30Y,,double,0.02104309
yieldCurve,USD6M,discountFactor,2046-02-09,BASIS_SWAP/BASIS_SPREAD/3M/6M/USD/30Y,,double,0.53153584
yieldCurve,USD6M,mdQuote,2046-02-09,BASIS_SWAP/BASIS_SPREAD/3M/6M/USD/30Y,,double,-0.00119300
yieldCurve,USD6M,calibrationError,2046-02-09,BASIS_SWAP/BASIS_SPREAD/3M/6M/USD/30Y,,double,-0.00000000
yieldCurve,USD6M,forwardRate,2046-02-09,BASIS_SWAP/BASIS_SPREAD/3M/6M/USD/30Y,,double,0.02350708
yieldCurve,USDBMA,dayCounter,,,,string,Actual/365 (Fixed)
yieldCurve,USDBMA,currency,,,,string,USD
yieldCurve,USDBMA,time,2016-05-12,BMA_SWAP/RATIO/USD/3M/3M,,double,0.26575342
yieldCurve,USDBMA,zeroRate,2016-05-12,BMA_SWAP/RATIO/USD/3M/3M,,double,0.00503297
yieldCurve,USDBMA,discountFactor,2016-05-12,BMA_SWAP/RATIO/USD/3M/3M,,double,0.99866336
yieldCurve,USDBMA,mdQuote,2016-05-12,BMA_SWAP/RATIO/USD/3M/3M,,double,0.80000000
yieldCurve,USDBMA,calibrationError,2016-05-12,BMA_SWAP/RATIO/USD/3M/3M,,double,0.00000000
yieldCurve,USDBMA,forwardRate,2016-05-12,BMA_SWAP/RATIO/USD/3M/3M,,double,0.00702844
yieldCurve,USDBMA,time,2017-02-16,BMA_SWAP/RATIO/USD/3M/1Y,,double,1.03287671
yieldCurve,USDBMA,zeroRate,2017-02-16,BMA_SWAP/RATIO/USD/3M/1Y,,double,0.00650046
yieldCurve,USDBMA,discountFactor,2017-02-16,BMA_SWAP/RATIO/USD/3M/1Y,,double,0.99330832
yieldCurve,USDBMA,mdQuote,2017-02-16,BMA_SWAP/RATIO/USD/3M/1Y,,double,0.80000000
yieldCurve,USDBMA,calibrationError,2017-02-16,BMA_SWAP/RATIO/USD/3M/1Y,,double,0.00000000
yieldCurve,USDBMA,forwardRate,2017-02-16,BMA_SWAP/RATIO/USD/3M/1Y,,double,0.00796179
yieldCurve,USDBMA,time,2018-02-15,BMA_SWAP/RATIO/USD/3M/2Y,,double,2.03013699
yieldCurve,USDBMA,zeroRate,2018-02-15,BMA_SWAP/RATIO/USD/3M/2Y,,double,0.00721805
yieldCurve,USDBMA,discountFactor,2018-02-15,BMA_SWAP/RATIO/USD/3M/2Y,,double,0.98545322
yieldCurve,USDBMA,mdQuote,2018-02-15,BMA_SWAP/RATIO/USD/3M/2Y,,double,0.80000000
yieldCurve,USDBMA,calibrationError,2018-02-15,BMA_SWAP/RATIO/USD/3M/2Y,,double,0.00000000
yieldCurve,USDBMA,forwardRate,2018-02-15,BMA_SWAP/RATIO/USD/3M/2Y,,double,0.00978718
yieldCurve,USDBMA,time,2019-02-14,BMA_SWAP/RATIO/USD/3M/3Y,,double,3.02739726
yieldCurve,USDBMA,zeroRate,2019-02-14,BMA_SWAP/RATIO/USD/3M/3Y,,double,0.00806409
yieldCurve,USDBMA,discountFactor,2019-02-14,BMA_SWAP/RATIO/USD/3M/3Y,,double,0.97588239
yieldCurve,USDBMA,mdQuote,2019-02-14,BMA_SWAP/RATIO/USD/3M/3Y,,double,0.80000000
yieldCurve,USDBMA,calibrationError,2019-02-14,BMA_SWAP/RATIO/USD/3M/3Y,,double,0.00000000
yieldCurve,USDBMA,forwardRate,2019-02-14,BMA_SWAP/RATIO/USD/3M/3Y,,double,0.01165539
yieldCurve,USDBMA,time,2020-02-13,BMA_SWAP/RATIO/USD/3M/4Y,,double,4.02465753
yieldCurve,USDBMA,zeroRate,2020-02-13,BMA_SWAP/RATIO/USD/3M/4Y,,double,0.00895369
yieldCurve,USDBMA,discountFactor,2020-02-13,BMA_SWAP/RATIO/USD/3M/4Y,,double,0.96460601
yieldCurve,USDBMA,mdQuote,2020-02-13,BMA_SWAP/RATIO/USD/3M/4Y,,double,0.80000000
yieldCurve,USDBMA,calibrationError,2020-02-13,BMA_SWAP/RATIO/USD/3M/4Y,,double,0.00000000
yieldCurve,USDBMA,forwardRate,2020-02-13,BMA_SWAP/RATIO/USD/3M/4Y,,double,0.01353531
yieldCurve,USDBMA,time,2021-02-11,BMA_SWAP/RATIO/USD/3M/5Y,,double,5.02191781
yieldCurve,USDBMA,zeroRate,2021-02-11,BMA_SWAP/RATIO/USD/3M/5Y,,double,0.00985587
yieldCurve,USDBMA,discountFactor,2021-02-11,BMA_SWAP/RATIO/USD/3M/5Y,,double,0.95170954
yieldCurve,USDBMA,mdQuote,2021-02-11,BMA_SWAP/RATIO/USD/3M/5Y,,double,0.80000000
yieldCurve,USDBMA,calibrationError,2021-02-11,BMA_SWAP/RATIO/USD/3M/5Y,,double,0.00000000
yieldCurve,USDBMA,forwardRate,2021-02-11,BMA_SWAP/RATIO/USD/3M/5Y,,double,0.01533983
yieldCurve,USDBMA,time,2022-02-10,BMA_SWAP/RATIO/USD/3M/6Y,,double,6.01917808
yieldCurve,USDBMA,zeroRate,2022-02-10,BMA_SWAP/RATIO/USD/3M/6Y,,double,0.01076414
yieldCurve,USDBMA,discountFactor,2022-02-10,BMA_SWAP/RATIO/USD/3M/6Y,,double,0.93726308
yieldCurve,USDBMA,mdQuote,2022-02-10,BMA_SWAP/RATIO/USD/3M/6Y,,double,0.80000000
yieldCurve,USDBMA,calibrationError,2022-02-10,BMA_SWAP/RATIO/USD/3M/6Y,,double,-0.00000000
yieldCurve,USDBMA,forwardRate,2022-02-10,BMA_SWAP/RATIO/USD/3M/6Y,,double,0.01575645
yieldCurve,USDBMA,time,2023-02-16,BMA_SWAP/RATIO/USD/3M/7Y,,double,7.03561644
yieldCurve,USDBMA,zeroRate,2023-02-16,BMA_SWAP/RATIO/USD/3M/7Y,,double,0.01148509
yieldCurve,USDBMA,discountFactor,2023-02-16,BMA_SWAP/RATIO/USD/3M/7Y,,double,0.92237386
yieldCurve,USDBMA,mdQuote,2023-02-16,BMA_SWAP/RATIO/USD/3M/7Y,,double,0.80000000
yieldCurve,USDBMA,calibrationError,2023-02-16,BMA_SWAP/RATIO/USD/3M/7Y,,double,-0.00000000
yieldCurve,USDBMA,forwardRate,2023-02-16,BMA_SWAP/RATIO/USD/3M/7Y,,double,0.01702129
yieldCurve,USDBMA,time,2024-02-15,BMA_SWAP/RATIO/USD/3M/8Y,,double,8.03287671
yieldCurve,USDBMA,zeroRate,2024-02-15,BMA_SWAP/RATIO/USD/3M/8Y,,double,0.01217209
yieldCurve,USDBMA,discountFactor,2024-02-15,BMA_SWAP/RATIO/USD/3M/8Y,,double,0.90685117
yieldCurve,USDBMA,mdQuote,2024-02-15,BMA_SWAP/RATIO/USD/3M/8Y,,double,0.80000000
yieldCurve,USDBMA,calibrationError,2024-02-15,BMA_SWAP/RATIO/USD/3M/8Y,,double,0.00000000
yieldCurve,USDBMA,forwardRate,2024-02-15,BMA_SWAP/RATIO/USD/3M/8Y,,double,0.01887692
yieldCurve,USDBMA,time,2025-02-13,BMA_SWAP/RATIO/USD/3M/9Y,,double,9.03013699
yieldCurve,USDBMA,zeroRate,2025-02-13,BMA_SWAP/RATIO/USD/3M/9Y,,double,0.01290654
yieldCurve,USDBMA,discountFactor,2025-02-13,BMA_SWAP/RATIO/USD/3M/9Y,,double,0.88998755
yieldCurve,USDBMA,mdQuote,2025-02-13,BMA_SWAP/RATIO/USD/3M/9Y,,double,0.80000000
yieldCurve,USDBMA,calibrationError,2025-02-13,BMA_SWAP/RATIO/USD/3M/9Y,,double,0.00000000
yieldCurve,USDBMA,forwardRate,2025-02-13,BMA_SWAP/RATIO/USD/3M/9Y,,double,0.01921879
yieldCurve,USDBMA,time,2026-02-12,BMA_SWAP/RATIO/USD/3M/10Y,,double,10.02739726
yieldCurve,USDBMA,zeroRate,2026-02-12,BMA_SWAP/RATIO/USD/3M/10Y,,double,0.01353401
yieldCurve,USDBMA,discountFactor,2026-02-12,BMA_SWAP/RATIO/USD/3M/10Y,,double,0.87309500
yieldCurve,USDBMA,mdQuote,2026-02-12,BMA_SWAP/RATIO/USD/3M/10Y,,double,0.80000000
yieldCurve,USDBMA,calibrationError,2026-02-12,BMA_SWAP/RATIO/USD/3M/10Y,,double,0.00000000
yieldCurve,USDBMA,forwardRate,2026-02-12,BMA_SWAP/RATIO/USD/3M/10Y,,double,0.01986376
yieldCurve,USDBMA,time,2028-02-10,BMA_SWAP/RATIO/USD/3M/12Y,,double,12.02191781
yieldCurve,USDBMA,zeroRate,2028-02-10,BMA_SWAP/RATIO/USD/3M/12Y,,double,0.01458362
yieldCurve,USDBMA,discountFactor,2028-02-10,BMA_SWAP/RATIO/USD/3M/12Y,,double,0.83918582
yieldCurve,USDBMA,mdQuote,2028-02-10,BMA_SWAP/RATIO/USD/3M/12Y,,double,0.80000000
yieldCurve,USDBMA,calibrationError,2028-02-10,BMA_SWAP/RATIO/USD/3M/12Y,,double,0.00000000
yieldCurve,USDBMA,forwardRate,2028-02-10,BMA_SWAP/RATIO/USD/3M/12Y,,double,0.02018896
yieldCurve,USDBMA,time,2031-02-13,BMA_SWAP/RATIO/USD/3M/15Y,,double,15.03287671
yieldCurve,USDBMA,zeroRate,2031-02-13,BMA_SWAP/RATIO/USD/3M/15Y,,double,0.01569461
yieldCurve,USDBMA,discountFactor,2031-02-13,BMA_SWAP/RATIO/USD/3M/15Y,,double,0.78983190
yieldCurve,USDBMA,mdQuote,2031-02-13,BMA_SWAP/RATIO/USD/3M/15Y,,double,0.80000000
yieldCurve,USDBMA,calibrationError,2031-02-13,BMA_SWAP/RATIO/USD/3M/15Y,,double,-0.00000000
yieldCurve,USDBMA,forwardRate,2031-02-13,BMA_SWAP/RATIO/USD/3M/15Y,,double,0.02042936
yieldCurve,USDBMA,time,2036-02-14,BMA_SWAP/RATIO/USD/3M/20Y,,double,20.03835616
yieldCurve,USDBMA,zeroRate,2036-02-14,BMA_SWAP/RATIO/USD/3M/20Y,,double,0.01687647
yieldCurve,USDBMA,discountFactor,2036-02-14,BMA_SWAP/RATIO/USD/3M/20Y,,double,0.71306928
yieldCurve,USDBMA,mdQuote,2036-02-14,BMA_SWAP/RATIO/USD/3M/20Y,,double,0.80000000
yieldCurve,USDBMA,calibrationError,2036-02-14,BMA_SWAP/RATIO/USD/3M/20Y,,double,0.00000000
yieldCurve,USDBMA,forwardRate,2036-02-14,BMA_SWAP/RATIO/USD/3M/20Y,,double,0.01965423
yieldCurve,USDBMA,time,2041-02-14,BMA_SWAP/RATIO/USD/3M/25Y,,double,25.04383562
yieldCurve,USDBMA,zeroRate,2041-02-14,BMA_SWAP/RATIO/USD/3M/25Y,,double,0.01742029
yieldCurve,USDBMA,discountFactor,2041-02-14,BMA_SWAP/RATIO/USD/3M/25Y,,double,0.64644255
yieldCurve,USDBMA,mdQuote,2041-02-14,BMA_SWAP/RATIO/USD/3M/25Y,,double,0.80000000
yieldCurve,USDBMA,calibrationError,2041-02-14,BMA_SWAP/RATIO/USD/3M/25Y,,double,-0.00000000
yieldCurve,USDBMA,forwardRate,2041-02-14,BMA_SWAP/RATIO/USD/3M/25Y,,double,0.01982702
yieldCurve,USDBMA,time,2046-02-15,BMA_SWAP/RATIO/USD/3M/30Y,,double,30.04931507
yieldCurve,USDBMA,zeroRate,2046-02-15,BMA_SWAP/RATIO/USD/3M/30Y,,double,0.01782066
yieldCurve,USDBMA,discountFactor,2046-02-15,BMA_SWAP/RATIO/USD/3M/30Y,,double,0.58537740
yieldCurve,USDBMA,mdQuote,2046-02-15,BMA_SWAP/RATIO/USD/3M/30Y,,double,0.80000000
yieldCurve,USDBMA,calibrationError,2046-02-15,BMA_SWAP/RATIO/USD/3M/30Y,,double,0.00000000
yieldCurve,USDBMA,forwardRate,2046-02-15,BMA_SWAP/RATIO/USD/3M/30Y,,double,0.01982702
fxVol,EURUSD,dayCounter,,,,string,Actual/365 (Fixed)
fxVol,EURUSD,calendar,,,,string,"JoinHolidays(TARGET, US settlement)"
fxVol,EURUSD,atmType,,,,string,AtmDeltaNeutral
fxVol,EURUSD,deltaType,,,,string,Spot
fxVol,EURUSD,longTermAtmType,,,,string,AtmDeltaNeutral
fxVol,EURUSD,longTermDeltaType,,,,string,Fwd
fxVol,EURUSD,switchTenor,,,,string,2Y
fxVol,EURUSD,riskReversalInFavorOf,,,,string,Call
fxVol,EURUSD,butterflyStyle,,,,string,Broker
fxVol,EURUSD,isArbitrageFree,,,,bool,true
irVol,SwaptionVolatility/EUR/EUR_SW_N,dayCounter,,,,string,Actual/365 (Fixed)
irVol,SwaptionVolatility/EUR/EUR_SW_N,calendar,,,,string,TARGET
irVol,SwaptionVolatility/EUR/EUR_SW_N,isArbitrageFree,,,,bool,true
irVol,SwaptionVolatility/EUR/EUR_SW_N,volatilityType,,,,string,Normal
irVol,SwaptionVolatility/GBP/GBP_SW_N,dayCounter,,,,string,Actual/365 (Fixed)
irVol,SwaptionVolatility/GBP/GBP_SW_N,calendar,,,,string,TARGET
irVol,SwaptionVolatility/GBP/GBP_SW_N,isArbitrageFree,,,,bool,true
irVol,SwaptionVolatility/GBP/GBP_SW_N,volatilityType,,,,string,ShiftedLognormal
irVol,SwaptionVolatility/USD/USD_SW_N,dayCounter,,,,string,Actual/365 (Fixed)
irVol,SwaptionVolatility/USD/USD_SW_N,calendar,,,,string,TARGET
irVol,SwaptionVolatility/USD/USD_SW_N,isArbitrageFree,,,,bool,true
irVol,SwaptionVolatility/USD/USD_SW_N,volatilityType,,,,string,ShiftedLognormal
